曲线,服务器,类型,序号,时间_s,距离_m,来源
蹭墙踩头,外服,实测,0,0.000000,0.000000,D:\Codex\video-editing\1920e8e0435cdd6f1df6beafb7e118be_timeaxis_final_3151-3387\_qa\timeaxis_ocr_values.csv
蹭墙踩头,外服,实测,1,0.016838,0.269000,D:\Codex\video-editing\1920e8e0435cdd6f1df6beafb7e118be_timeaxis_final_3151-3387\_qa\timeaxis_ocr_values.csv
蹭墙踩头,外服,实测,2,0.033675,0.269000,D:\Codex\video-editing\1920e8e0435cdd6f1df6beafb7e118be_timeaxis_final_3151-3387\_qa\timeaxis_ocr_values.csv
蹭墙踩头,外服,实测,3,0.050513,0.532000,D:\Codex\video-editing\1920e8e0435cdd6f1df6beafb7e118be_timeaxis_final_3151-3387\_qa\timeaxis_ocr_values.csv
蹭墙踩头,外服,实测,4,0.067350,0.532000,D:\Codex\video-editing\1920e8e0435cdd6f1df6beafb7e118be_timeaxis_final_3151-3387\_qa\timeaxis_ocr_values.csv
蹭墙踩头,外服,实测,5,0.084188,0.802000,D:\Codex\video-editing\1920e8e0435cdd6f1df6beafb7e118be_timeaxis_final_3151-3387\_qa\timeaxis_ocr_values.csv
蹭墙踩头,外服,实测,6,0.101025,0.802000,D:\Codex\video-editing\1920e8e0435cdd6f1df6beafb7e118be_timeaxis_final_3151-3387\_qa\timeaxis_ocr_values.csv
蹭墙踩头,外服,实测,7,0.117863,1.067000,D:\Codex\video-editing\1920e8e0435cdd6f1df6beafb7e118be_timeaxis_final_3151-3387\_qa\timeaxis_ocr_values.csv
蹭墙踩头,外服,实测,8,0.134701,1.333000,D:\Codex\video-editing\1920e8e0435cdd6f1df6beafb7e118be_timeaxis_final_3151-3387\_qa\timeaxis_ocr_values.csv
蹭墙踩头,外服,实测,9,0.151538,1.333000,D:\Codex\video-editing\1920e8e0435cdd6f1df6beafb7e118be_timeaxis_final_3151-3387\_qa\timeaxis_ocr_values.csv
蹭墙踩头,外服,实测,10,0.168376,1.609000,D:\Codex\video-editing\1920e8e0435cdd6f1df6beafb7e118be_timeaxis_final_3151-3387\_qa\timeaxis_ocr_values.csv
蹭墙踩头,外服,实测,11,0.185213,1.609000,D:\Codex\video-editing\1920e8e0435cdd6f1df6beafb7e118be_timeaxis_final_3151-3387\_qa\timeaxis_ocr_values.csv
蹭墙踩头,外服,实测,12,0.202051,1.888000,D:\Codex\video-editing\1920e8e0435cdd6f1df6beafb7e118be_timeaxis_final_3151-3387\_qa\timeaxis_ocr_values.csv
蹭墙踩头,外服,实测,13,0.218888,1.888000,D:\Codex\video-editing\1920e8e0435cdd6f1df6beafb7e118be_timeaxis_final_3151-3387\_qa\timeaxis_ocr_values.csv
蹭墙踩头,外服,实测,14,0.235726,3.024000,D:\Codex\video-editing\1920e8e0435cdd6f1df6beafb7e118be_timeaxis_final_3151-3387\_qa\timeaxis_ocr_values.csv
蹭墙踩头,外服,实测,15,0.252564,3.024000,D:\Codex\video-editing\1920e8e0435cdd6f1df6beafb7e118be_timeaxis_final_3151-3387\_qa\timeaxis_ocr_values.csv
蹭墙踩头,外服,实测,16,0.269401,2.440000,D:\Codex\video-editing\1920e8e0435cdd6f1df6beafb7e118be_timeaxis_final_3151-3387\_qa\timeaxis_ocr_values.csv
蹭墙踩头,外服,实测,17,0.286239,2.440000,D:\Codex\video-editing\1920e8e0435cdd6f1df6beafb7e118be_timeaxis_final_3151-3387\_qa\timeaxis_ocr_values.csv
蹭墙踩头,外服,实测,18,0.303076,2.723000,D:\Codex\video-editing\1920e8e0435cdd6f1df6beafb7e118be_timeaxis_final_3151-3387\_qa\timeaxis_ocr_values.csv
蹭墙踩头,外服,实测,19,0.319914,2.723000,D:\Codex\video-editing\1920e8e0435cdd6f1df6beafb7e118be_timeaxis_final_3151-3387\_qa\timeaxis_ocr_values.csv
蹭墙踩头,外服,实测,20,0.336751,3.007000,D:\Codex\video-editing\1920e8e0435cdd6f1df6beafb7e118be_timeaxis_final_3151-3387\_qa\timeaxis_ocr_values.csv
蹭墙踩头,外服,实测,21,0.353589,3.007000,D:\Codex\video-editing\1920e8e0435cdd6f1df6beafb7e118be_timeaxis_final_3151-3387\_qa\timeaxis_ocr_values.csv
蹭墙踩头,外服,实测,22,0.370426,3.292000,D:\Codex\video-editing\1920e8e0435cdd6f1df6beafb7e118be_timeaxis_final_3151-3387\_qa\timeaxis_ocr_values.csv
蹭墙踩头,外服,实测,23,0.387264,3.292000,D:\Codex\video-editing\1920e8e0435cdd6f1df6beafb7e118be_timeaxis_final_3151-3387\_qa\timeaxis_ocr_values.csv
蹭墙踩头,外服,实测,24,0.404102,3.292000,D:\Codex\video-editing\1920e8e0435cdd6f1df6beafb7e118be_timeaxis_final_3151-3387\_qa\timeaxis_ocr_values.csv
蹭墙踩头,外服,实测,25,0.420939,3.292000,D:\Codex\video-editing\1920e8e0435cdd6f1df6beafb7e118be_timeaxis_final_3151-3387\_qa\timeaxis_ocr_values.csv
蹭墙踩头,外服,实测,26,0.437777,3.576000,D:\Codex\video-editing\1920e8e0435cdd6f1df6beafb7e118be_timeaxis_final_3151-3387\_qa\timeaxis_ocr_values.csv
蹭墙踩头,外服,实测,27,0.454614,3.576000,D:\Codex\video-editing\1920e8e0435cdd6f1df6beafb7e118be_timeaxis_final_3151-3387\_qa\timeaxis_ocr_values.csv
蹭墙踩头,外服,实测,28,0.471452,3.852000,D:\Codex\video-editing\1920e8e0435cdd6f1df6beafb7e118be_timeaxis_final_3151-3387\_qa\timeaxis_ocr_values.csv
蹭墙踩头,外服,实测,29,0.488289,3.852000,D:\Codex\video-editing\1920e8e0435cdd6f1df6beafb7e118be_timeaxis_final_3151-3387\_qa\timeaxis_ocr_values.csv
蹭墙踩头,外服,实测,30,0.505127,4.794000,D:\Codex\video-editing\1920e8e0435cdd6f1df6beafb7e118be_timeaxis_final_3151-3387\_qa\timeaxis_ocr_values.csv
蹭墙踩头,外服,实测,31,0.521965,4.794000,D:\Codex\video-editing\1920e8e0435cdd6f1df6beafb7e118be_timeaxis_final_3151-3387\_qa\timeaxis_ocr_values.csv
蹭墙踩头,外服,实测,32,0.538802,4.426000,D:\Codex\video-editing\1920e8e0435cdd6f1df6beafb7e118be_timeaxis_final_3151-3387\_qa\timeaxis_ocr_values.csv
蹭墙踩头,外服,实测,33,0.555640,4.426000,D:\Codex\video-editing\1920e8e0435cdd6f1df6beafb7e118be_timeaxis_final_3151-3387\_qa\timeaxis_ocr_values.csv
蹭墙踩头,外服,实测,34,0.572477,4.716000,D:\Codex\video-editing\1920e8e0435cdd6f1df6beafb7e118be_timeaxis_final_3151-3387\_qa\timeaxis_ocr_values.csv
蹭墙踩头,外服,实测,35,0.589315,4.716000,D:\Codex\video-editing\1920e8e0435cdd6f1df6beafb7e118be_timeaxis_final_3151-3387\_qa\timeaxis_ocr_values.csv
蹭墙踩头,外服,实测,36,0.606152,5.006000,D:\Codex\video-editing\1920e8e0435cdd6f1df6beafb7e118be_timeaxis_final_3151-3387\_qa\timeaxis_ocr_values.csv
蹭墙踩头,外服,实测,37,0.622990,5.006000,D:\Codex\video-editing\1920e8e0435cdd6f1df6beafb7e118be_timeaxis_final_3151-3387\_qa\timeaxis_ocr_values.csv
蹭墙踩头,外服,实测,38,0.639828,5.296000,D:\Codex\video-editing\1920e8e0435cdd6f1df6beafb7e118be_timeaxis_final_3151-3387\_qa\timeaxis_ocr_values.csv
蹭墙踩头,外服,实测,39,0.656665,5.296000,D:\Codex\video-editing\1920e8e0435cdd6f1df6beafb7e118be_timeaxis_final_3151-3387\_qa\timeaxis_ocr_values.csv
蹭墙踩头,外服,实测,40,0.673503,5.583000,D:\Codex\video-editing\1920e8e0435cdd6f1df6beafb7e118be_timeaxis_final_3151-3387\_qa\timeaxis_ocr_values.csv
蹭墙踩头,外服,实测,41,0.690340,5.583000,D:\Codex\video-editing\1920e8e0435cdd6f1df6beafb7e118be_timeaxis_final_3151-3387\_qa\timeaxis_ocr_values.csv
蹭墙踩头,外服,实测,42,0.707178,5.870000,D:\Codex\video-editing\1920e8e0435cdd6f1df6beafb7e118be_timeaxis_final_3151-3387\_qa\timeaxis_ocr_values.csv
蹭墙踩头,外服,实测,43,0.724015,5.870000,D:\Codex\video-editing\1920e8e0435cdd6f1df6beafb7e118be_timeaxis_final_3151-3387\_qa\timeaxis_ocr_values.csv
蹭墙踩头,外服,实测,44,0.740853,6.159000,D:\Codex\video-editing\1920e8e0435cdd6f1df6beafb7e118be_timeaxis_final_3151-3387\_qa\timeaxis_ocr_values.csv
蹭墙踩头,外服,实测,45,0.757691,6.159000,D:\Codex\video-editing\1920e8e0435cdd6f1df6beafb7e118be_timeaxis_final_3151-3387\_qa\timeaxis_ocr_values.csv
蹭墙踩头,外服,实测,46,0.774528,6.459000,D:\Codex\video-editing\1920e8e0435cdd6f1df6beafb7e118be_timeaxis_final_3151-3387\_qa\timeaxis_ocr_values.csv
蹭墙踩头,外服,实测,47,0.791366,6.459000,D:\Codex\video-editing\1920e8e0435cdd6f1df6beafb7e118be_timeaxis_final_3151-3387\_qa\timeaxis_ocr_values.csv
蹭墙踩头,外服,实测,48,0.808203,6.760000,D:\Codex\video-editing\1920e8e0435cdd6f1df6beafb7e118be_timeaxis_final_3151-3387\_qa\timeaxis_ocr_values.csv
蹭墙踩头,外服,实测,49,0.825041,7.060000,D:\Codex\video-editing\1920e8e0435cdd6f1df6beafb7e118be_timeaxis_final_3151-3387\_qa\timeaxis_ocr_values.csv
蹭墙踩头,外服,实测,50,0.841878,7.060000,D:\Codex\video-editing\1920e8e0435cdd6f1df6beafb7e118be_timeaxis_final_3151-3387\_qa\timeaxis_ocr_values.csv
蹭墙踩头,外服,实测,51,0.858716,7.359000,D:\Codex\video-editing\1920e8e0435cdd6f1df6beafb7e118be_timeaxis_final_3151-3387\_qa\timeaxis_ocr_values.csv
蹭墙踩头,外服,实测,52,0.875554,7.359000,D:\Codex\video-editing\1920e8e0435cdd6f1df6beafb7e118be_timeaxis_final_3151-3387\_qa\timeaxis_ocr_values.csv
蹭墙踩头,外服,实测,53,0.892391,7.664000,D:\Codex\video-editing\1920e8e0435cdd6f1df6beafb7e118be_timeaxis_final_3151-3387\_qa\timeaxis_ocr_values.csv
蹭墙踩头,外服,实测,54,0.909229,7.664000,D:\Codex\video-editing\1920e8e0435cdd6f1df6beafb7e118be_timeaxis_final_3151-3387\_qa\timeaxis_ocr_values.csv
蹭墙踩头,外服,实测,55,0.926066,7.968000,D:\Codex\video-editing\1920e8e0435cdd6f1df6beafb7e118be_timeaxis_final_3151-3387\_qa\timeaxis_ocr_values.csv
蹭墙踩头,外服,实测,56,0.942904,7.968000,D:\Codex\video-editing\1920e8e0435cdd6f1df6beafb7e118be_timeaxis_final_3151-3387\_qa\timeaxis_ocr_values.csv
蹭墙踩头,外服,实测,57,0.959741,8.277000,D:\Codex\video-editing\1920e8e0435cdd6f1df6beafb7e118be_timeaxis_final_3151-3387\_qa\timeaxis_ocr_values.csv
蹭墙踩头,外服,实测,58,0.976579,8.277000,D:\Codex\video-editing\1920e8e0435cdd6f1df6beafb7e118be_timeaxis_final_3151-3387\_qa\timeaxis_ocr_values.csv
蹭墙踩头,外服,实测,59,0.993417,8.583000,D:\Codex\video-editing\1920e8e0435cdd6f1df6beafb7e118be_timeaxis_final_3151-3387\_qa\timeaxis_ocr_values.csv
蹭墙踩头,外服,实测,60,1.010254,8.583000,D:\Codex\video-editing\1920e8e0435cdd6f1df6beafb7e118be_timeaxis_final_3151-3387\_qa\timeaxis_ocr_values.csv
蹭墙踩头,外服,实测,61,1.027092,8.894000,D:\Codex\video-editing\1920e8e0435cdd6f1df6beafb7e118be_timeaxis_final_3151-3387\_qa\timeaxis_ocr_values.csv
蹭墙踩头,外服,实测,62,1.043929,8.894000,D:\Codex\video-editing\1920e8e0435cdd6f1df6beafb7e118be_timeaxis_final_3151-3387\_qa\timeaxis_ocr_values.csv
蹭墙踩头,外服,实测,63,1.060767,8.894000,D:\Codex\video-editing\1920e8e0435cdd6f1df6beafb7e118be_timeaxis_final_3151-3387\_qa\timeaxis_ocr_values.csv
蹭墙踩头,外服,实测,64,1.077604,8.894000,D:\Codex\video-editing\1920e8e0435cdd6f1df6beafb7e118be_timeaxis_final_3151-3387\_qa\timeaxis_ocr_values.csv
蹭墙踩头,外服,实测,65,1.094442,8.894000,D:\Codex\video-editing\1920e8e0435cdd6f1df6beafb7e118be_timeaxis_final_3151-3387\_qa\timeaxis_ocr_values.csv
蹭墙踩头,外服,实测,66,1.111279,8.894000,D:\Codex\video-editing\1920e8e0435cdd6f1df6beafb7e118be_timeaxis_final_3151-3387\_qa\timeaxis_ocr_values.csv
蹭墙踩头,外服,实测,67,1.128117,8.894000,D:\Codex\video-editing\1920e8e0435cdd6f1df6beafb7e118be_timeaxis_final_3151-3387\_qa\timeaxis_ocr_values.csv
蹭墙踩头,外服,实测,68,1.144955,9.210000,D:\Codex\video-editing\1920e8e0435cdd6f1df6beafb7e118be_timeaxis_final_3151-3387\_qa\timeaxis_ocr_values.csv
蹭墙踩头,外服,实测,69,1.161792,11.044000,D:\Codex\video-editing\1920e8e0435cdd6f1df6beafb7e118be_timeaxis_final_3151-3387\_qa\timeaxis_ocr_values.csv
蹭墙踩头,外服,实测,70,1.178630,11.044000,D:\Codex\video-editing\1920e8e0435cdd6f1df6beafb7e118be_timeaxis_final_3151-3387\_qa\timeaxis_ocr_values.csv
蹭墙踩头,外服,实测,71,1.195467,10.487000,D:\Codex\video-editing\1920e8e0435cdd6f1df6beafb7e118be_timeaxis_final_3151-3387\_qa\timeaxis_ocr_values.csv
蹭墙踩头,外服,实测,72,1.212305,10.487000,D:\Codex\video-editing\1920e8e0435cdd6f1df6beafb7e118be_timeaxis_final_3151-3387\_qa\timeaxis_ocr_values.csv
蹭墙踩头,外服,实测,73,1.229142,10.809000,D:\Codex\video-editing\1920e8e0435cdd6f1df6beafb7e118be_timeaxis_final_3151-3387\_qa\timeaxis_ocr_values.csv
蹭墙踩头,外服,实测,74,1.245980,10.809000,D:\Codex\video-editing\1920e8e0435cdd6f1df6beafb7e118be_timeaxis_final_3151-3387\_qa\timeaxis_ocr_values.csv
蹭墙踩头,外服,实测,75,1.262818,11.764000,D:\Codex\video-editing\1920e8e0435cdd6f1df6beafb7e118be_timeaxis_final_3151-3387\_qa\timeaxis_ocr_values.csv
蹭墙踩头,外服,实测,76,1.279655,11.764000,D:\Codex\video-editing\1920e8e0435cdd6f1df6beafb7e118be_timeaxis_final_3151-3387\_qa\timeaxis_ocr_values.csv
蹭墙踩头,外服,实测,77,1.296493,11.467000,D:\Codex\video-editing\1920e8e0435cdd6f1df6beafb7e118be_timeaxis_final_3151-3387\_qa\timeaxis_ocr_values.csv
蹭墙踩头,外服,实测,78,1.313330,11.467000,D:\Codex\video-editing\1920e8e0435cdd6f1df6beafb7e118be_timeaxis_final_3151-3387\_qa\timeaxis_ocr_values.csv
蹭墙踩头,外服,实测,79,1.330168,11.467000,D:\Codex\video-editing\1920e8e0435cdd6f1df6beafb7e118be_timeaxis_final_3151-3387\_qa\timeaxis_ocr_values.csv
蹭墙踩头,外服,实测,80,1.347005,11.812000,D:\Codex\video-editing\1920e8e0435cdd6f1df6beafb7e118be_timeaxis_final_3151-3387\_qa\timeaxis_ocr_values.csv
蹭墙踩头,外服,实测,81,1.363843,12.174000,D:\Codex\video-editing\1920e8e0435cdd6f1df6beafb7e118be_timeaxis_final_3151-3387\_qa\timeaxis_ocr_values.csv
蹭墙踩头,外服,实测,82,1.380681,12.174000,D:\Codex\video-editing\1920e8e0435cdd6f1df6beafb7e118be_timeaxis_final_3151-3387\_qa\timeaxis_ocr_values.csv
蹭墙踩头,外服,实测,83,1.397518,12.174000,D:\Codex\video-editing\1920e8e0435cdd6f1df6beafb7e118be_timeaxis_final_3151-3387\_qa\timeaxis_ocr_values.csv
蹭墙踩头,外服,实测,84,1.414356,12.557000,D:\Codex\video-editing\1920e8e0435cdd6f1df6beafb7e118be_timeaxis_final_3151-3387\_qa\timeaxis_ocr_values.csv
蹭墙踩头,外服,实测,85,1.431193,12.952000,D:\Codex\video-editing\1920e8e0435cdd6f1df6beafb7e118be_timeaxis_final_3151-3387\_qa\timeaxis_ocr_values.csv
蹭墙踩头,外服,实测,86,1.448031,12.952000,D:\Codex\video-editing\1920e8e0435cdd6f1df6beafb7e118be_timeaxis_final_3151-3387\_qa\timeaxis_ocr_values.csv
蹭墙踩头,外服,实测,87,1.464868,13.368000,D:\Codex\video-editing\1920e8e0435cdd6f1df6beafb7e118be_timeaxis_final_3151-3387\_qa\timeaxis_ocr_values.csv
蹭墙踩头,外服,实测,88,1.481706,13.800000,D:\Codex\video-editing\1920e8e0435cdd6f1df6beafb7e118be_timeaxis_final_3151-3387\_qa\timeaxis_ocr_values.csv
蹭墙踩头,外服,实测,89,1.498544,13.800000,D:\Codex\video-editing\1920e8e0435cdd6f1df6beafb7e118be_timeaxis_final_3151-3387\_qa\timeaxis_ocr_values.csv
蹭墙踩头,外服,实测,90,1.515381,13.800000,D:\Codex\video-editing\1920e8e0435cdd6f1df6beafb7e118be_timeaxis_final_3151-3387\_qa\timeaxis_ocr_values.csv
蹭墙踩头,外服,实测,91,1.532219,14.486000,D:\Codex\video-editing\1920e8e0435cdd6f1df6beafb7e118be_timeaxis_final_3151-3387\_qa\timeaxis_ocr_values.csv
蹭墙踩头,外服,实测,92,1.549056,14.486000,D:\Codex\video-editing\1920e8e0435cdd6f1df6beafb7e118be_timeaxis_final_3151-3387\_qa\timeaxis_ocr_values.csv
蹭墙踩头,外服,实测,93,1.565894,15.165000,D:\Codex\video-editing\1920e8e0435cdd6f1df6beafb7e118be_timeaxis_final_3151-3387\_qa\timeaxis_ocr_values.csv
蹭墙踩头,外服,实测,94,1.582731,15.165000,D:\Codex\video-editing\1920e8e0435cdd6f1df6beafb7e118be_timeaxis_final_3151-3387\_qa\timeaxis_ocr_values.csv
蹭墙踩头,外服,实测,95,1.599569,15.888000,D:\Codex\video-editing\1920e8e0435cdd6f1df6beafb7e118be_timeaxis_final_3151-3387\_qa\timeaxis_ocr_values.csv
蹭墙踩头,外服,实测,96,1.616407,15.888000,D:\Codex\video-editing\1920e8e0435cdd6f1df6beafb7e118be_timeaxis_final_3151-3387\_qa\timeaxis_ocr_values.csv
蹭墙踩头,外服,实测,97,1.633244,15.888000,D:\Codex\video-editing\1920e8e0435cdd6f1df6beafb7e118be_timeaxis_final_3151-3387\_qa\timeaxis_ocr_values.csv
蹭墙踩头,外服,实测,98,1.650082,15.888000,D:\Codex\video-editing\1920e8e0435cdd6f1df6beafb7e118be_timeaxis_final_3151-3387\_qa\timeaxis_ocr_values.csv
蹭墙踩头,外服,实测,99,1.666919,15.888000,D:\Codex\video-editing\1920e8e0435cdd6f1df6beafb7e118be_timeaxis_final_3151-3387\_qa\timeaxis_ocr_values.csv
蹭墙踩头,外服,实测,100,1.683757,17.240000,D:\Codex\video-editing\1920e8e0435cdd6f1df6beafb7e118be_timeaxis_final_3151-3387\_qa\timeaxis_ocr_values.csv
蹭墙踩头,外服,实测,101,1.700594,17.976000,D:\Codex\video-editing\1920e8e0435cdd6f1df6beafb7e118be_timeaxis_final_3151-3387\_qa\timeaxis_ocr_values.csv
蹭墙踩头,外服,实测,102,1.717432,17.976000,D:\Codex\video-editing\1920e8e0435cdd6f1df6beafb7e118be_timeaxis_final_3151-3387\_qa\timeaxis_ocr_values.csv
蹭墙踩头,外服,实测,103,1.734270,17.976000,D:\Codex\video-editing\1920e8e0435cdd6f1df6beafb7e118be_timeaxis_final_3151-3387\_qa\timeaxis_ocr_values.csv
蹭墙踩头,外服,实测,104,1.751107,19.485000,D:\Codex\video-editing\1920e8e0435cdd6f1df6beafb7e118be_timeaxis_final_3151-3387\_qa\timeaxis_ocr_values.csv
蹭墙踩头,外服,实测,105,1.767945,19.485000,D:\Codex\video-editing\1920e8e0435cdd6f1df6beafb7e118be_timeaxis_final_3151-3387\_qa\timeaxis_ocr_values.csv
蹭墙踩头,外服,实测,106,1.784782,20.257000,D:\Codex\video-editing\1920e8e0435cdd6f1df6beafb7e118be_timeaxis_final_3151-3387\_qa\timeaxis_ocr_values.csv
蹭墙踩头,外服,实测,107,1.801620,20.257000,D:\Codex\video-editing\1920e8e0435cdd6f1df6beafb7e118be_timeaxis_final_3151-3387\_qa\timeaxis_ocr_values.csv
蹭墙踩头,外服,实测,108,1.818457,20.257000,D:\Codex\video-editing\1920e8e0435cdd6f1df6beafb7e118be_timeaxis_final_3151-3387\_qa\timeaxis_ocr_values.csv
蹭墙踩头,外服,实测,109,1.835295,21.039000,D:\Codex\video-editing\1920e8e0435cdd6f1df6beafb7e118be_timeaxis_final_3151-3387\_qa\timeaxis_ocr_values.csv
蹭墙踩头,外服,实测,110,1.852132,21.831000,D:\Codex\video-editing\1920e8e0435cdd6f1df6beafb7e118be_timeaxis_final_3151-3387\_qa\timeaxis_ocr_values.csv
蹭墙踩头,外服,实测,111,1.868970,21.831000,D:\Codex\video-editing\1920e8e0435cdd6f1df6beafb7e118be_timeaxis_final_3151-3387\_qa\timeaxis_ocr_values.csv
蹭墙踩头,外服,实测,112,1.885808,21.831000,D:\Codex\video-editing\1920e8e0435cdd6f1df6beafb7e118be_timeaxis_final_3151-3387\_qa\timeaxis_ocr_values.csv
蹭墙踩头,外服,实测,113,1.902645,21.831000,D:\Codex\video-editing\1920e8e0435cdd6f1df6beafb7e118be_timeaxis_final_3151-3387\_qa\timeaxis_ocr_values.csv
蹭墙踩头,外服,实测,114,1.919483,21.831000,D:\Codex\video-editing\1920e8e0435cdd6f1df6beafb7e118be_timeaxis_final_3151-3387\_qa\timeaxis_ocr_values.csv
蹭墙踩头,外服,实测,115,1.936320,22.631000,D:\Codex\video-editing\1920e8e0435cdd6f1df6beafb7e118be_timeaxis_final_3151-3387\_qa\timeaxis_ocr_values.csv
蹭墙踩头,外服,实测,116,1.953158,24.222000,D:\Codex\video-editing\1920e8e0435cdd6f1df6beafb7e118be_timeaxis_final_3151-3387\_qa\timeaxis_ocr_values.csv
蹭墙踩头,外服,实测,117,1.969995,24.222000,D:\Codex\video-editing\1920e8e0435cdd6f1df6beafb7e118be_timeaxis_final_3151-3387\_qa\timeaxis_ocr_values.csv
蹭墙踩头,外服,实测,118,1.986833,24.222000,D:\Codex\video-editing\1920e8e0435cdd6f1df6beafb7e118be_timeaxis_final_3151-3387\_qa\timeaxis_ocr_values.csv
蹭墙踩头,外服,实测,119,2.003671,25.006000,D:\Codex\video-editing\1920e8e0435cdd6f1df6beafb7e118be_timeaxis_final_3151-3387\_qa\timeaxis_ocr_values.csv
蹭墙踩头,外服,实测,120,2.020508,25.006000,D:\Codex\video-editing\1920e8e0435cdd6f1df6beafb7e118be_timeaxis_final_3151-3387\_qa\timeaxis_ocr_values.csv
蹭墙踩头,外服,实测,121,2.037346,25.006000,D:\Codex\video-editing\1920e8e0435cdd6f1df6beafb7e118be_timeaxis_final_3151-3387\_qa\timeaxis_ocr_values.csv
蹭墙踩头,外服,实测,122,2.054183,25.782000,D:\Codex\video-editing\1920e8e0435cdd6f1df6beafb7e118be_timeaxis_final_3151-3387\_qa\timeaxis_ocr_values.csv
蹭墙踩头,外服,实测,123,2.071021,26.551000,D:\Codex\video-editing\1920e8e0435cdd6f1df6beafb7e118be_timeaxis_final_3151-3387\_qa\timeaxis_ocr_values.csv
蹭墙踩头,外服,实测,124,2.087858,27.313000,D:\Codex\video-editing\1920e8e0435cdd6f1df6beafb7e118be_timeaxis_final_3151-3387\_qa\timeaxis_ocr_values.csv
蹭墙踩头,外服,实测,125,2.104696,27.313000,D:\Codex\video-editing\1920e8e0435cdd6f1df6beafb7e118be_timeaxis_final_3151-3387\_qa\timeaxis_ocr_values.csv
蹭墙踩头,外服,实测,126,2.121534,27.313000,D:\Codex\video-editing\1920e8e0435cdd6f1df6beafb7e118be_timeaxis_final_3151-3387\_qa\timeaxis_ocr_values.csv
蹭墙踩头,外服,实测,127,2.138371,28.264000,D:\Codex\video-editing\1920e8e0435cdd6f1df6beafb7e118be_timeaxis_final_3151-3387\_qa\timeaxis_ocr_values.csv
蹭墙踩头,外服,实测,128,2.155209,28.811000,D:\Codex\video-editing\1920e8e0435cdd6f1df6beafb7e118be_timeaxis_final_3151-3387\_qa\timeaxis_ocr_values.csv
蹭墙踩头,外服,实测,129,2.172046,28.811000,D:\Codex\video-editing\1920e8e0435cdd6f1df6beafb7e118be_timeaxis_final_3151-3387\_qa\timeaxis_ocr_values.csv
蹭墙踩头,外服,实测,130,2.188884,29.516000,D:\Codex\video-editing\1920e8e0435cdd6f1df6beafb7e118be_timeaxis_final_3151-3387\_qa\timeaxis_ocr_values.csv
蹭墙踩头,外服,实测,131,2.205721,29.516000,D:\Codex\video-editing\1920e8e0435cdd6f1df6beafb7e118be_timeaxis_final_3151-3387\_qa\timeaxis_ocr_values.csv
蹭墙踩头,外服,实测,132,2.222559,29.516000,D:\Codex\video-editing\1920e8e0435cdd6f1df6beafb7e118be_timeaxis_final_3151-3387\_qa\timeaxis_ocr_values.csv
蹭墙踩头,外服,实测,133,2.239397,30.217000,D:\Codex\video-editing\1920e8e0435cdd6f1df6beafb7e118be_timeaxis_final_3151-3387\_qa\timeaxis_ocr_values.csv
蹭墙踩头,外服,实测,134,2.256234,30.913000,D:\Codex\video-editing\1920e8e0435cdd6f1df6beafb7e118be_timeaxis_final_3151-3387\_qa\timeaxis_ocr_values.csv
蹭墙踩头,外服,实测,135,2.273072,30.913000,D:\Codex\video-editing\1920e8e0435cdd6f1df6beafb7e118be_timeaxis_final_3151-3387\_qa\timeaxis_ocr_values.csv
蹭墙踩头,外服,实测,136,2.289909,30.913000,D:\Codex\video-editing\1920e8e0435cdd6f1df6beafb7e118be_timeaxis_final_3151-3387\_qa\timeaxis_ocr_values.csv
蹭墙踩头,外服,实测,137,2.306747,31.606000,D:\Codex\video-editing\1920e8e0435cdd6f1df6beafb7e118be_timeaxis_final_3151-3387\_qa\timeaxis_ocr_values.csv
蹭墙踩头,外服,实测,138,2.323584,32.293000,D:\Codex\video-editing\1920e8e0435cdd6f1df6beafb7e118be_timeaxis_final_3151-3387\_qa\timeaxis_ocr_values.csv
蹭墙踩头,外服,实测,139,2.340422,32.293000,D:\Codex\video-editing\1920e8e0435cdd6f1df6beafb7e118be_timeaxis_final_3151-3387\_qa\timeaxis_ocr_values.csv
蹭墙踩头,外服,实测,140,2.357260,32.293000,D:\Codex\video-editing\1920e8e0435cdd6f1df6beafb7e118be_timeaxis_final_3151-3387\_qa\timeaxis_ocr_values.csv
蹭墙踩头,外服,实测,141,2.374097,32.293000,D:\Codex\video-editing\1920e8e0435cdd6f1df6beafb7e118be_timeaxis_final_3151-3387\_qa\timeaxis_ocr_values.csv
蹭墙踩头,外服,实测,142,2.390935,32.293000,D:\Codex\video-editing\1920e8e0435cdd6f1df6beafb7e118be_timeaxis_final_3151-3387\_qa\timeaxis_ocr_values.csv
蹭墙踩头,外服,实测,143,2.407772,32.977000,D:\Codex\video-editing\1920e8e0435cdd6f1df6beafb7e118be_timeaxis_final_3151-3387\_qa\timeaxis_ocr_values.csv
蹭墙踩头,外服,实测,144,2.424610,34.330000,D:\Codex\video-editing\1920e8e0435cdd6f1df6beafb7e118be_timeaxis_final_3151-3387\_qa\timeaxis_ocr_values.csv
蹭墙踩头,外服,实测,145,2.441447,34.330000,D:\Codex\video-editing\1920e8e0435cdd6f1df6beafb7e118be_timeaxis_final_3151-3387\_qa\timeaxis_ocr_values.csv
蹭墙踩头,外服,实测,146,2.458285,35.000000,D:\Codex\video-editing\1920e8e0435cdd6f1df6beafb7e118be_timeaxis_final_3151-3387\_qa\timeaxis_ocr_values.csv
蹭墙踩头,外服,实测,147,2.475122,35.666000,D:\Codex\video-editing\1920e8e0435cdd6f1df6beafb7e118be_timeaxis_final_3151-3387\_qa\timeaxis_ocr_values.csv
蹭墙踩头,外服,实测,148,2.491960,35.666000,D:\Codex\video-editing\1920e8e0435cdd6f1df6beafb7e118be_timeaxis_final_3151-3387\_qa\timeaxis_ocr_values.csv
蹭墙踩头,外服,实测,149,2.508798,36.328000,D:\Codex\video-editing\1920e8e0435cdd6f1df6beafb7e118be_timeaxis_final_3151-3387\_qa\timeaxis_ocr_values.csv
蹭墙踩头,外服,实测,150,2.525635,36.328000,D:\Codex\video-editing\1920e8e0435cdd6f1df6beafb7e118be_timeaxis_final_3151-3387\_qa\timeaxis_ocr_values.csv
蹭墙踩头,外服,实测,151,2.542473,36.328000,D:\Codex\video-editing\1920e8e0435cdd6f1df6beafb7e118be_timeaxis_final_3151-3387\_qa\timeaxis_ocr_values.csv
蹭墙踩头,外服,实测,152,2.559310,36.985000,D:\Codex\video-editing\1920e8e0435cdd6f1df6beafb7e118be_timeaxis_final_3151-3387\_qa\timeaxis_ocr_values.csv
蹭墙踩头,外服,实测,153,2.576148,37.637000,D:\Codex\video-editing\1920e8e0435cdd6f1df6beafb7e118be_timeaxis_final_3151-3387\_qa\timeaxis_ocr_values.csv
蹭墙踩头,外服,实测,154,2.592985,37.637000,D:\Codex\video-editing\1920e8e0435cdd6f1df6beafb7e118be_timeaxis_final_3151-3387\_qa\timeaxis_ocr_values.csv
蹭墙踩头,外服,实测,155,2.609823,38.286000,D:\Codex\video-editing\1920e8e0435cdd6f1df6beafb7e118be_timeaxis_final_3151-3387\_qa\timeaxis_ocr_values.csv
蹭墙踩头,外服,实测,156,2.626661,38.286000,D:\Codex\video-editing\1920e8e0435cdd6f1df6beafb7e118be_timeaxis_final_3151-3387\_qa\timeaxis_ocr_values.csv
蹭墙踩头,外服,实测,157,2.643498,38.930000,D:\Codex\video-editing\1920e8e0435cdd6f1df6beafb7e118be_timeaxis_final_3151-3387\_qa\timeaxis_ocr_values.csv
蹭墙踩头,外服,实测,158,2.660336,38.930000,D:\Codex\video-editing\1920e8e0435cdd6f1df6beafb7e118be_timeaxis_final_3151-3387\_qa\timeaxis_ocr_values.csv
蹭墙踩头,外服,实测,159,2.677173,39.569000,D:\Codex\video-editing\1920e8e0435cdd6f1df6beafb7e118be_timeaxis_final_3151-3387\_qa\timeaxis_ocr_values.csv
蹭墙踩头,外服,实测,160,2.694011,39.569000,D:\Codex\video-editing\1920e8e0435cdd6f1df6beafb7e118be_timeaxis_final_3151-3387\_qa\timeaxis_ocr_values.csv
蹭墙踩头,外服,实测,161,2.710848,40.205000,D:\Codex\video-editing\1920e8e0435cdd6f1df6beafb7e118be_timeaxis_final_3151-3387\_qa\timeaxis_ocr_values.csv
蹭墙踩头,外服,实测,162,2.727686,40.205000,D:\Codex\video-editing\1920e8e0435cdd6f1df6beafb7e118be_timeaxis_final_3151-3387\_qa\timeaxis_ocr_values.csv
蹭墙踩头,外服,实测,163,2.744524,40.205000,D:\Codex\video-editing\1920e8e0435cdd6f1df6beafb7e118be_timeaxis_final_3151-3387\_qa\timeaxis_ocr_values.csv
蹭墙踩头,外服,实测,164,2.761361,40.835000,D:\Codex\video-editing\1920e8e0435cdd6f1df6beafb7e118be_timeaxis_final_3151-3387\_qa\timeaxis_ocr_values.csv
蹭墙踩头,外服,实测,165,2.778199,41.462000,D:\Codex\video-editing\1920e8e0435cdd6f1df6beafb7e118be_timeaxis_final_3151-3387\_qa\timeaxis_ocr_values.csv
蹭墙踩头,外服,实测,166,2.795036,41.462000,D:\Codex\video-editing\1920e8e0435cdd6f1df6beafb7e118be_timeaxis_final_3151-3387\_qa\timeaxis_ocr_values.csv
蹭墙踩头,外服,实测,167,2.811874,42.084000,D:\Codex\video-editing\1920e8e0435cdd6f1df6beafb7e118be_timeaxis_final_3151-3387\_qa\timeaxis_ocr_values.csv
蹭墙踩头,外服,实测,168,2.828711,42.084000,D:\Codex\video-editing\1920e8e0435cdd6f1df6beafb7e118be_timeaxis_final_3151-3387\_qa\timeaxis_ocr_values.csv
蹭墙踩头,外服,实测,169,2.845549,42.702000,D:\Codex\video-editing\1920e8e0435cdd6f1df6beafb7e118be_timeaxis_final_3151-3387\_qa\timeaxis_ocr_values.csv
蹭墙踩头,外服,实测,170,2.862387,42.702000,D:\Codex\video-editing\1920e8e0435cdd6f1df6beafb7e118be_timeaxis_final_3151-3387\_qa\timeaxis_ocr_values.csv
蹭墙踩头,外服,实测,171,2.879224,43.315000,D:\Codex\video-editing\1920e8e0435cdd6f1df6beafb7e118be_timeaxis_final_3151-3387\_qa\timeaxis_ocr_values.csv
蹭墙踩头,外服,实测,172,2.896062,43.315000,D:\Codex\video-editing\1920e8e0435cdd6f1df6beafb7e118be_timeaxis_final_3151-3387\_qa\timeaxis_ocr_values.csv
蹭墙踩头,外服,实测,173,2.912899,43.924000,D:\Codex\video-editing\1920e8e0435cdd6f1df6beafb7e118be_timeaxis_final_3151-3387\_qa\timeaxis_ocr_values.csv
蹭墙踩头,外服,实测,174,2.929737,43.924000,D:\Codex\video-editing\1920e8e0435cdd6f1df6beafb7e118be_timeaxis_final_3151-3387\_qa\timeaxis_ocr_values.csv
蹭墙踩头,外服,实测,175,2.946574,44.529000,D:\Codex\video-editing\1920e8e0435cdd6f1df6beafb7e118be_timeaxis_final_3151-3387\_qa\timeaxis_ocr_values.csv
蹭墙踩头,外服,实测,176,2.963412,45.129000,D:\Codex\video-editing\1920e8e0435cdd6f1df6beafb7e118be_timeaxis_final_3151-3387\_qa\timeaxis_ocr_values.csv
蹭墙踩头,外服,实测,177,2.980250,45.129000,D:\Codex\video-editing\1920e8e0435cdd6f1df6beafb7e118be_timeaxis_final_3151-3387\_qa\timeaxis_ocr_values.csv
蹭墙踩头,外服,实测,178,2.997087,45.129000,D:\Codex\video-editing\1920e8e0435cdd6f1df6beafb7e118be_timeaxis_final_3151-3387\_qa\timeaxis_ocr_values.csv
蹭墙踩头,外服,实测,179,3.013925,45.725000,D:\Codex\video-editing\1920e8e0435cdd6f1df6beafb7e118be_timeaxis_final_3151-3387\_qa\timeaxis_ocr_values.csv
蹭墙踩头,外服,实测,180,3.030762,45.725000,D:\Codex\video-editing\1920e8e0435cdd6f1df6beafb7e118be_timeaxis_final_3151-3387\_qa\timeaxis_ocr_values.csv
蹭墙踩头,外服,实测,181,3.047600,46.318000,D:\Codex\video-editing\1920e8e0435cdd6f1df6beafb7e118be_timeaxis_final_3151-3387\_qa\timeaxis_ocr_values.csv
蹭墙踩头,外服,实测,182,3.064437,46.318000,D:\Codex\video-editing\1920e8e0435cdd6f1df6beafb7e118be_timeaxis_final_3151-3387\_qa\timeaxis_ocr_values.csv
蹭墙踩头,外服,实测,183,3.081275,46.867000,D:\Codex\video-editing\1920e8e0435cdd6f1df6beafb7e118be_timeaxis_final_3151-3387\_qa\timeaxis_ocr_values.csv
蹭墙踩头,外服,实测,184,3.098113,46.867000,D:\Codex\video-editing\1920e8e0435cdd6f1df6beafb7e118be_timeaxis_final_3151-3387\_qa\timeaxis_ocr_values.csv
蹭墙踩头,外服,实测,185,3.114950,47.372000,D:\Codex\video-editing\1920e8e0435cdd6f1df6beafb7e118be_timeaxis_final_3151-3387\_qa\timeaxis_ocr_values.csv
蹭墙踩头,外服,实测,186,3.131788,47.372000,D:\Codex\video-editing\1920e8e0435cdd6f1df6beafb7e118be_timeaxis_final_3151-3387\_qa\timeaxis_ocr_values.csv
蹭墙踩头,外服,实测,187,3.148625,47.372000,D:\Codex\video-editing\1920e8e0435cdd6f1df6beafb7e118be_timeaxis_final_3151-3387\_qa\timeaxis_ocr_values.csv
蹭墙踩头,外服,实测,188,3.165463,47.832000,D:\Codex\video-editing\1920e8e0435cdd6f1df6beafb7e118be_timeaxis_final_3151-3387\_qa\timeaxis_ocr_values.csv
蹭墙踩头,外服,实测,189,3.182300,48.290000,D:\Codex\video-editing\1920e8e0435cdd6f1df6beafb7e118be_timeaxis_final_3151-3387\_qa\timeaxis_ocr_values.csv
蹭墙踩头,外服,实测,190,3.199138,48.742000,D:\Codex\video-editing\1920e8e0435cdd6f1df6beafb7e118be_timeaxis_final_3151-3387\_qa\timeaxis_ocr_values.csv
蹭墙踩头,外服,实测,191,3.215975,48.742000,D:\Codex\video-editing\1920e8e0435cdd6f1df6beafb7e118be_timeaxis_final_3151-3387\_qa\timeaxis_ocr_values.csv
蹭墙踩头,外服,实测,192,3.232813,48.742000,D:\Codex\video-editing\1920e8e0435cdd6f1df6beafb7e118be_timeaxis_final_3151-3387\_qa\timeaxis_ocr_values.csv
蹭墙踩头,外服,实测,193,3.249651,49.191000,D:\Codex\video-editing\1920e8e0435cdd6f1df6beafb7e118be_timeaxis_final_3151-3387\_qa\timeaxis_ocr_values.csv
蹭墙踩头,外服,实测,194,3.266488,49.635000,D:\Codex\video-editing\1920e8e0435cdd6f1df6beafb7e118be_timeaxis_final_3151-3387\_qa\timeaxis_ocr_values.csv
蹭墙踩头,外服,实测,195,3.283326,49.635000,D:\Codex\video-editing\1920e8e0435cdd6f1df6beafb7e118be_timeaxis_final_3151-3387\_qa\timeaxis_ocr_values.csv
蹭墙踩头,外服,实测,196,3.300163,50.174000,D:\Codex\video-editing\1920e8e0435cdd6f1df6beafb7e118be_timeaxis_final_3151-3387\_qa\timeaxis_ocr_values.csv
蹭墙踩头,外服,实测,197,3.317001,50.174000,D:\Codex\video-editing\1920e8e0435cdd6f1df6beafb7e118be_timeaxis_final_3151-3387\_qa\timeaxis_ocr_values.csv
蹭墙踩头,外服,实测,198,3.333838,50.174000,D:\Codex\video-editing\1920e8e0435cdd6f1df6beafb7e118be_timeaxis_final_3151-3387\_qa\timeaxis_ocr_values.csv
蹭墙踩头,外服,实测,199,3.350676,50.510000,D:\Codex\video-editing\1920e8e0435cdd6f1df6beafb7e118be_timeaxis_final_3151-3387\_qa\timeaxis_ocr_values.csv
蹭墙踩头,外服,实测,200,3.367514,50.510000,D:\Codex\video-editing\1920e8e0435cdd6f1df6beafb7e118be_timeaxis_final_3151-3387\_qa\timeaxis_ocr_values.csv
蹭墙踩头,外服,实测,201,3.384351,50.941000,D:\Codex\video-editing\1920e8e0435cdd6f1df6beafb7e118be_timeaxis_final_3151-3387\_qa\timeaxis_ocr_values.csv
蹭墙踩头,外服,实测,202,3.401189,51.368000,D:\Codex\video-editing\1920e8e0435cdd6f1df6beafb7e118be_timeaxis_final_3151-3387\_qa\timeaxis_ocr_values.csv
蹭墙踩头,外服,实测,203,3.418026,51.368000,D:\Codex\video-editing\1920e8e0435cdd6f1df6beafb7e118be_timeaxis_final_3151-3387\_qa\timeaxis_ocr_values.csv
蹭墙踩头,外服,实测,204,3.434864,51.790000,D:\Codex\video-editing\1920e8e0435cdd6f1df6beafb7e118be_timeaxis_final_3151-3387\_qa\timeaxis_ocr_values.csv
蹭墙踩头,外服,实测,205,3.451701,51.790000,D:\Codex\video-editing\1920e8e0435cdd6f1df6beafb7e118be_timeaxis_final_3151-3387\_qa\timeaxis_ocr_values.csv
蹭墙踩头,外服,实测,206,3.468539,51.790000,D:\Codex\video-editing\1920e8e0435cdd6f1df6beafb7e118be_timeaxis_final_3151-3387\_qa\timeaxis_ocr_values.csv
蹭墙踩头,外服,实测,207,3.485377,52.208000,D:\Codex\video-editing\1920e8e0435cdd6f1df6beafb7e118be_timeaxis_final_3151-3387\_qa\timeaxis_ocr_values.csv
蹭墙踩头,外服,实测,208,3.502214,52.208000,D:\Codex\video-editing\1920e8e0435cdd6f1df6beafb7e118be_timeaxis_final_3151-3387\_qa\timeaxis_ocr_values.csv
蹭墙踩头,外服,实测,209,3.519052,52.622000,D:\Codex\video-editing\1920e8e0435cdd6f1df6beafb7e118be_timeaxis_final_3151-3387\_qa\timeaxis_ocr_values.csv
蹭墙踩头,外服,实测,210,3.535889,53.031000,D:\Codex\video-editing\1920e8e0435cdd6f1df6beafb7e118be_timeaxis_final_3151-3387\_qa\timeaxis_ocr_values.csv
蹭墙踩头,外服,实测,211,3.552727,53.031000,D:\Codex\video-editing\1920e8e0435cdd6f1df6beafb7e118be_timeaxis_final_3151-3387\_qa\timeaxis_ocr_values.csv
蹭墙踩头,外服,实测,212,3.569564,53.031000,D:\Codex\video-editing\1920e8e0435cdd6f1df6beafb7e118be_timeaxis_final_3151-3387\_qa\timeaxis_ocr_values.csv
蹭墙踩头,外服,实测,213,3.586402,53.437000,D:\Codex\video-editing\1920e8e0435cdd6f1df6beafb7e118be_timeaxis_final_3151-3387\_qa\timeaxis_ocr_values.csv
蹭墙踩头,外服,实测,214,3.603240,53.437000,D:\Codex\video-editing\1920e8e0435cdd6f1df6beafb7e118be_timeaxis_final_3151-3387\_qa\timeaxis_ocr_values.csv
蹭墙踩头,外服,实测,215,3.620077,53.837000,D:\Codex\video-editing\1920e8e0435cdd6f1df6beafb7e118be_timeaxis_final_3151-3387\_qa\timeaxis_ocr_values.csv
蹭墙踩头,外服,实测,216,3.636915,53.837000,D:\Codex\video-editing\1920e8e0435cdd6f1df6beafb7e118be_timeaxis_final_3151-3387\_qa\timeaxis_ocr_values.csv
蹭墙踩头,外服,实测,217,3.653752,53.837000,D:\Codex\video-editing\1920e8e0435cdd6f1df6beafb7e118be_timeaxis_final_3151-3387\_qa\timeaxis_ocr_values.csv
蹭墙踩头,外服,实测,218,3.670590,54.234000,D:\Codex\video-editing\1920e8e0435cdd6f1df6beafb7e118be_timeaxis_final_3151-3387\_qa\timeaxis_ocr_values.csv
蹭墙踩头,外服,实测,219,3.687427,54.626000,D:\Codex\video-editing\1920e8e0435cdd6f1df6beafb7e118be_timeaxis_final_3151-3387\_qa\timeaxis_ocr_values.csv
蹭墙踩头,外服,实测,220,3.704265,54.626000,D:\Codex\video-editing\1920e8e0435cdd6f1df6beafb7e118be_timeaxis_final_3151-3387\_qa\timeaxis_ocr_values.csv
蹭墙踩头,外服,实测,221,3.721103,54.626000,D:\Codex\video-editing\1920e8e0435cdd6f1df6beafb7e118be_timeaxis_final_3151-3387\_qa\timeaxis_ocr_values.csv
蹭墙踩头,外服,实测,222,3.737940,55.013000,D:\Codex\video-editing\1920e8e0435cdd6f1df6beafb7e118be_timeaxis_final_3151-3387\_qa\timeaxis_ocr_values.csv
蹭墙踩头,外服,实测,223,3.754778,55.013000,D:\Codex\video-editing\1920e8e0435cdd6f1df6beafb7e118be_timeaxis_final_3151-3387\_qa\timeaxis_ocr_values.csv
蹭墙踩头,外服,实测,224,3.771615,55.397000,D:\Codex\video-editing\1920e8e0435cdd6f1df6beafb7e118be_timeaxis_final_3151-3387\_qa\timeaxis_ocr_values.csv
蹭墙踩头,外服,实测,225,3.788453,55.397000,D:\Codex\video-editing\1920e8e0435cdd6f1df6beafb7e118be_timeaxis_final_3151-3387\_qa\timeaxis_ocr_values.csv
蹭墙踩头,外服,实测,226,3.805290,55.775000,D:\Codex\video-editing\1920e8e0435cdd6f1df6beafb7e118be_timeaxis_final_3151-3387\_qa\timeaxis_ocr_values.csv
蹭墙踩头,外服,实测,227,3.822128,55.775000,D:\Codex\video-editing\1920e8e0435cdd6f1df6beafb7e118be_timeaxis_final_3151-3387\_qa\timeaxis_ocr_values.csv
蹭墙踩头,外服,实测,228,3.838965,55.775000,D:\Codex\video-editing\1920e8e0435cdd6f1df6beafb7e118be_timeaxis_final_3151-3387\_qa\timeaxis_ocr_values.csv
蹭墙踩头,外服,实测,229,3.855803,56.924000,D:\Codex\video-editing\1920e8e0435cdd6f1df6beafb7e118be_timeaxis_final_3151-3387\_qa\timeaxis_ocr_values.csv
蹭墙踩头,外服,实测,230,3.872641,56.520000,D:\Codex\video-editing\1920e8e0435cdd6f1df6beafb7e118be_timeaxis_final_3151-3387\_qa\timeaxis_ocr_values.csv
蹭墙踩头,外服,实测,231,3.889478,56.520000,D:\Codex\video-editing\1920e8e0435cdd6f1df6beafb7e118be_timeaxis_final_3151-3387\_qa\timeaxis_ocr_values.csv
蹭墙踩头,外服,实测,232,3.906316,56.520000,D:\Codex\video-editing\1920e8e0435cdd6f1df6beafb7e118be_timeaxis_final_3151-3387\_qa\timeaxis_ocr_values.csv
蹭墙踩头,外服,实测,233,3.923153,56.847000,D:\Codex\video-editing\1920e8e0435cdd6f1df6beafb7e118be_timeaxis_final_3151-3387\_qa\timeaxis_ocr_values.csv
蹭墙踩头,外服,实测,234,3.939991,57.129000,D:\Codex\video-editing\1920e8e0435cdd6f1df6beafb7e118be_timeaxis_final_3151-3387\_qa\timeaxis_ocr_values.csv
蹭墙踩头,外服,实测,235,3.956828,57.129000,D:\Codex\video-editing\1920e8e0435cdd6f1df6beafb7e118be_timeaxis_final_3151-3387\_qa\timeaxis_ocr_values.csv
蹭墙踩头,外服,实测,236,3.973666,57.396000,D:\Codex\video-editing\1920e8e0435cdd6f1df6beafb7e118be_timeaxis_final_3151-3387\_qa\timeaxis_ocr_values.csv
蹭墙踩头,外服,外推,0,3.973666,57.396000,D:\Codex\video-editing\1920e8e0435cdd6f1df6beafb7e118be_timeaxis_final_3151-3387\_qa\timeaxis_ocr_values.csv
蹭墙踩头,外服,外推,1,4.224265,59.400788,D:\Codex\video-editing\1920e8e0435cdd6f1df6beafb7e118be_timeaxis_final_3151-3387\_qa\timeaxis_ocr_values.csv
蹭墙踩头,外服,外推,2,4.474863,61.405576,D:\Codex\video-editing\1920e8e0435cdd6f1df6beafb7e118be_timeaxis_final_3151-3387\_qa\timeaxis_ocr_values.csv
蹭墙踩头,外服,外推,3,4.725462,63.410364,D:\Codex\video-editing\1920e8e0435cdd6f1df6beafb7e118be_timeaxis_final_3151-3387\_qa\timeaxis_ocr_values.csv
蹭墙踩头,外服,外推,4,4.976060,65.415152,D:\Codex\video-editing\1920e8e0435cdd6f1df6beafb7e118be_timeaxis_final_3151-3387\_qa\timeaxis_ocr_values.csv
蹭墙踩头,外服,外推,5,5.226659,67.419940,D:\Codex\video-editing\1920e8e0435cdd6f1df6beafb7e118be_timeaxis_final_3151-3387\_qa\timeaxis_ocr_values.csv
蹭墙踩头,外服,外推,6,5.477257,69.424728,D:\Codex\video-editing\1920e8e0435cdd6f1df6beafb7e118be_timeaxis_final_3151-3387\_qa\timeaxis_ocr_values.csv
蹭墙踩头,外服,外推,7,5.727856,71.429516,D:\Codex\video-editing\1920e8e0435cdd6f1df6beafb7e118be_timeaxis_final_3151-3387\_qa\timeaxis_ocr_values.csv
蹭墙踩头,外服,外推,8,5.978454,73.434304,D:\Codex\video-editing\1920e8e0435cdd6f1df6beafb7e118be_timeaxis_final_3151-3387\_qa\timeaxis_ocr_values.csv
蹭墙踩头,外服,外推,9,6.229053,75.439092,D:\Codex\video-editing\1920e8e0435cdd6f1df6beafb7e118be_timeaxis_final_3151-3387\_qa\timeaxis_ocr_values.csv
蹭墙踩头,外服,外推,10,6.479651,77.443880,D:\Codex\video-editing\1920e8e0435cdd6f1df6beafb7e118be_timeaxis_final_3151-3387\_qa\timeaxis_ocr_values.csv
蹭墙踩头,外服,外推,11,6.730250,79.448668,D:\Codex\video-editing\1920e8e0435cdd6f1df6beafb7e118be_timeaxis_final_3151-3387\_qa\timeaxis_ocr_values.csv
蹭墙踩头,外服,外推,12,6.980848,81.453456,D:\Codex\video-editing\1920e8e0435cdd6f1df6beafb7e118be_timeaxis_final_3151-3387\_qa\timeaxis_ocr_values.csv
蹭墙踩头,外服,外推,13,7.231447,83.458244,D:\Codex\video-editing\1920e8e0435cdd6f1df6beafb7e118be_timeaxis_final_3151-3387\_qa\timeaxis_ocr_values.csv
蹭墙踩头,外服,外推,14,7.482045,85.463032,D:\Codex\video-editing\1920e8e0435cdd6f1df6beafb7e118be_timeaxis_final_3151-3387\_qa\timeaxis_ocr_values.csv
蹭墙踩头,外服,外推,15,7.732644,87.467820,D:\Codex\video-editing\1920e8e0435cdd6f1df6beafb7e118be_timeaxis_final_3151-3387\_qa\timeaxis_ocr_values.csv
蹭墙踩头,外服,外推,16,7.983242,89.472608,D:\Codex\video-editing\1920e8e0435cdd6f1df6beafb7e118be_timeaxis_final_3151-3387\_qa\timeaxis_ocr_values.csv
蹭墙踩头,外服,外推,17,8.233841,91.477396,D:\Codex\video-editing\1920e8e0435cdd6f1df6beafb7e118be_timeaxis_final_3151-3387\_qa\timeaxis_ocr_values.csv
蹭墙踩头,外服,外推,18,8.484439,93.482184,D:\Codex\video-editing\1920e8e0435cdd6f1df6beafb7e118be_timeaxis_final_3151-3387\_qa\timeaxis_ocr_values.csv
蹭墙踩头,外服,外推,19,8.735038,95.486972,D:\Codex\video-editing\1920e8e0435cdd6f1df6beafb7e118be_timeaxis_final_3151-3387\_qa\timeaxis_ocr_values.csv
蹭墙踩头,外服,外推,20,8.985636,97.491760,D:\Codex\video-editing\1920e8e0435cdd6f1df6beafb7e118be_timeaxis_final_3151-3387\_qa\timeaxis_ocr_values.csv
蹭墙踩头,外服,外推,21,9.236235,99.496548,D:\Codex\video-editing\1920e8e0435cdd6f1df6beafb7e118be_timeaxis_final_3151-3387\_qa\timeaxis_ocr_values.csv
蹭墙踩头,外服,外推,22,9.486833,101.501336,D:\Codex\video-editing\1920e8e0435cdd6f1df6beafb7e118be_timeaxis_final_3151-3387\_qa\timeaxis_ocr_values.csv
蹭墙踩头,外服,外推,23,9.737432,103.506124,D:\Codex\video-editing\1920e8e0435cdd6f1df6beafb7e118be_timeaxis_final_3151-3387\_qa\timeaxis_ocr_values.csv
蹭墙踩头,外服,外推,24,9.988030,105.510912,D:\Codex\video-editing\1920e8e0435cdd6f1df6beafb7e118be_timeaxis_final_3151-3387\_qa\timeaxis_ocr_values.csv
蹭墙踩头,外服,外推,25,10.238629,107.515700,D:\Codex\video-editing\1920e8e0435cdd6f1df6beafb7e118be_timeaxis_final_3151-3387\_qa\timeaxis_ocr_values.csv
蹭墙踩头,外服,外推,26,10.489227,109.520488,D:\Codex\video-editing\1920e8e0435cdd6f1df6beafb7e118be_timeaxis_final_3151-3387\_qa\timeaxis_ocr_values.csv
蹭墙踩头,外服,外推,27,10.739826,111.525276,D:\Codex\video-editing\1920e8e0435cdd6f1df6beafb7e118be_timeaxis_final_3151-3387\_qa\timeaxis_ocr_values.csv
蹭墙踩头,外服,外推,28,10.990424,113.530064,D:\Codex\video-editing\1920e8e0435cdd6f1df6beafb7e118be_timeaxis_final_3151-3387\_qa\timeaxis_ocr_values.csv
蹭墙踩头,外服,外推,29,11.241023,115.534852,D:\Codex\video-editing\1920e8e0435cdd6f1df6beafb7e118be_timeaxis_final_3151-3387\_qa\timeaxis_ocr_values.csv
蹭墙踩头,外服,外推,30,11.491621,117.539640,D:\Codex\video-editing\1920e8e0435cdd6f1df6beafb7e118be_timeaxis_final_3151-3387\_qa\timeaxis_ocr_values.csv
蹭墙踩头,外服,外推,31,11.742220,119.544428,D:\Codex\video-editing\1920e8e0435cdd6f1df6beafb7e118be_timeaxis_final_3151-3387\_qa\timeaxis_ocr_values.csv
蹭墙踩头,外服,外推,32,11.992818,121.549216,D:\Codex\video-editing\1920e8e0435cdd6f1df6beafb7e118be_timeaxis_final_3151-3387\_qa\timeaxis_ocr_values.csv
蹭墙踩头,外服,外推,33,12.243417,123.554004,D:\Codex\video-editing\1920e8e0435cdd6f1df6beafb7e118be_timeaxis_final_3151-3387\_qa\timeaxis_ocr_values.csv
蹭墙踩头,外服,外推,34,12.494015,125.558792,D:\Codex\video-editing\1920e8e0435cdd6f1df6beafb7e118be_timeaxis_final_3151-3387\_qa\timeaxis_ocr_values.csv
蹭墙踩头,外服,外推,35,12.744614,127.563580,D:\Codex\video-editing\1920e8e0435cdd6f1df6beafb7e118be_timeaxis_final_3151-3387\_qa\timeaxis_ocr_values.csv
蹭墙踩头,外服,外推,36,12.995212,129.568368,D:\Codex\video-editing\1920e8e0435cdd6f1df6beafb7e118be_timeaxis_final_3151-3387\_qa\timeaxis_ocr_values.csv
蹭墙踩头,外服,外推,37,13.245811,131.573156,D:\Codex\video-editing\1920e8e0435cdd6f1df6beafb7e118be_timeaxis_final_3151-3387\_qa\timeaxis_ocr_values.csv
蹭墙踩头,外服,外推,38,13.496409,133.577944,D:\Codex\video-editing\1920e8e0435cdd6f1df6beafb7e118be_timeaxis_final_3151-3387\_qa\timeaxis_ocr_values.csv
蹭墙踩头,外服,外推,39,13.747008,135.582732,D:\Codex\video-editing\1920e8e0435cdd6f1df6beafb7e118be_timeaxis_final_3151-3387\_qa\timeaxis_ocr_values.csv
蹭墙踩头,外服,外推,40,13.997606,137.587520,D:\Codex\video-editing\1920e8e0435cdd6f1df6beafb7e118be_timeaxis_final_3151-3387\_qa\timeaxis_ocr_values.csv
蹭墙踩头,外服,外推,41,14.248205,139.592308,D:\Codex\video-editing\1920e8e0435cdd6f1df6beafb7e118be_timeaxis_final_3151-3387\_qa\timeaxis_ocr_values.csv
蹭墙踩头,外服,外推,42,14.498803,141.597096,D:\Codex\video-editing\1920e8e0435cdd6f1df6beafb7e118be_timeaxis_final_3151-3387\_qa\timeaxis_ocr_values.csv
蹭墙踩头,外服,外推,43,14.749402,143.601884,D:\Codex\video-editing\1920e8e0435cdd6f1df6beafb7e118be_timeaxis_final_3151-3387\_qa\timeaxis_ocr_values.csv
蹭墙踩头,外服,外推,44,15.000000,145.606672,D:\Codex\video-editing\1920e8e0435cdd6f1df6beafb7e118be_timeaxis_final_3151-3387\_qa\timeaxis_ocr_values.csv
外服0.4s,外服,实测,0,0.000000,0.000000,C:\Users\金阳\Desktop\0.4s外服.mp4 -> 距离表_从0到220.25
外服0.4s,外服,实测,1,0.016700,0.000100,C:\Users\金阳\Desktop\0.4s外服.mp4 -> 距离表_从0到220.25
外服0.4s,外服,实测,2,0.033300,0.000100,C:\Users\金阳\Desktop\0.4s外服.mp4 -> 距离表_从0到220.25
外服0.4s,外服,实测,3,0.050000,0.000100,C:\Users\金阳\Desktop\0.4s外服.mp4 -> 距离表_从0到220.25
外服0.4s,外服,实测,4,0.066700,0.000100,C:\Users\金阳\Desktop\0.4s外服.mp4 -> 距离表_从0到220.25
外服0.4s,外服,实测,5,0.083300,0.000100,C:\Users\金阳\Desktop\0.4s外服.mp4 -> 距离表_从0到220.25
外服0.4s,外服,实测,6,0.100000,0.000100,C:\Users\金阳\Desktop\0.4s外服.mp4 -> 距离表_从0到220.25
外服0.4s,外服,实测,7,0.116700,0.000200,C:\Users\金阳\Desktop\0.4s外服.mp4 -> 距离表_从0到220.25
外服0.4s,外服,实测,8,0.133300,0.000200,C:\Users\金阳\Desktop\0.4s外服.mp4 -> 距离表_从0到220.25
外服0.4s,外服,实测,9,0.150000,0.000200,C:\Users\金阳\Desktop\0.4s外服.mp4 -> 距离表_从0到220.25
外服0.4s,外服,实测,10,0.166700,0.000200,C:\Users\金阳\Desktop\0.4s外服.mp4 -> 距离表_从0到220.25
外服0.4s,外服,实测,11,0.183300,0.000200,C:\Users\金阳\Desktop\0.4s外服.mp4 -> 距离表_从0到220.25
外服0.4s,外服,实测,12,0.200000,0.000200,C:\Users\金阳\Desktop\0.4s外服.mp4 -> 距离表_从0到220.25
外服0.4s,外服,实测,13,0.216700,0.000200,C:\Users\金阳\Desktop\0.4s外服.mp4 -> 距离表_从0到220.25
外服0.4s,外服,实测,14,0.233300,0.000200,C:\Users\金阳\Desktop\0.4s外服.mp4 -> 距离表_从0到220.25
外服0.4s,外服,实测,15,0.250000,0.000000,C:\Users\金阳\Desktop\0.4s外服.mp4 -> 距离表_从0到220.25
外服0.4s,外服,实测,16,0.266700,0.000000,C:\Users\金阳\Desktop\0.4s外服.mp4 -> 距离表_从0到220.25
外服0.4s,外服,实测,17,0.283300,0.000000,C:\Users\金阳\Desktop\0.4s外服.mp4 -> 距离表_从0到220.25
外服0.4s,外服,实测,18,0.300000,0.000000,C:\Users\金阳\Desktop\0.4s外服.mp4 -> 距离表_从0到220.25
外服0.4s,外服,实测,19,0.316700,0.177100,C:\Users\金阳\Desktop\0.4s外服.mp4 -> 距离表_从0到220.25
外服0.4s,外服,实测,20,0.333300,0.177100,C:\Users\金阳\Desktop\0.4s外服.mp4 -> 距离表_从0到220.25
外服0.4s,外服,实测,21,0.350000,0.536400,C:\Users\金阳\Desktop\0.4s外服.mp4 -> 距离表_从0到220.25
外服0.4s,外服,实测,22,0.366700,0.536400,C:\Users\金阳\Desktop\0.4s外服.mp4 -> 距离表_从0到220.25
外服0.4s,外服,实测,23,0.383300,0.829000,C:\Users\金阳\Desktop\0.4s外服.mp4 -> 距离表_从0到220.25
外服0.4s,外服,实测,24,0.400000,0.829000,C:\Users\金阳\Desktop\0.4s外服.mp4 -> 距离表_从0到220.25
外服0.4s,外服,实测,25,0.416700,1.035800,C:\Users\金阳\Desktop\0.4s外服.mp4 -> 距离表_从0到220.25
外服0.4s,外服,实测,26,0.433300,1.035800,C:\Users\金阳\Desktop\0.4s外服.mp4 -> 距离表_从0到220.25
外服0.4s,外服,实测,27,0.450000,1.233200,C:\Users\金阳\Desktop\0.4s外服.mp4 -> 距离表_从0到220.25
外服0.4s,外服,实测,28,0.466700,1.233200,C:\Users\金阳\Desktop\0.4s外服.mp4 -> 距离表_从0到220.25
外服0.4s,外服,实测,29,0.483300,1.418500,C:\Users\金阳\Desktop\0.4s外服.mp4 -> 距离表_从0到220.25
外服0.4s,外服,实测,30,0.500000,1.418500,C:\Users\金阳\Desktop\0.4s外服.mp4 -> 距离表_从0到220.25
外服0.4s,外服,实测,31,0.516700,1.588200,C:\Users\金阳\Desktop\0.4s外服.mp4 -> 距离表_从0到220.25
外服0.4s,外服,实测,32,0.533300,1.588200,C:\Users\金阳\Desktop\0.4s外服.mp4 -> 距离表_从0到220.25
外服0.4s,外服,实测,33,0.550000,1.740100,C:\Users\金阳\Desktop\0.4s外服.mp4 -> 距离表_从0到220.25
外服0.4s,外服,实测,34,0.566700,1.740100,C:\Users\金阳\Desktop\0.4s外服.mp4 -> 距离表_从0到220.25
外服0.4s,外服,实测,35,0.583300,1.875600,C:\Users\金阳\Desktop\0.4s外服.mp4 -> 距离表_从0到220.25
外服0.4s,外服,实测,36,0.600000,1.875600,C:\Users\金阳\Desktop\0.4s外服.mp4 -> 距离表_从0到220.25
外服0.4s,外服,实测,37,0.616700,1.985900,C:\Users\金阳\Desktop\0.4s外服.mp4 -> 距离表_从0到220.25
外服0.4s,外服,实测,38,0.633300,1.985900,C:\Users\金阳\Desktop\0.4s外服.mp4 -> 距离表_从0到220.25
外服0.4s,外服,实测,39,0.650000,2.079500,C:\Users\金阳\Desktop\0.4s外服.mp4 -> 距离表_从0到220.25
外服0.4s,外服,实测,40,0.666700,2.079500,C:\Users\金阳\Desktop\0.4s外服.mp4 -> 距离表_从0到220.25
外服0.4s,外服,实测,41,0.683300,2.155400,C:\Users\金阳\Desktop\0.4s外服.mp4 -> 距离表_从0到220.25
外服0.4s,外服,实测,42,0.700000,2.155400,C:\Users\金阳\Desktop\0.4s外服.mp4 -> 距离表_从0到220.25
外服0.4s,外服,实测,43,0.716700,2.215000,C:\Users\金阳\Desktop\0.4s外服.mp4 -> 距离表_从0到220.25
外服0.4s,外服,实测,44,0.733300,2.215000,C:\Users\金阳\Desktop\0.4s外服.mp4 -> 距离表_从0到220.25
外服0.4s,外服,实测,45,0.750000,2.260900,C:\Users\金阳\Desktop\0.4s外服.mp4 -> 距离表_从0到220.25
外服0.4s,外服,实测,46,0.766700,2.260900,C:\Users\金阳\Desktop\0.4s外服.mp4 -> 距离表_从0到220.25
外服0.4s,外服,实测,47,0.783300,2.296100,C:\Users\金阳\Desktop\0.4s外服.mp4 -> 距离表_从0到220.25
外服0.4s,外服,实测,48,0.800000,2.296100,C:\Users\金阳\Desktop\0.4s外服.mp4 -> 距离表_从0到220.25
外服0.4s,外服,实测,49,0.816700,2.324700,C:\Users\金阳\Desktop\0.4s外服.mp4 -> 距离表_从0到220.25
外服0.4s,外服,实测,50,0.833300,2.324700,C:\Users\金阳\Desktop\0.4s外服.mp4 -> 距离表_从0到220.25
外服0.4s,外服,实测,51,0.850000,2.351200,C:\Users\金阳\Desktop\0.4s外服.mp4 -> 距离表_从0到220.25
外服0.4s,外服,实测,52,0.866700,2.351200,C:\Users\金阳\Desktop\0.4s外服.mp4 -> 距离表_从0到220.25
外服0.4s,外服,实测,53,0.883300,2.381400,C:\Users\金阳\Desktop\0.4s外服.mp4 -> 距离表_从0到220.25
外服0.4s,外服,实测,54,0.900000,2.381400,C:\Users\金阳\Desktop\0.4s外服.mp4 -> 距离表_从0到220.25
外服0.4s,外服,实测,55,0.916700,2.427600,C:\Users\金阳\Desktop\0.4s外服.mp4 -> 距离表_从0到220.25
外服0.4s,外服,实测,56,0.933300,2.427600,C:\Users\金阳\Desktop\0.4s外服.mp4 -> 距离表_从0到220.25
外服0.4s,外服,实测,57,0.950000,2.494400,C:\Users\金阳\Desktop\0.4s外服.mp4 -> 距离表_从0到220.25
外服0.4s,外服,实测,58,0.966700,2.494400,C:\Users\金阳\Desktop\0.4s外服.mp4 -> 距离表_从0到220.25
外服0.4s,外服,实测,59,0.983300,2.585900,C:\Users\金阳\Desktop\0.4s外服.mp4 -> 距离表_从0到220.25
外服0.4s,外服,实测,60,1.000000,2.585900,C:\Users\金阳\Desktop\0.4s外服.mp4 -> 距离表_从0到220.25
外服0.4s,外服,实测,61,1.016700,2.706100,C:\Users\金阳\Desktop\0.4s外服.mp4 -> 距离表_从0到220.25
外服0.4s,外服,实测,62,1.033300,2.706100,C:\Users\金阳\Desktop\0.4s外服.mp4 -> 距离表_从0到220.25
外服0.4s,外服,实测,63,1.050000,2.858500,C:\Users\金阳\Desktop\0.4s外服.mp4 -> 距离表_从0到220.25
外服0.4s,外服,实测,64,1.066700,2.858500,C:\Users\金阳\Desktop\0.4s外服.mp4 -> 距离表_从0到220.25
外服0.4s,外服,实测,65,1.083300,3.046000,C:\Users\金阳\Desktop\0.4s外服.mp4 -> 距离表_从0到220.25
外服0.4s,外服,实测,66,1.100000,3.046000,C:\Users\金阳\Desktop\0.4s外服.mp4 -> 距离表_从0到220.25
外服0.4s,外服,实测,67,1.116700,3.326400,C:\Users\金阳\Desktop\0.4s外服.mp4 -> 距离表_从0到220.25
外服0.4s,外服,实测,68,1.133300,3.326400,C:\Users\金阳\Desktop\0.4s外服.mp4 -> 距离表_从0到220.25
外服0.4s,外服,实测,69,1.150000,3.819500,C:\Users\金阳\Desktop\0.4s外服.mp4 -> 距离表_从0到220.25
外服0.4s,外服,实测,70,1.166700,3.819500,C:\Users\金阳\Desktop\0.4s外服.mp4 -> 距离表_从0到220.25
外服0.4s,外服,实测,71,1.183300,4.302400,C:\Users\金阳\Desktop\0.4s外服.mp4 -> 距离表_从0到220.25
外服0.4s,外服,实测,72,1.200000,4.302400,C:\Users\金阳\Desktop\0.4s外服.mp4 -> 距离表_从0到220.25
外服0.4s,外服,实测,73,1.216700,4.775500,C:\Users\金阳\Desktop\0.4s外服.mp4 -> 距离表_从0到220.25
外服0.4s,外服,实测,74,1.233300,4.775500,C:\Users\金阳\Desktop\0.4s外服.mp4 -> 距离表_从0到220.25
外服0.4s,外服,实测,75,1.250000,5.239200,C:\Users\金阳\Desktop\0.4s外服.mp4 -> 距离表_从0到220.25
外服0.4s,外服,实测,76,1.266700,5.239200,C:\Users\金阳\Desktop\0.4s外服.mp4 -> 距离表_从0到220.25
外服0.4s,外服,实测,77,1.283300,5.663700,C:\Users\金阳\Desktop\0.4s外服.mp4 -> 距离表_从0到220.25
外服0.4s,外服,实测,78,1.300000,5.663700,C:\Users\金阳\Desktop\0.4s外服.mp4 -> 距离表_从0到220.25
外服0.4s,外服,实测,79,1.316700,6.049400,C:\Users\金阳\Desktop\0.4s外服.mp4 -> 距离表_从0到220.25
外服0.4s,外服,实测,80,1.333300,6.049400,C:\Users\金阳\Desktop\0.4s外服.mp4 -> 距离表_从0到220.25
外服0.4s,外服,实测,81,1.350000,6.396100,C:\Users\金阳\Desktop\0.4s外服.mp4 -> 距离表_从0到220.25
外服0.4s,外服,实测,82,1.366700,6.396100,C:\Users\金阳\Desktop\0.4s外服.mp4 -> 距离表_从0到220.25
外服0.4s,外服,实测,83,1.383300,6.704100,C:\Users\金阳\Desktop\0.4s外服.mp4 -> 距离表_从0到220.25
外服0.4s,外服,实测,84,1.400000,6.704100,C:\Users\金阳\Desktop\0.4s外服.mp4 -> 距离表_从0到220.25
外服0.4s,外服,实测,85,1.416700,8.761500,C:\Users\金阳\Desktop\0.4s外服.mp4 -> 距离表_从0到220.25
外服0.4s,外服,实测,86,1.433300,8.761500,C:\Users\金阳\Desktop\0.4s外服.mp4 -> 距离表_从0到220.25
外服0.4s,外服,实测,87,1.450000,8.943500,C:\Users\金阳\Desktop\0.4s外服.mp4 -> 距离表_从0到220.25
外服0.4s,外服,实测,88,1.466700,8.943500,C:\Users\金阳\Desktop\0.4s外服.mp4 -> 距离表_从0到220.25
外服0.4s,外服,实测,89,1.483300,9.110500,C:\Users\金阳\Desktop\0.4s外服.mp4 -> 距离表_从0到220.25
外服0.4s,外服,实测,90,1.500000,9.110500,C:\Users\金阳\Desktop\0.4s外服.mp4 -> 距离表_从0到220.25
外服0.4s,外服,实测,91,1.516700,9.219500,C:\Users\金阳\Desktop\0.4s外服.mp4 -> 距离表_从0到220.25
外服0.4s,外服,实测,92,1.533300,9.219500,C:\Users\金阳\Desktop\0.4s外服.mp4 -> 距离表_从0到220.25
外服0.4s,外服,实测,93,1.550000,9.263600,C:\Users\金阳\Desktop\0.4s外服.mp4 -> 距离表_从0到220.25
外服0.4s,外服,实测,94,1.566700,9.263600,C:\Users\金阳\Desktop\0.4s外服.mp4 -> 距离表_从0到220.25
外服0.4s,外服,实测,95,1.583300,9.258500,C:\Users\金阳\Desktop\0.4s外服.mp4 -> 距离表_从0到220.25
外服0.4s,外服,实测,96,1.600000,9.258500,C:\Users\金阳\Desktop\0.4s外服.mp4 -> 距离表_从0到220.25
外服0.4s,外服,实测,97,1.616700,9.237600,C:\Users\金阳\Desktop\0.4s外服.mp4 -> 距离表_从0到220.25
外服0.4s,外服,实测,98,1.633300,9.237600,C:\Users\金阳\Desktop\0.4s外服.mp4 -> 距离表_从0到220.25
外服0.4s,外服,实测,99,1.650000,9.219500,C:\Users\金阳\Desktop\0.4s外服.mp4 -> 距离表_从0到220.25
外服0.4s,外服,实测,100,1.666700,9.219500,C:\Users\金阳\Desktop\0.4s外服.mp4 -> 距离表_从0到220.25
外服0.4s,外服,实测,101,1.683300,9.258500,C:\Users\金阳\Desktop\0.4s外服.mp4 -> 距离表_从0到220.25
外服0.4s,外服,实测,102,1.700000,9.258500,C:\Users\金阳\Desktop\0.4s外服.mp4 -> 距离表_从0到220.25
外服0.4s,外服,实测,103,1.716700,9.545500,C:\Users\金阳\Desktop\0.4s外服.mp4 -> 距离表_从0到220.25
外服0.4s,外服,实测,104,1.733300,9.545500,C:\Users\金阳\Desktop\0.4s外服.mp4 -> 距离表_从0到220.25
外服0.4s,外服,实测,105,1.750000,9.845500,C:\Users\金阳\Desktop\0.4s外服.mp4 -> 距离表_从0到220.25
外服0.4s,外服,实测,106,1.766700,9.845500,C:\Users\金阳\Desktop\0.4s外服.mp4 -> 距离表_从0到220.25
外服0.4s,外服,实测,107,1.783300,10.142500,C:\Users\金阳\Desktop\0.4s外服.mp4 -> 距离表_从0到220.25
外服0.4s,外服,实测,108,1.800000,10.142500,C:\Users\金阳\Desktop\0.4s外服.mp4 -> 距离表_从0到220.25
外服0.4s,外服,实测,109,1.816700,10.424500,C:\Users\金阳\Desktop\0.4s外服.mp4 -> 距离表_从0到220.25
外服0.4s,外服,实测,110,1.833300,10.424500,C:\Users\金阳\Desktop\0.4s外服.mp4 -> 距离表_从0到220.25
外服0.4s,外服,实测,111,1.850000,10.710500,C:\Users\金阳\Desktop\0.4s外服.mp4 -> 距离表_从0到220.25
外服0.4s,外服,实测,112,1.866700,10.710500,C:\Users\金阳\Desktop\0.4s外服.mp4 -> 距离表_从0到220.25
外服0.4s,外服,实测,113,1.883300,10.995900,C:\Users\金阳\Desktop\0.4s外服.mp4 -> 距离表_从0到220.25
外服0.4s,外服,实测,114,1.900000,10.995900,C:\Users\金阳\Desktop\0.4s外服.mp4 -> 距离表_从0到220.25
外服0.4s,外服,实测,115,1.916700,11.313900,C:\Users\金阳\Desktop\0.4s外服.mp4 -> 距离表_从0到220.25
外服0.4s,外服,实测,116,1.933300,11.313900,C:\Users\金阳\Desktop\0.4s外服.mp4 -> 距离表_从0到220.25
外服0.4s,外服,实测,117,1.950000,11.775900,C:\Users\金阳\Desktop\0.4s外服.mp4 -> 距离表_从0到220.25
外服0.4s,外服,实测,118,1.966700,11.775900,C:\Users\金阳\Desktop\0.4s外服.mp4 -> 距离表_从0到220.25
外服0.4s,外服,实测,119,1.983300,12.223900,C:\Users\金阳\Desktop\0.4s外服.mp4 -> 距离表_从0到220.25
外服0.4s,外服,实测,120,2.000000,12.223500,C:\Users\金阳\Desktop\0.4s外服.mp4 -> 距离表_从0到220.25
外服0.4s,外服,实测,121,2.016700,12.658500,C:\Users\金阳\Desktop\0.4s外服.mp4 -> 距离表_从0到220.25
外服0.4s,外服,实测,122,2.033300,12.658500,C:\Users\金阳\Desktop\0.4s外服.mp4 -> 距离表_从0到220.25
外服0.4s,外服,实测,123,2.050000,13.080500,C:\Users\金阳\Desktop\0.4s外服.mp4 -> 距离表_从0到220.25
外服0.4s,外服,实测,124,2.066700,13.080500,C:\Users\金阳\Desktop\0.4s外服.mp4 -> 距离表_从0到220.25
外服0.4s,外服,实测,125,2.083300,13.490500,C:\Users\金阳\Desktop\0.4s外服.mp4 -> 距离表_从0到220.25
外服0.4s,外服,实测,126,2.100000,13.490500,C:\Users\金阳\Desktop\0.4s外服.mp4 -> 距离表_从0到220.25
外服0.4s,外服,实测,127,2.116700,13.887500,C:\Users\金阳\Desktop\0.4s外服.mp4 -> 距离表_从0到220.25
外服0.4s,外服,实测,128,2.133300,13.887500,C:\Users\金阳\Desktop\0.4s外服.mp4 -> 距离表_从0到220.25
外服0.4s,外服,实测,129,2.150000,14.272500,C:\Users\金阳\Desktop\0.4s外服.mp4 -> 距离表_从0到220.25
外服0.4s,外服,实测,130,2.166700,14.272500,C:\Users\金阳\Desktop\0.4s外服.mp4 -> 距离表_从0到220.25
外服0.4s,外服,实测,131,2.183300,14.647500,C:\Users\金阳\Desktop\0.4s外服.mp4 -> 距离表_从0到220.25
外服0.4s,外服,实测,132,2.200000,14.647500,C:\Users\金阳\Desktop\0.4s外服.mp4 -> 距离表_从0到220.25
外服0.4s,外服,实测,133,2.216700,15.011500,C:\Users\金阳\Desktop\0.4s外服.mp4 -> 距离表_从0到220.25
外服0.4s,外服,实测,134,2.233300,15.011500,C:\Users\金阳\Desktop\0.4s外服.mp4 -> 距离表_从0到220.25
外服0.4s,外服,实测,135,2.250000,15.334500,C:\Users\金阳\Desktop\0.4s外服.mp4 -> 距离表_从0到220.25
外服0.4s,外服,实测,136,2.266700,15.334500,C:\Users\金阳\Desktop\0.4s外服.mp4 -> 距离表_从0到220.25
外服0.4s,外服,实测,137,2.283300,15.647500,C:\Users\金阳\Desktop\0.4s外服.mp4 -> 距离表_从0到220.25
外服0.4s,外服,实测,138,2.300000,15.647500,C:\Users\金阳\Desktop\0.4s外服.mp4 -> 距离表_从0到220.25
外服0.4s,外服,实测,139,2.316700,15.952500,C:\Users\金阳\Desktop\0.4s外服.mp4 -> 距离表_从0到220.25
外服0.4s,外服,实测,140,2.333300,15.952500,C:\Users\金阳\Desktop\0.4s外服.mp4 -> 距离表_从0到220.25
外服0.4s,外服,实测,141,2.350000,16.250500,C:\Users\金阳\Desktop\0.4s外服.mp4 -> 距离表_从0到220.25
外服0.4s,外服,实测,142,2.366700,16.250500,C:\Users\金阳\Desktop\0.4s外服.mp4 -> 距离表_从0到220.25
外服0.4s,外服,实测,143,2.383300,16.540500,C:\Users\金阳\Desktop\0.4s外服.mp4 -> 距离表_从0到220.25
外服0.4s,外服,实测,144,2.400000,16.540500,C:\Users\金阳\Desktop\0.4s外服.mp4 -> 距离表_从0到220.25
外服0.4s,外服,实测,145,2.416700,16.824500,C:\Users\金阳\Desktop\0.4s外服.mp4 -> 距离表_从0到220.25
外服0.4s,外服,实测,146,2.433300,16.824500,C:\Users\金阳\Desktop\0.4s外服.mp4 -> 距离表_从0到220.25
外服0.4s,外服,实测,147,2.450000,17.104500,C:\Users\金阳\Desktop\0.4s外服.mp4 -> 距离表_从0到220.25
外服0.4s,外服,实测,148,2.466700,17.104500,C:\Users\金阳\Desktop\0.4s外服.mp4 -> 距离表_从0到220.25
外服0.4s,外服,实测,149,2.483300,17.379500,C:\Users\金阳\Desktop\0.4s外服.mp4 -> 距离表_从0到220.25
外服0.4s,外服,实测,150,2.500000,17.379500,C:\Users\金阳\Desktop\0.4s外服.mp4 -> 距离表_从0到220.25
外服0.4s,外服,实测,151,2.516700,17.652500,C:\Users\金阳\Desktop\0.4s外服.mp4 -> 距离表_从0到220.25
外服0.4s,外服,实测,152,2.533300,17.652500,C:\Users\金阳\Desktop\0.4s外服.mp4 -> 距离表_从0到220.25
外服0.4s,外服,实测,153,2.550000,17.922500,C:\Users\金阳\Desktop\0.4s外服.mp4 -> 距离表_从0到220.25
外服0.4s,外服,实测,154,2.566700,17.922500,C:\Users\金阳\Desktop\0.4s外服.mp4 -> 距离表_从0到220.25
外服0.4s,外服,实测,155,2.583300,18.192500,C:\Users\金阳\Desktop\0.4s外服.mp4 -> 距离表_从0到220.25
外服0.4s,外服,实测,156,2.600000,18.192500,C:\Users\金阳\Desktop\0.4s外服.mp4 -> 距离表_从0到220.25
外服0.4s,外服,实测,157,2.616700,18.462500,C:\Users\金阳\Desktop\0.4s外服.mp4 -> 距离表_从0到220.25
外服0.4s,外服,实测,158,2.633300,18.462500,C:\Users\金阳\Desktop\0.4s外服.mp4 -> 距离表_从0到220.25
外服0.4s,外服,实测,159,2.650000,18.734500,C:\Users\金阳\Desktop\0.4s外服.mp4 -> 距离表_从0到220.25
外服0.4s,外服,实测,160,2.666700,18.734500,C:\Users\金阳\Desktop\0.4s外服.mp4 -> 距离表_从0到220.25
外服0.4s,外服,实测,161,2.683300,19.008500,C:\Users\金阳\Desktop\0.4s外服.mp4 -> 距离表_从0到220.25
外服0.4s,外服,实测,162,2.700000,19.008500,C:\Users\金阳\Desktop\0.4s外服.mp4 -> 距离表_从0到220.25
外服0.4s,外服,实测,163,2.716700,19.287500,C:\Users\金阳\Desktop\0.4s外服.mp4 -> 距离表_从0到220.25
外服0.4s,外服,实测,164,2.733300,19.287500,C:\Users\金阳\Desktop\0.4s外服.mp4 -> 距离表_从0到220.25
外服0.4s,外服,实测,165,2.750000,19.571500,C:\Users\金阳\Desktop\0.4s外服.mp4 -> 距离表_从0到220.25
外服0.4s,外服,实测,166,2.766700,19.571500,C:\Users\金阳\Desktop\0.4s外服.mp4 -> 距离表_从0到220.25
外服0.4s,外服,实测,167,2.783300,19.878500,C:\Users\金阳\Desktop\0.4s外服.mp4 -> 距离表_从0到220.25
外服0.4s,外服,实测,168,2.800000,19.878500,C:\Users\金阳\Desktop\0.4s外服.mp4 -> 距离表_从0到220.25
外服0.4s,外服,实测,169,2.816700,20.138500,C:\Users\金阳\Desktop\0.4s外服.mp4 -> 距离表_从0到220.25
外服0.4s,外服,实测,170,2.833300,20.138500,C:\Users\金阳\Desktop\0.4s外服.mp4 -> 距离表_从0到220.25
外服0.4s,外服,实测,171,2.850000,20.353500,C:\Users\金阳\Desktop\0.4s外服.mp4 -> 距离表_从0到220.25
外服0.4s,外服,实测,172,2.866700,20.495300,C:\Users\金阳\Desktop\0.4s外服.mp4 -> 距离表_从0到220.25
外服0.4s,外服,实测,173,2.883300,20.637000,C:\Users\金阳\Desktop\0.4s外服.mp4 -> 距离表_从0到220.25
外服0.4s,外服,实测,174,2.900000,20.778700,C:\Users\金阳\Desktop\0.4s外服.mp4 -> 距离表_从0到220.25
外服0.4s,外服,实测,175,2.916700,20.920500,C:\Users\金阳\Desktop\0.4s外服.mp4 -> 距离表_从0到220.25
外服0.4s,外服,实测,176,2.933300,20.920500,C:\Users\金阳\Desktop\0.4s外服.mp4 -> 距离表_从0到220.25
外服0.4s,外服,实测,177,2.950000,21.088100,C:\Users\金阳\Desktop\0.4s外服.mp4 -> 距离表_从0到220.25
外服0.4s,外服,实测,178,2.966700,21.255700,C:\Users\金阳\Desktop\0.4s外服.mp4 -> 距离表_从0到220.25
外服0.4s,外服,实测,179,2.983300,21.423300,C:\Users\金阳\Desktop\0.4s外服.mp4 -> 距离表_从0到220.25
外服0.4s,外服,实测,180,3.000000,21.590900,C:\Users\金阳\Desktop\0.4s外服.mp4 -> 距离表_从0到220.25
外服0.4s,外服,实测,181,3.016700,21.758500,C:\Users\金阳\Desktop\0.4s外服.mp4 -> 距离表_从0到220.25
外服0.4s,外服,实测,182,3.033300,21.758500,C:\Users\金阳\Desktop\0.4s外服.mp4 -> 距离表_从0到220.25
外服0.4s,外服,实测,183,3.050000,22.039500,C:\Users\金阳\Desktop\0.4s外服.mp4 -> 距离表_从0到220.25
外服0.4s,外服,实测,184,3.066700,22.039500,C:\Users\金阳\Desktop\0.4s外服.mp4 -> 距离表_从0到220.25
外服0.4s,外服,实测,185,3.083300,22.325600,C:\Users\金阳\Desktop\0.4s外服.mp4 -> 距离表_从0到220.25
外服0.4s,外服,实测,186,3.100000,22.325600,C:\Users\金阳\Desktop\0.4s外服.mp4 -> 距离表_从0到220.25
外服0.4s,外服,实测,187,3.116700,22.615500,C:\Users\金阳\Desktop\0.4s外服.mp4 -> 距离表_从0到220.25
外服0.4s,外服,实测,188,3.133300,22.615500,C:\Users\金阳\Desktop\0.4s外服.mp4 -> 距离表_从0到220.25
外服0.4s,外服,实测,189,3.150000,22.910500,C:\Users\金阳\Desktop\0.4s外服.mp4 -> 距离表_从0到220.25
外服0.4s,外服,实测,190,3.166700,22.910500,C:\Users\金阳\Desktop\0.4s外服.mp4 -> 距离表_从0到220.25
外服0.4s,外服,实测,191,3.183300,23.195500,C:\Users\金阳\Desktop\0.4s外服.mp4 -> 距离表_从0到220.25
外服0.4s,外服,实测,192,3.200000,23.195500,C:\Users\金阳\Desktop\0.4s外服.mp4 -> 距离表_从0到220.25
外服0.4s,外服,实测,193,3.216700,23.471500,C:\Users\金阳\Desktop\0.4s外服.mp4 -> 距离表_从0到220.25
外服0.4s,外服,实测,194,3.233300,23.471500,C:\Users\金阳\Desktop\0.4s外服.mp4 -> 距离表_从0到220.25
外服0.4s,外服,实测,195,3.250000,23.737500,C:\Users\金阳\Desktop\0.4s外服.mp4 -> 距离表_从0到220.25
外服0.4s,外服,实测,196,3.266700,23.737500,C:\Users\金阳\Desktop\0.4s外服.mp4 -> 距离表_从0到220.25
外服0.4s,外服,实测,197,3.283300,23.997500,C:\Users\金阳\Desktop\0.4s外服.mp4 -> 距离表_从0到220.25
外服0.4s,外服,实测,198,3.300000,23.997500,C:\Users\金阳\Desktop\0.4s外服.mp4 -> 距离表_从0到220.25
外服0.4s,外服,实测,199,3.316700,24.252500,C:\Users\金阳\Desktop\0.4s外服.mp4 -> 距离表_从0到220.25
外服0.4s,外服,实测,200,3.333300,24.252500,C:\Users\金阳\Desktop\0.4s外服.mp4 -> 距离表_从0到220.25
外服0.4s,外服,实测,201,3.350000,24.503500,C:\Users\金阳\Desktop\0.4s外服.mp4 -> 距离表_从0到220.25
外服0.4s,外服,实测,202,3.366700,24.503500,C:\Users\金阳\Desktop\0.4s外服.mp4 -> 距离表_从0到220.25
外服0.4s,外服,实测,203,3.383300,24.750500,C:\Users\金阳\Desktop\0.4s外服.mp4 -> 距离表_从0到220.25
外服0.4s,外服,实测,204,3.400000,24.750500,C:\Users\金阳\Desktop\0.4s外服.mp4 -> 距离表_从0到220.25
外服0.4s,外服,实测,205,3.416700,24.994500,C:\Users\金阳\Desktop\0.4s外服.mp4 -> 距离表_从0到220.25
外服0.4s,外服,实测,206,3.433300,24.994500,C:\Users\金阳\Desktop\0.4s外服.mp4 -> 距离表_从0到220.25
外服0.4s,外服,实测,207,3.450000,25.235500,C:\Users\金阳\Desktop\0.4s外服.mp4 -> 距离表_从0到220.25
外服0.4s,外服,实测,208,3.466700,25.235500,C:\Users\金阳\Desktop\0.4s外服.mp4 -> 距离表_从0到220.25
外服0.4s,外服,实测,209,3.483300,25.475500,C:\Users\金阳\Desktop\0.4s外服.mp4 -> 距离表_从0到220.25
外服0.4s,外服,实测,210,3.500000,25.475500,C:\Users\金阳\Desktop\0.4s外服.mp4 -> 距离表_从0到220.25
外服0.4s,外服,实测,211,3.516700,25.716500,C:\Users\金阳\Desktop\0.4s外服.mp4 -> 距离表_从0到220.25
外服0.4s,外服,实测,212,3.533300,25.716500,C:\Users\金阳\Desktop\0.4s外服.mp4 -> 距离表_从0到220.25
外服0.4s,外服,实测,213,3.550000,26.212500,C:\Users\金阳\Desktop\0.4s外服.mp4 -> 距离表_从0到220.25
外服0.4s,外服,实测,214,3.566700,26.212500,C:\Users\金阳\Desktop\0.4s外服.mp4 -> 距离表_从0到220.25
外服0.4s,外服,实测,215,3.583300,26.697500,C:\Users\金阳\Desktop\0.4s外服.mp4 -> 距离表_从0到220.25
外服0.4s,外服,实测,216,3.600000,26.697500,C:\Users\金阳\Desktop\0.4s外服.mp4 -> 距离表_从0到220.25
外服0.4s,外服,实测,217,3.616700,27.171500,C:\Users\金阳\Desktop\0.4s外服.mp4 -> 距离表_从0到220.25
外服0.4s,外服,实测,218,3.633300,27.171500,C:\Users\金阳\Desktop\0.4s外服.mp4 -> 距离表_从0到220.25
外服0.4s,外服,实测,219,3.650000,27.633500,C:\Users\金阳\Desktop\0.4s外服.mp4 -> 距离表_从0到220.25
外服0.4s,外服,实测,220,3.666700,27.633500,C:\Users\金阳\Desktop\0.4s外服.mp4 -> 距离表_从0到220.25
外服0.4s,外服,实测,221,3.683300,28.085500,C:\Users\金阳\Desktop\0.4s外服.mp4 -> 距离表_从0到220.25
外服0.4s,外服,实测,222,3.700000,28.085500,C:\Users\金阳\Desktop\0.4s外服.mp4 -> 距离表_从0到220.25
外服0.4s,外服,实测,223,3.716700,28.528500,C:\Users\金阳\Desktop\0.4s外服.mp4 -> 距离表_从0到220.25
外服0.4s,外服,实测,224,3.733300,28.528500,C:\Users\金阳\Desktop\0.4s外服.mp4 -> 距离表_从0到220.25
外服0.4s,外服,实测,225,3.750000,28.962500,C:\Users\金阳\Desktop\0.4s外服.mp4 -> 距离表_从0到220.25
外服0.4s,外服,实测,226,3.766700,28.962500,C:\Users\金阳\Desktop\0.4s外服.mp4 -> 距离表_从0到220.25
外服0.4s,外服,实测,227,3.783300,29.388500,C:\Users\金阳\Desktop\0.4s外服.mp4 -> 距离表_从0到220.25
外服0.4s,外服,实测,228,3.800000,29.388500,C:\Users\金阳\Desktop\0.4s外服.mp4 -> 距离表_从0到220.25
外服0.4s,外服,实测,229,3.816700,31.344500,C:\Users\金阳\Desktop\0.4s外服.mp4 -> 距离表_从0到220.25
外服0.4s,外服,实测,230,3.833300,31.344500,C:\Users\金阳\Desktop\0.4s外服.mp4 -> 距离表_从0到220.25
外服0.4s,外服,实测,231,3.850000,31.600400,C:\Users\金阳\Desktop\0.4s外服.mp4 -> 距离表_从0到220.25
外服0.4s,外服,实测,232,3.866700,31.599900,C:\Users\金阳\Desktop\0.4s外服.mp4 -> 距离表_从0到220.25
外服0.4s,外服,实测,233,3.883300,31.960900,C:\Users\金阳\Desktop\0.4s外服.mp4 -> 距离表_从0到220.25
外服0.4s,外服,实测,234,3.900000,31.960900,C:\Users\金阳\Desktop\0.4s外服.mp4 -> 距离表_从0到220.25
外服0.4s,外服,实测,235,3.916700,32.359900,C:\Users\金阳\Desktop\0.4s外服.mp4 -> 距离表_从0到220.25
外服0.4s,外服,实测,236,3.933300,32.359900,C:\Users\金阳\Desktop\0.4s外服.mp4 -> 距离表_从0到220.25
外服0.4s,外服,实测,237,3.950000,32.755900,C:\Users\金阳\Desktop\0.4s外服.mp4 -> 距离表_从0到220.25
外服0.4s,外服,实测,238,3.966700,32.755900,C:\Users\金阳\Desktop\0.4s外服.mp4 -> 距离表_从0到220.25
外服0.4s,外服,实测,239,3.983300,33.165800,C:\Users\金阳\Desktop\0.4s外服.mp4 -> 距离表_从0到220.25
外服0.4s,外服,实测,240,4.000000,33.165800,C:\Users\金阳\Desktop\0.4s外服.mp4 -> 距离表_从0到220.25
外服0.4s,外服,实测,241,4.016700,33.515800,C:\Users\金阳\Desktop\0.4s外服.mp4 -> 距离表_从0到220.25
外服0.4s,外服,实测,242,4.033300,33.515800,C:\Users\金阳\Desktop\0.4s外服.mp4 -> 距离表_从0到220.25
外服0.4s,外服,实测,243,4.050000,33.795800,C:\Users\金阳\Desktop\0.4s外服.mp4 -> 距离表_从0到220.25
外服0.4s,外服,实测,244,4.066700,33.795800,C:\Users\金阳\Desktop\0.4s外服.mp4 -> 距离表_从0到220.25
外服0.4s,外服,实测,245,4.083300,34.061500,C:\Users\金阳\Desktop\0.4s外服.mp4 -> 距离表_从0到220.25
外服0.4s,外服,实测,246,4.100000,34.061500,C:\Users\金阳\Desktop\0.4s外服.mp4 -> 距离表_从0到220.25
外服0.4s,外服,实测,247,4.116700,34.394500,C:\Users\金阳\Desktop\0.4s外服.mp4 -> 距离表_从0到220.25
外服0.4s,外服,实测,248,4.133300,34.394500,C:\Users\金阳\Desktop\0.4s外服.mp4 -> 距离表_从0到220.25
外服0.4s,外服,实测,249,4.150000,34.723500,C:\Users\金阳\Desktop\0.4s外服.mp4 -> 距离表_从0到220.25
外服0.4s,外服,实测,250,4.166700,34.723500,C:\Users\金阳\Desktop\0.4s外服.mp4 -> 距离表_从0到220.25
外服0.4s,外服,实测,251,4.183300,35.033500,C:\Users\金阳\Desktop\0.4s外服.mp4 -> 距离表_从0到220.25
外服0.4s,外服,实测,252,4.200000,35.033500,C:\Users\金阳\Desktop\0.4s外服.mp4 -> 距离表_从0到220.25
外服0.4s,外服,实测,253,4.216700,35.280600,C:\Users\金阳\Desktop\0.4s外服.mp4 -> 距离表_从0到220.25
外服0.4s,外服,实测,254,4.233300,35.322500,C:\Users\金阳\Desktop\0.4s外服.mp4 -> 距离表_从0到220.25
外服0.4s,外服,实测,255,4.250000,35.609500,C:\Users\金阳\Desktop\0.4s外服.mp4 -> 距离表_从0到220.25
外服0.4s,外服,实测,256,4.266700,35.609500,C:\Users\金阳\Desktop\0.4s外服.mp4 -> 距离表_从0到220.25
外服0.4s,外服,实测,257,4.283300,35.901500,C:\Users\金阳\Desktop\0.4s外服.mp4 -> 距离表_从0到220.25
外服0.4s,外服,实测,258,4.300000,35.901500,C:\Users\金阳\Desktop\0.4s外服.mp4 -> 距离表_从0到220.25
外服0.4s,外服,实测,259,4.316700,36.221500,C:\Users\金阳\Desktop\0.4s外服.mp4 -> 距离表_从0到220.25
外服0.4s,外服,实测,260,4.333300,36.221500,C:\Users\金阳\Desktop\0.4s外服.mp4 -> 距离表_从0到220.25
外服0.4s,外服,实测,261,4.350000,36.741500,C:\Users\金阳\Desktop\0.4s外服.mp4 -> 距离表_从0到220.25
外服0.4s,外服,实测,262,4.366700,36.741500,C:\Users\金阳\Desktop\0.4s外服.mp4 -> 距离表_从0到220.25
外服0.4s,外服,实测,263,4.383300,37.254500,C:\Users\金阳\Desktop\0.4s外服.mp4 -> 距离表_从0到220.25
外服0.4s,外服,实测,264,4.400000,37.254500,C:\Users\金阳\Desktop\0.4s外服.mp4 -> 距离表_从0到220.25
外服0.4s,外服,实测,265,4.416700,37.759500,C:\Users\金阳\Desktop\0.4s外服.mp4 -> 距离表_从0到220.25
外服0.4s,外服,实测,266,4.433300,37.759500,C:\Users\金阳\Desktop\0.4s外服.mp4 -> 距离表_从0到220.25
外服0.4s,外服,实测,267,4.450000,38.256500,C:\Users\金阳\Desktop\0.4s外服.mp4 -> 距离表_从0到220.25
外服0.4s,外服,实测,268,4.466700,38.256500,C:\Users\金阳\Desktop\0.4s外服.mp4 -> 距离表_从0到220.25
外服0.4s,外服,实测,269,4.483300,38.745500,C:\Users\金阳\Desktop\0.4s外服.mp4 -> 距离表_从0到220.25
外服0.4s,外服,实测,270,4.500000,38.745500,C:\Users\金阳\Desktop\0.4s外服.mp4 -> 距离表_从0到220.25
外服0.4s,外服,实测,271,4.516700,39.226500,C:\Users\金阳\Desktop\0.4s外服.mp4 -> 距离表_从0到220.25
外服0.4s,外服,实测,272,4.533300,39.226500,C:\Users\金阳\Desktop\0.4s外服.mp4 -> 距离表_从0到220.25
外服0.4s,外服,实测,273,4.550000,39.700600,C:\Users\金阳\Desktop\0.4s外服.mp4 -> 距离表_从0到220.25
外服0.4s,外服,实测,274,4.566700,39.700600,C:\Users\金阳\Desktop\0.4s外服.mp4 -> 距离表_从0到220.25
外服0.4s,外服,实测,275,4.583300,40.166600,C:\Users\金阳\Desktop\0.4s外服.mp4 -> 距离表_从0到220.25
外服0.4s,外服,实测,276,4.600000,40.166600,C:\Users\金阳\Desktop\0.4s外服.mp4 -> 距离表_从0到220.25
外服0.4s,外服,实测,277,4.616700,40.624500,C:\Users\金阳\Desktop\0.4s外服.mp4 -> 距离表_从0到220.25
外服0.4s,外服,实测,278,4.633300,40.624900,C:\Users\金阳\Desktop\0.4s外服.mp4 -> 距离表_从0到220.25
外服0.4s,外服,实测,279,4.650000,41.043600,C:\Users\金阳\Desktop\0.4s外服.mp4 -> 距离表_从0到220.25
外服0.4s,外服,实测,280,4.666700,41.043600,C:\Users\金阳\Desktop\0.4s外服.mp4 -> 距离表_从0到220.25
外服0.4s,外服,实测,281,4.683300,41.454900,C:\Users\金阳\Desktop\0.4s外服.mp4 -> 距离表_从0到220.25
外服0.4s,外服,实测,282,4.700000,41.454900,C:\Users\金阳\Desktop\0.4s外服.mp4 -> 距离表_从0到220.25
外服0.4s,外服,实测,283,4.716700,41.859900,C:\Users\金阳\Desktop\0.4s外服.mp4 -> 距离表_从0到220.25
外服0.4s,外服,实测,284,4.733300,41.859900,C:\Users\金阳\Desktop\0.4s外服.mp4 -> 距离表_从0到220.25
外服0.4s,外服,实测,285,4.750000,42.257900,C:\Users\金阳\Desktop\0.4s外服.mp4 -> 距离表_从0到220.25
外服0.4s,外服,实测,286,4.766700,42.257900,C:\Users\金阳\Desktop\0.4s外服.mp4 -> 距离表_从0到220.25
外服0.4s,外服,实测,287,4.783300,42.650900,C:\Users\金阳\Desktop\0.4s外服.mp4 -> 距离表_从0到220.25
外服0.4s,外服,实测,288,4.800000,42.650900,C:\Users\金阳\Desktop\0.4s外服.mp4 -> 距离表_从0到220.25
外服0.4s,外服,实测,289,4.816700,43.037900,C:\Users\金阳\Desktop\0.4s外服.mp4 -> 距离表_从0到220.25
外服0.4s,外服,实测,290,4.833300,43.037900,C:\Users\金阳\Desktop\0.4s外服.mp4 -> 距离表_从0到220.25
外服0.4s,外服,实测,291,4.850000,43.419900,C:\Users\金阳\Desktop\0.4s外服.mp4 -> 距离表_从0到220.25
外服0.4s,外服,实测,292,4.866700,43.419900,C:\Users\金阳\Desktop\0.4s外服.mp4 -> 距离表_从0到220.25
外服0.4s,外服,实测,293,4.883300,43.796900,C:\Users\金阳\Desktop\0.4s外服.mp4 -> 距离表_从0到220.25
外服0.4s,外服,实测,294,4.900000,43.796900,C:\Users\金阳\Desktop\0.4s外服.mp4 -> 距离表_从0到220.25
外服0.4s,外服,实测,295,4.916700,44.169900,C:\Users\金阳\Desktop\0.4s外服.mp4 -> 距离表_从0到220.25
外服0.4s,外服,实测,296,4.933300,44.169900,C:\Users\金阳\Desktop\0.4s外服.mp4 -> 距离表_从0到220.25
外服0.4s,外服,实测,297,4.950000,44.538900,C:\Users\金阳\Desktop\0.4s外服.mp4 -> 距离表_从0到220.25
外服0.4s,外服,实测,298,4.966700,44.538900,C:\Users\金阳\Desktop\0.4s外服.mp4 -> 距离表_从0到220.25
外服0.4s,外服,实测,299,4.983300,44.904900,C:\Users\金阳\Desktop\0.4s外服.mp4 -> 距离表_从0到220.25
外服0.4s,外服,实测,300,5.000000,44.904900,C:\Users\金阳\Desktop\0.4s外服.mp4 -> 距离表_从0到220.25
外服0.4s,外服,实测,301,5.016700,45.267600,C:\Users\金阳\Desktop\0.4s外服.mp4 -> 距离表_从0到220.25
外服0.4s,外服,实测,302,5.033300,45.267600,C:\Users\金阳\Desktop\0.4s外服.mp4 -> 距离表_从0到220.25
外服0.4s,外服,实测,303,5.050000,45.628500,C:\Users\金阳\Desktop\0.4s外服.mp4 -> 距离表_从0到220.25
外服0.4s,外服,实测,304,5.066700,45.628500,C:\Users\金阳\Desktop\0.4s外服.mp4 -> 距离表_从0到220.25
外服0.4s,外服,实测,305,5.083300,45.987500,C:\Users\金阳\Desktop\0.4s外服.mp4 -> 距离表_从0到220.25
外服0.4s,外服,实测,306,5.100000,45.987500,C:\Users\金阳\Desktop\0.4s外服.mp4 -> 距离表_从0到220.25
外服0.4s,外服,实测,307,5.116700,46.345500,C:\Users\金阳\Desktop\0.4s外服.mp4 -> 距离表_从0到220.25
外服0.4s,外服,实测,308,5.133300,46.345500,C:\Users\金阳\Desktop\0.4s外服.mp4 -> 距离表_从0到220.25
外服0.4s,外服,实测,309,5.150000,46.704500,C:\Users\金阳\Desktop\0.4s外服.mp4 -> 距离表_从0到220.25
外服0.4s,外服,实测,310,5.166700,46.704500,C:\Users\金阳\Desktop\0.4s外服.mp4 -> 距离表_从0到220.25
外服0.4s,外服,实测,311,5.183300,47.069500,C:\Users\金阳\Desktop\0.4s外服.mp4 -> 距离表_从0到220.25
外服0.4s,外服,实测,312,5.200000,47.069500,C:\Users\金阳\Desktop\0.4s外服.mp4 -> 距离表_从0到220.25
外服0.4s,外服,实测,313,5.216700,47.388500,C:\Users\金阳\Desktop\0.4s外服.mp4 -> 距离表_从0到220.25
外服0.4s,外服,实测,314,5.233300,47.388500,C:\Users\金阳\Desktop\0.4s外服.mp4 -> 距离表_从0到220.25
外服0.4s,外服,实测,315,5.250000,47.663500,C:\Users\金阳\Desktop\0.4s外服.mp4 -> 距离表_从0到220.25
外服0.4s,外服,实测,316,5.266700,47.663500,C:\Users\金阳\Desktop\0.4s外服.mp4 -> 距离表_从0到220.25
外服0.4s,外服,实测,317,5.283300,47.994500,C:\Users\金阳\Desktop\0.4s外服.mp4 -> 距离表_从0到220.25
外服0.4s,外服,实测,318,5.300000,47.994500,C:\Users\金阳\Desktop\0.4s外服.mp4 -> 距离表_从0到220.25
外服0.4s,外服,实测,319,5.316700,48.330500,C:\Users\金阳\Desktop\0.4s外服.mp4 -> 距离表_从0到220.25
外服0.4s,外服,实测,320,5.333300,48.330500,C:\Users\金阳\Desktop\0.4s外服.mp4 -> 距离表_从0到220.25
外服0.4s,外服,实测,321,5.350000,48.656500,C:\Users\金阳\Desktop\0.4s外服.mp4 -> 距离表_从0到220.25
外服0.4s,外服,实测,322,5.366700,48.656500,C:\Users\金阳\Desktop\0.4s外服.mp4 -> 距离表_从0到220.25
外服0.4s,外服,实测,323,5.383300,48.970500,C:\Users\金阳\Desktop\0.4s外服.mp4 -> 距离表_从0到220.25
外服0.4s,外服,实测,324,5.400000,48.970500,C:\Users\金阳\Desktop\0.4s外服.mp4 -> 距离表_从0到220.25
外服0.4s,外服,实测,325,5.416700,49.289500,C:\Users\金阳\Desktop\0.4s外服.mp4 -> 距离表_从0到220.25
外服0.4s,外服,实测,326,5.433300,49.289500,C:\Users\金阳\Desktop\0.4s外服.mp4 -> 距离表_从0到220.25
外服0.4s,外服,实测,327,5.450000,49.616500,C:\Users\金阳\Desktop\0.4s外服.mp4 -> 距离表_从0到220.25
外服0.4s,外服,实测,328,5.466700,49.616500,C:\Users\金阳\Desktop\0.4s外服.mp4 -> 距离表_从0到220.25
外服0.4s,外服,实测,329,5.483300,49.950500,C:\Users\金阳\Desktop\0.4s外服.mp4 -> 距离表_从0到220.25
外服0.4s,外服,实测,330,5.500000,49.950500,C:\Users\金阳\Desktop\0.4s外服.mp4 -> 距离表_从0到220.25
外服0.4s,外服,实测,331,5.516700,50.291500,C:\Users\金阳\Desktop\0.4s外服.mp4 -> 距离表_从0到220.25
外服0.4s,外服,实测,332,5.533300,50.291500,C:\Users\金阳\Desktop\0.4s外服.mp4 -> 距离表_从0到220.25
外服0.4s,外服,实测,333,5.550000,50.639500,C:\Users\金阳\Desktop\0.4s外服.mp4 -> 距离表_从0到220.25
外服0.4s,外服,实测,334,5.566700,50.639500,C:\Users\金阳\Desktop\0.4s外服.mp4 -> 距离表_从0到220.25
外服0.4s,外服,实测,335,5.583300,50.981500,C:\Users\金阳\Desktop\0.4s外服.mp4 -> 距离表_从0到220.25
外服0.4s,外服,实测,336,5.600000,50.981500,C:\Users\金阳\Desktop\0.4s外服.mp4 -> 距离表_从0到220.25
外服0.4s,外服,实测,337,5.616700,51.315500,C:\Users\金阳\Desktop\0.4s外服.mp4 -> 距离表_从0到220.25
外服0.4s,外服,实测,338,5.633300,51.315500,C:\Users\金阳\Desktop\0.4s外服.mp4 -> 距离表_从0到220.25
外服0.4s,外服,实测,339,5.650000,51.645700,C:\Users\金阳\Desktop\0.4s外服.mp4 -> 距离表_从0到220.25
外服0.4s,外服,实测,340,5.666700,51.645700,C:\Users\金阳\Desktop\0.4s外服.mp4 -> 距离表_从0到220.25
外服0.4s,外服,实测,341,5.683300,51.963500,C:\Users\金阳\Desktop\0.4s外服.mp4 -> 距离表_从0到220.25
外服0.4s,外服,实测,342,5.700000,51.963500,C:\Users\金阳\Desktop\0.4s外服.mp4 -> 距离表_从0到220.25
外服0.4s,外服,实测,343,5.716700,52.277500,C:\Users\金阳\Desktop\0.4s外服.mp4 -> 距离表_从0到220.25
外服0.4s,外服,实测,344,5.733300,52.277500,C:\Users\金阳\Desktop\0.4s外服.mp4 -> 距离表_从0到220.25
外服0.4s,外服,实测,345,5.750000,52.585500,C:\Users\金阳\Desktop\0.4s外服.mp4 -> 距离表_从0到220.25
外服0.4s,外服,实测,346,5.766700,52.585500,C:\Users\金阳\Desktop\0.4s外服.mp4 -> 距离表_从0到220.25
外服0.4s,外服,实测,347,5.783300,52.886600,C:\Users\金阳\Desktop\0.4s外服.mp4 -> 距离表_从0到220.25
外服0.4s,外服,实测,348,5.800000,52.886600,C:\Users\金阳\Desktop\0.4s外服.mp4 -> 距离表_从0到220.25
外服0.4s,外服,实测,349,5.816700,53.181500,C:\Users\金阳\Desktop\0.4s外服.mp4 -> 距离表_从0到220.25
外服0.4s,外服,实测,350,5.833300,53.181500,C:\Users\金阳\Desktop\0.4s外服.mp4 -> 距离表_从0到220.25
外服0.4s,外服,实测,351,5.850000,53.470500,C:\Users\金阳\Desktop\0.4s外服.mp4 -> 距离表_从0到220.25
外服0.4s,外服,实测,352,5.866700,53.470500,C:\Users\金阳\Desktop\0.4s外服.mp4 -> 距离表_从0到220.25
外服0.4s,外服,实测,353,5.883300,53.754500,C:\Users\金阳\Desktop\0.4s外服.mp4 -> 距离表_从0到220.25
外服0.4s,外服,实测,354,5.900000,53.754500,C:\Users\金阳\Desktop\0.4s外服.mp4 -> 距离表_从0到220.25
外服0.4s,外服,实测,355,5.916700,54.033500,C:\Users\金阳\Desktop\0.4s外服.mp4 -> 距离表_从0到220.25
外服0.4s,外服,实测,356,5.933300,54.033500,C:\Users\金阳\Desktop\0.4s外服.mp4 -> 距离表_从0到220.25
外服0.4s,外服,实测,357,5.950000,54.544500,C:\Users\金阳\Desktop\0.4s外服.mp4 -> 距离表_从0到220.25
外服0.4s,外服,实测,358,5.966700,54.544500,C:\Users\金阳\Desktop\0.4s外服.mp4 -> 距离表_从0到220.25
外服0.4s,外服,实测,359,5.983300,55.036500,C:\Users\金阳\Desktop\0.4s外服.mp4 -> 距离表_从0到220.25
外服0.4s,外服,实测,360,6.000000,55.036500,C:\Users\金阳\Desktop\0.4s外服.mp4 -> 距离表_从0到220.25
外服0.4s,外服,实测,361,6.016700,55.510500,C:\Users\金阳\Desktop\0.4s外服.mp4 -> 距离表_从0到220.25
外服0.4s,外服,实测,362,6.033300,55.510500,C:\Users\金阳\Desktop\0.4s外服.mp4 -> 距离表_从0到220.25
外服0.4s,外服,实测,363,6.050000,55.974500,C:\Users\金阳\Desktop\0.4s外服.mp4 -> 距离表_从0到220.25
外服0.4s,外服,实测,364,6.066700,55.974500,C:\Users\金阳\Desktop\0.4s外服.mp4 -> 距离表_从0到220.25
外服0.4s,外服,实测,365,6.083300,56.430500,C:\Users\金阳\Desktop\0.4s外服.mp4 -> 距离表_从0到220.25
外服0.4s,外服,实测,366,6.100000,56.430500,C:\Users\金阳\Desktop\0.4s外服.mp4 -> 距离表_从0到220.25
外服0.4s,外服,实测,367,6.116700,56.878500,C:\Users\金阳\Desktop\0.4s外服.mp4 -> 距离表_从0到220.25
外服0.4s,外服,实测,368,6.133300,56.878500,C:\Users\金阳\Desktop\0.4s外服.mp4 -> 距离表_从0到220.25
外服0.4s,外服,实测,369,6.150000,57.319500,C:\Users\金阳\Desktop\0.4s外服.mp4 -> 距离表_从0到220.25
外服0.4s,外服,实测,370,6.166700,57.319500,C:\Users\金阳\Desktop\0.4s外服.mp4 -> 距离表_从0到220.25
外服0.4s,外服,实测,371,6.183300,57.753500,C:\Users\金阳\Desktop\0.4s外服.mp4 -> 距离表_从0到220.25
外服0.4s,外服,实测,372,6.200000,57.753500,C:\Users\金阳\Desktop\0.4s外服.mp4 -> 距离表_从0到220.25
外服0.4s,外服,实测,373,6.216700,60.231500,C:\Users\金阳\Desktop\0.4s外服.mp4 -> 距离表_从0到220.25
外服0.4s,外服,实测,374,6.233300,60.231500,C:\Users\金阳\Desktop\0.4s外服.mp4 -> 距离表_从0到220.25
外服0.4s,外服,实测,375,6.250000,60.562500,C:\Users\金阳\Desktop\0.4s外服.mp4 -> 距离表_从0到220.25
外服0.4s,外服,实测,376,6.266700,60.562500,C:\Users\金阳\Desktop\0.4s外服.mp4 -> 距离表_从0到220.25
外服0.4s,外服,实测,377,6.283300,61.016500,C:\Users\金阳\Desktop\0.4s外服.mp4 -> 距离表_从0到220.25
外服0.4s,外服,实测,378,6.300000,61.016500,C:\Users\金阳\Desktop\0.4s外服.mp4 -> 距离表_从0到220.25
外服0.4s,外服,实测,379,6.316700,61.511500,C:\Users\金阳\Desktop\0.4s外服.mp4 -> 距离表_从0到220.25
外服0.4s,外服,实测,380,6.333300,61.511500,C:\Users\金阳\Desktop\0.4s外服.mp4 -> 距离表_从0到220.25
外服0.4s,外服,实测,381,6.350000,61.999500,C:\Users\金阳\Desktop\0.4s外服.mp4 -> 距离表_从0到220.25
外服0.4s,外服,实测,382,6.366700,61.999500,C:\Users\金阳\Desktop\0.4s外服.mp4 -> 距离表_从0到220.25
外服0.4s,外服,实测,383,6.383300,62.478600,C:\Users\金阳\Desktop\0.4s外服.mp4 -> 距离表_从0到220.25
外服0.4s,外服,实测,384,6.400000,62.478600,C:\Users\金阳\Desktop\0.4s外服.mp4 -> 距离表_从0到220.25
外服0.4s,外服,实测,385,6.416700,62.892600,C:\Users\金阳\Desktop\0.4s外服.mp4 -> 距离表_从0到220.25
外服0.4s,外服,实测,386,6.433300,62.892600,C:\Users\金阳\Desktop\0.4s外服.mp4 -> 距离表_从0到220.25
外服0.4s,外服,实测,387,6.450000,63.232500,C:\Users\金阳\Desktop\0.4s外服.mp4 -> 距离表_从0到220.25
外服0.4s,外服,实测,388,6.466700,63.232500,C:\Users\金阳\Desktop\0.4s外服.mp4 -> 距离表_从0到220.25
外服0.4s,外服,实测,389,6.483300,63.559500,C:\Users\金阳\Desktop\0.4s外服.mp4 -> 距离表_从0到220.25
外服0.4s,外服,实测,390,6.500000,63.559500,C:\Users\金阳\Desktop\0.4s外服.mp4 -> 距离表_从0到220.25
外服0.4s,外服,实测,391,6.516700,63.925500,C:\Users\金阳\Desktop\0.4s外服.mp4 -> 距离表_从0到220.25
外服0.4s,外服,实测,392,6.533300,63.925500,C:\Users\金阳\Desktop\0.4s外服.mp4 -> 距离表_从0到220.25
外服0.4s,外服,实测,393,6.550000,64.291500,C:\Users\金阳\Desktop\0.4s外服.mp4 -> 距离表_从0到220.25
外服0.4s,外服,实测,394,6.566700,64.291500,C:\Users\金阳\Desktop\0.4s外服.mp4 -> 距离表_从0到220.25
外服0.4s,外服,实测,395,6.583300,64.641500,C:\Users\金阳\Desktop\0.4s外服.mp4 -> 距离表_从0到220.25
外服0.4s,外服,实测,396,6.600000,64.641500,C:\Users\金阳\Desktop\0.4s外服.mp4 -> 距离表_从0到220.25
外服0.4s,外服,实测,397,6.616700,64.977500,C:\Users\金阳\Desktop\0.4s外服.mp4 -> 距离表_从0到220.25
外服0.4s,外服,实测,398,6.633300,64.977500,C:\Users\金阳\Desktop\0.4s外服.mp4 -> 距离表_从0到220.25
外服0.4s,外服,实测,399,6.650000,65.313900,C:\Users\金阳\Desktop\0.4s外服.mp4 -> 距离表_从0到220.25
外服0.4s,外服,实测,400,6.666700,65.313900,C:\Users\金阳\Desktop\0.4s外服.mp4 -> 距离表_从0到220.25
外服0.4s,外服,实测,401,6.683300,65.656900,C:\Users\金阳\Desktop\0.4s外服.mp4 -> 距离表_从0到220.25
外服0.4s,外服,实测,402,6.700000,65.656900,C:\Users\金阳\Desktop\0.4s外服.mp4 -> 距离表_从0到220.25
外服0.4s,外服,实测,403,6.716700,66.028900,C:\Users\金阳\Desktop\0.4s外服.mp4 -> 距离表_从0到220.25
外服0.4s,外服,实测,404,6.733300,66.028500,C:\Users\金阳\Desktop\0.4s外服.mp4 -> 距离表_从0到220.25
外服0.4s,外服,实测,405,6.750000,66.604500,C:\Users\金阳\Desktop\0.4s外服.mp4 -> 距离表_从0到220.25
外服0.4s,外服,实测,406,6.766700,66.604500,C:\Users\金阳\Desktop\0.4s外服.mp4 -> 距离表_从0到220.25
外服0.4s,外服,实测,407,6.783300,67.174500,C:\Users\金阳\Desktop\0.4s外服.mp4 -> 距离表_从0到220.25
外服0.4s,外服,实测,408,6.800000,67.174500,C:\Users\金阳\Desktop\0.4s外服.mp4 -> 距离表_从0到220.25
外服0.4s,外服,实测,409,6.816700,67.737500,C:\Users\金阳\Desktop\0.4s外服.mp4 -> 距离表_从0到220.25
外服0.4s,外服,实测,410,6.833300,67.737500,C:\Users\金阳\Desktop\0.4s外服.mp4 -> 距离表_从0到220.25
外服0.4s,外服,实测,411,6.850000,68.294600,C:\Users\金阳\Desktop\0.4s外服.mp4 -> 距离表_从0到220.25
外服0.4s,外服,实测,412,6.866700,68.294600,C:\Users\金阳\Desktop\0.4s外服.mp4 -> 距离表_从0到220.25
外服0.4s,外服,实测,413,6.883300,68.844500,C:\Users\金阳\Desktop\0.4s外服.mp4 -> 距离表_从0到220.25
外服0.4s,外服,实测,414,6.900000,68.844500,C:\Users\金阳\Desktop\0.4s外服.mp4 -> 距离表_从0到220.25
外服0.4s,外服,实测,415,6.916700,69.388500,C:\Users\金阳\Desktop\0.4s外服.mp4 -> 距离表_从0到220.25
外服0.4s,外服,实测,416,6.933300,69.388500,C:\Users\金阳\Desktop\0.4s外服.mp4 -> 距离表_从0到220.25
外服0.4s,外服,实测,417,6.950000,69.926600,C:\Users\金阳\Desktop\0.4s外服.mp4 -> 距离表_从0到220.25
外服0.4s,外服,实测,418,6.966700,69.926600,C:\Users\金阳\Desktop\0.4s外服.mp4 -> 距离表_从0到220.25
外服0.4s,外服,实测,419,6.983300,70.457500,C:\Users\金阳\Desktop\0.4s外服.mp4 -> 距离表_从0到220.25
外服0.4s,外服,实测,420,7.000000,70.457500,C:\Users\金阳\Desktop\0.4s外服.mp4 -> 距离表_从0到220.25
外服0.4s,外服,实测,421,7.016700,70.982500,C:\Users\金阳\Desktop\0.4s外服.mp4 -> 距离表_从0到220.25
外服0.4s,外服,实测,422,7.033300,70.982500,C:\Users\金阳\Desktop\0.4s外服.mp4 -> 距离表_从0到220.25
外服0.4s,外服,实测,423,7.050000,71.468500,C:\Users\金阳\Desktop\0.4s外服.mp4 -> 距离表_从0到220.25
外服0.4s,外服,实测,424,7.066700,71.468500,C:\Users\金阳\Desktop\0.4s外服.mp4 -> 距离表_从0到220.25
外服0.4s,外服,实测,425,7.083300,71.948500,C:\Users\金阳\Desktop\0.4s外服.mp4 -> 距离表_从0到220.25
外服0.4s,外服,实测,426,7.100000,71.948500,C:\Users\金阳\Desktop\0.4s外服.mp4 -> 距离表_从0到220.25
外服0.4s,外服,实测,427,7.116700,72.422500,C:\Users\金阳\Desktop\0.4s外服.mp4 -> 距离表_从0到220.25
外服0.4s,外服,实测,428,7.133300,72.422500,C:\Users\金阳\Desktop\0.4s外服.mp4 -> 距离表_从0到220.25
外服0.4s,外服,实测,429,7.150000,72.890500,C:\Users\金阳\Desktop\0.4s外服.mp4 -> 距离表_从0到220.25
外服0.4s,外服,实测,430,7.166700,72.890500,C:\Users\金阳\Desktop\0.4s外服.mp4 -> 距离表_从0到220.25
外服0.4s,外服,实测,431,7.183300,73.353500,C:\Users\金阳\Desktop\0.4s外服.mp4 -> 距离表_从0到220.25
外服0.4s,外服,实测,432,7.200000,73.353500,C:\Users\金阳\Desktop\0.4s外服.mp4 -> 距离表_从0到220.25
外服0.4s,外服,实测,433,7.216700,73.811500,C:\Users\金阳\Desktop\0.4s外服.mp4 -> 距离表_从0到220.25
外服0.4s,外服,实测,434,7.233300,73.811500,C:\Users\金阳\Desktop\0.4s外服.mp4 -> 距离表_从0到220.25
外服0.4s,外服,实测,435,7.250000,74.263500,C:\Users\金阳\Desktop\0.4s外服.mp4 -> 距离表_从0到220.25
外服0.4s,外服,实测,436,7.266700,74.263500,C:\Users\金阳\Desktop\0.4s外服.mp4 -> 距离表_从0到220.25
外服0.4s,外服,实测,437,7.283300,74.711500,C:\Users\金阳\Desktop\0.4s外服.mp4 -> 距离表_从0到220.25
外服0.4s,外服,实测,438,7.300000,74.711500,C:\Users\金阳\Desktop\0.4s外服.mp4 -> 距离表_从0到220.25
外服0.4s,外服,实测,439,7.316700,75.155500,C:\Users\金阳\Desktop\0.4s外服.mp4 -> 距离表_从0到220.25
外服0.4s,外服,实测,440,7.333300,75.155500,C:\Users\金阳\Desktop\0.4s外服.mp4 -> 距离表_从0到220.25
外服0.4s,外服,实测,441,7.350000,75.594500,C:\Users\金阳\Desktop\0.4s外服.mp4 -> 距离表_从0到220.25
外服0.4s,外服,实测,442,7.366700,75.594500,C:\Users\金阳\Desktop\0.4s外服.mp4 -> 距离表_从0到220.25
外服0.4s,外服,实测,443,7.383300,76.030500,C:\Users\金阳\Desktop\0.4s外服.mp4 -> 距离表_从0到220.25
外服0.4s,外服,实测,444,7.400000,76.030500,C:\Users\金阳\Desktop\0.4s外服.mp4 -> 距离表_从0到220.25
外服0.4s,外服,实测,445,7.416700,76.462500,C:\Users\金阳\Desktop\0.4s外服.mp4 -> 距离表_从0到220.25
外服0.4s,外服,实测,446,7.433300,76.462500,C:\Users\金阳\Desktop\0.4s外服.mp4 -> 距离表_从0到220.25
外服0.4s,外服,实测,447,7.450000,76.891500,C:\Users\金阳\Desktop\0.4s外服.mp4 -> 距离表_从0到220.25
外服0.4s,外服,实测,448,7.466700,76.891500,C:\Users\金阳\Desktop\0.4s外服.mp4 -> 距离表_从0到220.25
外服0.4s,外服,实测,449,7.483300,77.318600,C:\Users\金阳\Desktop\0.4s外服.mp4 -> 距离表_从0到220.25
外服0.4s,外服,实测,450,7.500000,77.318600,C:\Users\金阳\Desktop\0.4s外服.mp4 -> 距离表_从0到220.25
外服0.4s,外服,实测,451,7.516700,77.742600,C:\Users\金阳\Desktop\0.4s外服.mp4 -> 距离表_从0到220.25
外服0.4s,外服,实测,452,7.533300,77.742600,C:\Users\金阳\Desktop\0.4s外服.mp4 -> 距离表_从0到220.25
外服0.4s,外服,实测,453,7.550000,78.164600,C:\Users\金阳\Desktop\0.4s外服.mp4 -> 距离表_从0到220.25
外服0.4s,外服,实测,454,7.566700,78.164600,C:\Users\金阳\Desktop\0.4s外服.mp4 -> 距离表_从0到220.25
外服0.4s,外服,实测,455,7.583300,78.588500,C:\Users\金阳\Desktop\0.4s外服.mp4 -> 距离表_从0到220.25
外服0.4s,外服,实测,456,7.600000,78.588500,C:\Users\金阳\Desktop\0.4s外服.mp4 -> 距离表_从0到220.25
外服0.4s,外服,实测,457,7.616700,78.967500,C:\Users\金阳\Desktop\0.4s外服.mp4 -> 距离表_从0到220.25
外服0.4s,外服,实测,458,7.633300,78.967500,C:\Users\金阳\Desktop\0.4s外服.mp4 -> 距离表_从0到220.25
外服0.4s,外服,实测,459,7.650000,79.302500,C:\Users\金阳\Desktop\0.4s外服.mp4 -> 距离表_从0到220.25
外服0.4s,外服,实测,460,7.666700,79.302500,C:\Users\金阳\Desktop\0.4s外服.mp4 -> 距离表_从0到220.25
外服0.4s,外服,实测,461,7.683300,79.693600,C:\Users\金阳\Desktop\0.4s外服.mp4 -> 距离表_从0到220.25
外服0.4s,外服,实测,462,7.700000,79.693600,C:\Users\金阳\Desktop\0.4s外服.mp4 -> 距离表_从0到220.25
外服0.4s,外服,实测,463,7.716700,80.082500,C:\Users\金阳\Desktop\0.4s外服.mp4 -> 距离表_从0到220.25
外服0.4s,外服,实测,464,7.733300,80.082500,C:\Users\金阳\Desktop\0.4s外服.mp4 -> 距离表_从0到220.25
外服0.4s,外服,实测,465,7.750000,80.461500,C:\Users\金阳\Desktop\0.4s外服.mp4 -> 距离表_从0到220.25
外服0.4s,外服,实测,466,7.766700,80.461500,C:\Users\金阳\Desktop\0.4s外服.mp4 -> 距离表_从0到220.25
外服0.4s,外服,实测,467,7.783300,80.829500,C:\Users\金阳\Desktop\0.4s外服.mp4 -> 距离表_从0到220.25
外服0.4s,外服,实测,468,7.800000,80.829500,C:\Users\金阳\Desktop\0.4s外服.mp4 -> 距离表_从0到220.25
外服0.4s,外服,实测,469,7.816700,81.202500,C:\Users\金阳\Desktop\0.4s外服.mp4 -> 距离表_从0到220.25
外服0.4s,外服,实测,470,7.833300,81.202500,C:\Users\金阳\Desktop\0.4s外服.mp4 -> 距离表_从0到220.25
外服0.4s,外服,实测,471,7.850000,81.584500,C:\Users\金阳\Desktop\0.4s外服.mp4 -> 距离表_从0到220.25
外服0.4s,外服,实测,472,7.866700,81.584500,C:\Users\金阳\Desktop\0.4s外服.mp4 -> 距离表_从0到220.25
外服0.4s,外服,实测,473,7.883300,81.975500,C:\Users\金阳\Desktop\0.4s外服.mp4 -> 距离表_从0到220.25
外服0.4s,外服,实测,474,7.900000,81.975500,C:\Users\金阳\Desktop\0.4s外服.mp4 -> 距离表_从0到220.25
外服0.4s,外服,实测,475,7.916700,82.373500,C:\Users\金阳\Desktop\0.4s外服.mp4 -> 距离表_从0到220.25
外服0.4s,外服,实测,476,7.933300,82.373500,C:\Users\金阳\Desktop\0.4s外服.mp4 -> 距离表_从0到220.25
外服0.4s,外服,实测,477,7.950000,82.778500,C:\Users\金阳\Desktop\0.4s外服.mp4 -> 距离表_从0到220.25
外服0.4s,外服,实测,478,7.966700,82.778500,C:\Users\金阳\Desktop\0.4s外服.mp4 -> 距离表_从0到220.25
外服0.4s,外服,实测,479,7.983300,83.178500,C:\Users\金阳\Desktop\0.4s外服.mp4 -> 距离表_从0到220.25
外服0.4s,外服,实测,480,8.000000,83.178500,C:\Users\金阳\Desktop\0.4s外服.mp4 -> 距离表_从0到220.25
外服0.4s,外服,实测,481,8.016700,83.571500,C:\Users\金阳\Desktop\0.4s外服.mp4 -> 距离表_从0到220.25
外服0.4s,外服,实测,482,8.033300,83.571500,C:\Users\金阳\Desktop\0.4s外服.mp4 -> 距离表_从0到220.25
外服0.4s,外服,实测,483,8.050000,83.959900,C:\Users\金阳\Desktop\0.4s外服.mp4 -> 距离表_从0到220.25
外服0.4s,外服,实测,484,8.066700,83.960300,C:\Users\金阳\Desktop\0.4s外服.mp4 -> 距离表_从0到220.25
外服0.4s,外服,实测,485,8.083300,84.341600,C:\Users\金阳\Desktop\0.4s外服.mp4 -> 距离表_从0到220.25
外服0.4s,外服,实测,486,8.100000,84.341600,C:\Users\金阳\Desktop\0.4s外服.mp4 -> 距离表_从0到220.25
外服0.4s,外服,实测,487,8.116700,84.717900,C:\Users\金阳\Desktop\0.4s外服.mp4 -> 距离表_从0到220.25
外服0.4s,外服,实测,488,8.133300,84.712100,C:\Users\金阳\Desktop\0.4s外服.mp4 -> 距离表_从0到220.25
外服0.4s,外服,实测,489,8.150000,85.086100,C:\Users\金阳\Desktop\0.4s外服.mp4 -> 距离表_从0到220.25
外服0.4s,外服,实测,490,8.166700,85.086100,C:\Users\金阳\Desktop\0.4s外服.mp4 -> 距离表_从0到220.25
外服0.4s,外服,实测,491,8.183300,85.455500,C:\Users\金阳\Desktop\0.4s外服.mp4 -> 距离表_从0到220.25
外服0.4s,外服,实测,492,8.200000,85.455500,C:\Users\金阳\Desktop\0.4s外服.mp4 -> 距离表_从0到220.25
外服0.4s,外服,实测,493,8.216700,85.806400,C:\Users\金阳\Desktop\0.4s外服.mp4 -> 距离表_从0到220.25
外服0.4s,外服,实测,494,8.233300,85.806400,C:\Users\金阳\Desktop\0.4s外服.mp4 -> 距离表_从0到220.25
外服0.4s,外服,实测,495,8.250000,86.164500,C:\Users\金阳\Desktop\0.4s外服.mp4 -> 距离表_从0到220.25
外服0.4s,外服,实测,496,8.266700,86.164500,C:\Users\金阳\Desktop\0.4s外服.mp4 -> 距离表_从0到220.25
外服0.4s,外服,实测,497,8.283300,86.513500,C:\Users\金阳\Desktop\0.4s外服.mp4 -> 距离表_从0到220.25
外服0.4s,外服,实测,498,8.300000,86.513500,C:\Users\金阳\Desktop\0.4s外服.mp4 -> 距离表_从0到220.25
外服0.4s,外服,实测,499,8.316700,86.857500,C:\Users\金阳\Desktop\0.4s外服.mp4 -> 距离表_从0到220.25
外服0.4s,外服,实测,500,8.333300,86.857500,C:\Users\金阳\Desktop\0.4s外服.mp4 -> 距离表_从0到220.25
外服0.4s,外服,实测,501,8.350000,87.427500,C:\Users\金阳\Desktop\0.4s外服.mp4 -> 距离表_从0到220.25
外服0.4s,外服,实测,502,8.366700,87.427500,C:\Users\金阳\Desktop\0.4s外服.mp4 -> 距离表_从0到220.25
外服0.4s,外服,实测,503,8.383300,87.976200,C:\Users\金阳\Desktop\0.4s外服.mp4 -> 距离表_从0到220.25
外服0.4s,外服,实测,504,8.400000,87.976200,C:\Users\金阳\Desktop\0.4s外服.mp4 -> 距离表_从0到220.25
外服0.4s,外服,实测,505,8.416700,88.511500,C:\Users\金阳\Desktop\0.4s外服.mp4 -> 距离表_从0到220.25
外服0.4s,外服,实测,506,8.433300,88.511500,C:\Users\金阳\Desktop\0.4s外服.mp4 -> 距离表_从0到220.25
外服0.4s,外服,实测,507,8.450000,89.025500,C:\Users\金阳\Desktop\0.4s外服.mp4 -> 距离表_从0到220.25
外服0.4s,外服,实测,508,8.466700,89.025500,C:\Users\金阳\Desktop\0.4s外服.mp4 -> 距离表_从0到220.25
外服0.4s,外服,实测,509,8.483300,89.479500,C:\Users\金阳\Desktop\0.4s外服.mp4 -> 距离表_从0到220.25
外服0.4s,外服,实测,510,8.500000,89.479500,C:\Users\金阳\Desktop\0.4s外服.mp4 -> 距离表_从0到220.25
外服0.4s,外服,实测,511,8.516700,89.920500,C:\Users\金阳\Desktop\0.4s外服.mp4 -> 距离表_从0到220.25
外服0.4s,外服,实测,512,8.533300,89.920500,C:\Users\金阳\Desktop\0.4s外服.mp4 -> 距离表_从0到220.25
外服0.4s,外服,实测,513,8.550000,90.349500,C:\Users\金阳\Desktop\0.4s外服.mp4 -> 距离表_从0到220.25
外服0.4s,外服,实测,514,8.566700,90.349500,C:\Users\金阳\Desktop\0.4s外服.mp4 -> 距离表_从0到220.25
外服0.4s,外服,实测,515,8.583300,90.766500,C:\Users\金阳\Desktop\0.4s外服.mp4 -> 距离表_从0到220.25
外服0.4s,外服,实测,516,8.600000,90.766500,C:\Users\金阳\Desktop\0.4s外服.mp4 -> 距离表_从0到220.25
外服0.4s,外服,实测,517,8.616700,93.520500,C:\Users\金阳\Desktop\0.4s外服.mp4 -> 距离表_从0到220.25
外服0.4s,外服,实测,518,8.633300,93.520500,C:\Users\金阳\Desktop\0.4s外服.mp4 -> 距离表_从0到220.25
外服0.4s,外服,实测,519,8.650000,93.911500,C:\Users\金阳\Desktop\0.4s外服.mp4 -> 距离表_从0到220.25
外服0.4s,外服,实测,520,8.666700,93.911500,C:\Users\金阳\Desktop\0.4s外服.mp4 -> 距离表_从0到220.25
外服0.4s,外服,实测,521,8.683300,94.442500,C:\Users\金阳\Desktop\0.4s外服.mp4 -> 距离表_从0到220.25
外服0.4s,外服,实测,522,8.700000,94.442500,C:\Users\金阳\Desktop\0.4s外服.mp4 -> 距离表_从0到220.25
外服0.4s,外服,实测,523,8.716700,95.020500,C:\Users\金阳\Desktop\0.4s外服.mp4 -> 距离表_从0到220.25
外服0.4s,外服,实测,524,8.733300,95.020500,C:\Users\金阳\Desktop\0.4s外服.mp4 -> 距离表_从0到220.25
外服0.4s,外服,实测,525,8.750000,95.590500,C:\Users\金阳\Desktop\0.4s外服.mp4 -> 距离表_从0到220.25
外服0.4s,外服,实测,526,8.766700,95.590500,C:\Users\金阳\Desktop\0.4s外服.mp4 -> 距离表_从0到220.25
外服0.4s,外服,实测,527,8.783300,96.139600,C:\Users\金阳\Desktop\0.4s外服.mp4 -> 距离表_从0到220.25
外服0.4s,外服,实测,528,8.800000,96.139600,C:\Users\金阳\Desktop\0.4s外服.mp4 -> 距离表_从0到220.25
外服0.4s,外服,实测,529,8.816700,96.617500,C:\Users\金阳\Desktop\0.4s外服.mp4 -> 距离表_从0到220.25
外服0.4s,外服,实测,530,8.833300,96.617500,C:\Users\金阳\Desktop\0.4s外服.mp4 -> 距离表_从0到220.25
外服0.4s,外服,实测,531,8.850000,97.018500,C:\Users\金阳\Desktop\0.4s外服.mp4 -> 距离表_从0到220.25
外服0.4s,外服,实测,532,8.866700,97.018500,C:\Users\金阳\Desktop\0.4s外服.mp4 -> 距离表_从0到220.25
外服0.4s,外服,实测,533,8.883300,97.403500,C:\Users\金阳\Desktop\0.4s外服.mp4 -> 距离表_从0到220.25
外服0.4s,外服,实测,534,8.900000,97.403500,C:\Users\金阳\Desktop\0.4s外服.mp4 -> 距离表_从0到220.25
外服0.4s,外服,实测,535,8.916700,97.819500,C:\Users\金阳\Desktop\0.4s外服.mp4 -> 距离表_从0到220.25
外服0.4s,外服,实测,536,8.933300,97.819500,C:\Users\金阳\Desktop\0.4s外服.mp4 -> 距离表_从0到220.25
外服0.4s,外服,实测,537,8.950000,98.231500,C:\Users\金阳\Desktop\0.4s外服.mp4 -> 距离表_从0到220.25
外服0.4s,外服,实测,538,8.966700,98.231500,C:\Users\金阳\Desktop\0.4s外服.mp4 -> 距离表_从0到220.25
外服0.4s,外服,实测,539,8.983300,98.631500,C:\Users\金阳\Desktop\0.4s外服.mp4 -> 距离表_从0到220.25
外服0.4s,外服,实测,540,9.000000,98.631500,C:\Users\金阳\Desktop\0.4s外服.mp4 -> 距离表_从0到220.25
外服0.4s,外服,实测,541,9.016700,99.021500,C:\Users\金阳\Desktop\0.4s外服.mp4 -> 距离表_从0到220.25
外服0.4s,外服,实测,542,9.033300,99.021500,C:\Users\金阳\Desktop\0.4s外服.mp4 -> 距离表_从0到220.25
外服0.4s,外服,实测,543,9.050000,99.411500,C:\Users\金阳\Desktop\0.4s外服.mp4 -> 距离表_从0到220.25
外服0.4s,外服,实测,544,9.066700,99.415500,C:\Users\金阳\Desktop\0.4s外服.mp4 -> 距离表_从0到220.25
外服0.4s,外服,实测,545,9.083300,99.815500,C:\Users\金阳\Desktop\0.4s外服.mp4 -> 距离表_从0到220.25
外服0.4s,外服,实测,546,9.100000,99.815500,C:\Users\金阳\Desktop\0.4s外服.mp4 -> 距离表_从0到220.25
外服0.4s,外服,实测,547,9.116700,100.245500,C:\Users\金阳\Desktop\0.4s外服.mp4 -> 距离表_从0到220.25
外服0.4s,外服,实测,548,9.133300,100.245500,C:\Users\金阳\Desktop\0.4s外服.mp4 -> 距离表_从0到220.25
外服0.4s,外服,实测,549,9.150000,100.871500,C:\Users\金阳\Desktop\0.4s外服.mp4 -> 距离表_从0到220.25
外服0.4s,外服,实测,550,9.166700,100.871500,C:\Users\金阳\Desktop\0.4s外服.mp4 -> 距离表_从0到220.25
外服0.4s,外服,实测,551,9.183300,101.501500,C:\Users\金阳\Desktop\0.4s外服.mp4 -> 距离表_从0到220.25
外服0.4s,外服,实测,552,9.200000,101.501500,C:\Users\金阳\Desktop\0.4s外服.mp4 -> 距离表_从0到220.25
外服0.4s,外服,实测,553,9.216700,102.121500,C:\Users\金阳\Desktop\0.4s外服.mp4 -> 距离表_从0到220.25
外服0.4s,外服,实测,554,9.233300,102.121500,C:\Users\金阳\Desktop\0.4s外服.mp4 -> 距离表_从0到220.25
外服0.4s,外服,实测,555,9.250000,102.741500,C:\Users\金阳\Desktop\0.4s外服.mp4 -> 距离表_从0到220.25
外服0.4s,外服,实测,556,9.266700,102.741500,C:\Users\金阳\Desktop\0.4s外服.mp4 -> 距离表_从0到220.25
外服0.4s,外服,实测,557,9.283300,103.351500,C:\Users\金阳\Desktop\0.4s外服.mp4 -> 距离表_从0到220.25
外服0.4s,外服,实测,558,9.300000,103.351500,C:\Users\金阳\Desktop\0.4s外服.mp4 -> 距离表_从0到220.25
外服0.4s,外服,实测,559,9.316700,103.951500,C:\Users\金阳\Desktop\0.4s外服.mp4 -> 距离表_从0到220.25
外服0.4s,外服,实测,560,9.333300,103.951500,C:\Users\金阳\Desktop\0.4s外服.mp4 -> 距离表_从0到220.25
外服0.4s,外服,实测,561,9.350000,104.551500,C:\Users\金阳\Desktop\0.4s外服.mp4 -> 距离表_从0到220.25
外服0.4s,外服,实测,562,9.366700,104.551500,C:\Users\金阳\Desktop\0.4s外服.mp4 -> 距离表_从0到220.25
外服0.4s,外服,实测,563,9.383300,105.152500,C:\Users\金阳\Desktop\0.4s外服.mp4 -> 距离表_从0到220.25
外服0.4s,外服,实测,564,9.400000,105.152500,C:\Users\金阳\Desktop\0.4s外服.mp4 -> 距离表_从0到220.25
外服0.4s,外服,实测,565,9.416700,105.731500,C:\Users\金阳\Desktop\0.4s外服.mp4 -> 距离表_从0到220.25
外服0.4s,外服,实测,566,9.433300,105.731500,C:\Users\金阳\Desktop\0.4s外服.mp4 -> 距离表_从0到220.25
外服0.4s,外服,实测,567,9.450000,106.281500,C:\Users\金阳\Desktop\0.4s外服.mp4 -> 距离表_从0到220.25
外服0.4s,外服,实测,568,9.466700,106.281500,C:\Users\金阳\Desktop\0.4s外服.mp4 -> 距离表_从0到220.25
外服0.4s,外服,实测,569,9.483300,106.832500,C:\Users\金阳\Desktop\0.4s外服.mp4 -> 距离表_从0到220.25
外服0.4s,外服,实测,570,9.500000,106.832500,C:\Users\金阳\Desktop\0.4s外服.mp4 -> 距离表_从0到220.25
外服0.4s,外服,实测,571,9.516700,107.361500,C:\Users\金阳\Desktop\0.4s外服.mp4 -> 距离表_从0到220.25
外服0.4s,外服,实测,572,9.533300,107.361500,C:\Users\金阳\Desktop\0.4s外服.mp4 -> 距离表_从0到220.25
外服0.4s,外服,实测,573,9.550000,107.902500,C:\Users\金阳\Desktop\0.4s外服.mp4 -> 距离表_从0到220.25
外服0.4s,外服,实测,574,9.566700,107.902500,C:\Users\金阳\Desktop\0.4s外服.mp4 -> 距离表_从0到220.25
外服0.4s,外服,实测,575,9.583300,108.421500,C:\Users\金阳\Desktop\0.4s外服.mp4 -> 距离表_从0到220.25
外服0.4s,外服,实测,576,9.600000,108.421500,C:\Users\金阳\Desktop\0.4s外服.mp4 -> 距离表_从0到220.25
外服0.4s,外服,实测,577,9.616700,108.952500,C:\Users\金阳\Desktop\0.4s外服.mp4 -> 距离表_从0到220.25
外服0.4s,外服,实测,578,9.633300,108.952500,C:\Users\金阳\Desktop\0.4s外服.mp4 -> 距离表_从0到220.25
外服0.4s,外服,实测,579,9.650000,109.461500,C:\Users\金阳\Desktop\0.4s外服.mp4 -> 距离表_从0到220.25
外服0.4s,外服,实测,580,9.666700,109.461500,C:\Users\金阳\Desktop\0.4s外服.mp4 -> 距离表_从0到220.25
外服0.4s,外服,实测,581,9.683300,109.981500,C:\Users\金阳\Desktop\0.4s外服.mp4 -> 距离表_从0到220.25
外服0.4s,外服,实测,582,9.700000,109.981500,C:\Users\金阳\Desktop\0.4s外服.mp4 -> 距离表_从0到220.25
外服0.4s,外服,实测,583,9.716700,110.491500,C:\Users\金阳\Desktop\0.4s外服.mp4 -> 距离表_从0到220.25
外服0.4s,外服,实测,584,9.733300,110.491500,C:\Users\金阳\Desktop\0.4s外服.mp4 -> 距离表_从0到220.25
外服0.4s,外服,实测,585,9.750000,110.991500,C:\Users\金阳\Desktop\0.4s外服.mp4 -> 距离表_从0到220.25
外服0.4s,外服,实测,586,9.766700,110.991500,C:\Users\金阳\Desktop\0.4s外服.mp4 -> 距离表_从0到220.25
外服0.4s,外服,实测,587,9.783300,111.491500,C:\Users\金阳\Desktop\0.4s外服.mp4 -> 距离表_从0到220.25
外服0.4s,外服,实测,588,9.800000,111.491500,C:\Users\金阳\Desktop\0.4s外服.mp4 -> 距离表_从0到220.25
外服0.4s,外服,实测,589,9.816700,111.992500,C:\Users\金阳\Desktop\0.4s外服.mp4 -> 距离表_从0到220.25
外服0.4s,外服,实测,590,9.833300,111.992500,C:\Users\金阳\Desktop\0.4s外服.mp4 -> 距离表_从0到220.25
外服0.4s,外服,实测,591,9.850000,112.481500,C:\Users\金阳\Desktop\0.4s外服.mp4 -> 距离表_从0到220.25
外服0.4s,外服,实测,592,9.866700,112.481500,C:\Users\金阳\Desktop\0.4s外服.mp4 -> 距离表_从0到220.25
外服0.4s,外服,实测,593,9.883300,112.971500,C:\Users\金阳\Desktop\0.4s外服.mp4 -> 距离表_从0到220.25
外服0.4s,外服,实测,594,9.900000,112.971500,C:\Users\金阳\Desktop\0.4s外服.mp4 -> 距离表_从0到220.25
外服0.4s,外服,实测,595,9.916700,113.461500,C:\Users\金阳\Desktop\0.4s外服.mp4 -> 距离表_从0到220.25
外服0.4s,外服,实测,596,9.933300,113.461500,C:\Users\金阳\Desktop\0.4s外服.mp4 -> 距离表_从0到220.25
外服0.4s,外服,实测,597,9.950000,113.941500,C:\Users\金阳\Desktop\0.4s外服.mp4 -> 距离表_从0到220.25
外服0.4s,外服,实测,598,9.966700,113.941500,C:\Users\金阳\Desktop\0.4s外服.mp4 -> 距离表_从0到220.25
外服0.4s,外服,实测,599,9.983300,114.421500,C:\Users\金阳\Desktop\0.4s外服.mp4 -> 距离表_从0到220.25
外服0.4s,外服,实测,600,10.000000,114.421500,C:\Users\金阳\Desktop\0.4s外服.mp4 -> 距离表_从0到220.25
外服0.4s,外服,实测,601,10.016700,114.861500,C:\Users\金阳\Desktop\0.4s外服.mp4 -> 距离表_从0到220.25
外服0.4s,外服,实测,602,10.033300,114.861500,C:\Users\金阳\Desktop\0.4s外服.mp4 -> 距离表_从0到220.25
外服0.4s,外服,实测,603,10.050000,115.261500,C:\Users\金阳\Desktop\0.4s外服.mp4 -> 距离表_从0到220.25
外服0.4s,外服,实测,604,10.066700,115.261500,C:\Users\金阳\Desktop\0.4s外服.mp4 -> 距离表_从0到220.25
外服0.4s,外服,实测,605,10.083300,115.711500,C:\Users\金阳\Desktop\0.4s外服.mp4 -> 距离表_从0到220.25
外服0.4s,外服,实测,606,10.100000,115.711500,C:\Users\金阳\Desktop\0.4s外服.mp4 -> 距离表_从0到220.25
外服0.4s,外服,实测,607,10.116700,116.151500,C:\Users\金阳\Desktop\0.4s外服.mp4 -> 距离表_从0到220.25
外服0.4s,外服,实测,608,10.133300,116.151500,C:\Users\金阳\Desktop\0.4s外服.mp4 -> 距离表_从0到220.25
外服0.4s,外服,实测,609,10.150000,116.591500,C:\Users\金阳\Desktop\0.4s外服.mp4 -> 距离表_从0到220.25
外服0.4s,外服,实测,610,10.166700,116.591500,C:\Users\金阳\Desktop\0.4s外服.mp4 -> 距离表_从0到220.25
外服0.4s,外服,实测,611,10.183300,117.011500,C:\Users\金阳\Desktop\0.4s外服.mp4 -> 距离表_从0到220.25
外服0.4s,外服,实测,612,10.200000,117.011500,C:\Users\金阳\Desktop\0.4s外服.mp4 -> 距离表_从0到220.25
外服0.4s,外服,实测,613,10.216700,117.441500,C:\Users\金阳\Desktop\0.4s外服.mp4 -> 距离表_从0到220.25
外服0.4s,外服,实测,614,10.233300,117.441500,C:\Users\金阳\Desktop\0.4s外服.mp4 -> 距离表_从0到220.25
外服0.4s,外服,实测,615,10.250000,117.881500,C:\Users\金阳\Desktop\0.4s外服.mp4 -> 距离表_从0到220.25
外服0.4s,外服,实测,616,10.266700,117.881500,C:\Users\金阳\Desktop\0.4s外服.mp4 -> 距离表_从0到220.25
外服0.4s,外服,实测,617,10.283300,118.331500,C:\Users\金阳\Desktop\0.4s外服.mp4 -> 距离表_从0到220.25
外服0.4s,外服,实测,618,10.300000,118.331500,C:\Users\金阳\Desktop\0.4s外服.mp4 -> 距离表_从0到220.25
外服0.4s,外服,实测,619,10.316700,118.791500,C:\Users\金阳\Desktop\0.4s外服.mp4 -> 距离表_从0到220.25
外服0.4s,外服,实测,620,10.333300,118.791500,C:\Users\金阳\Desktop\0.4s外服.mp4 -> 距离表_从0到220.25
外服0.4s,外服,实测,621,10.350000,119.251500,C:\Users\金阳\Desktop\0.4s外服.mp4 -> 距离表_从0到220.25
外服0.4s,外服,实测,622,10.366700,119.251500,C:\Users\金阳\Desktop\0.4s外服.mp4 -> 距离表_从0到220.25
外服0.4s,外服,实测,623,10.383300,119.711500,C:\Users\金阳\Desktop\0.4s外服.mp4 -> 距离表_从0到220.25
外服0.4s,外服,实测,624,10.400000,119.711500,C:\Users\金阳\Desktop\0.4s外服.mp4 -> 距离表_从0到220.25
外服0.4s,外服,实测,625,10.416700,120.175500,C:\Users\金阳\Desktop\0.4s外服.mp4 -> 距离表_从0到220.25
外服0.4s,外服,实测,626,10.433300,120.172500,C:\Users\金阳\Desktop\0.4s外服.mp4 -> 距离表_从0到220.25
外服0.4s,外服,实测,627,10.450000,120.612500,C:\Users\金阳\Desktop\0.4s外服.mp4 -> 距离表_从0到220.25
外服0.4s,外服,实测,628,10.466700,120.579500,C:\Users\金阳\Desktop\0.4s外服.mp4 -> 距离表_从0到220.25
外服0.4s,外服,实测,629,10.483300,121.074500,C:\Users\金阳\Desktop\0.4s外服.mp4 -> 距离表_从0到220.25
外服0.4s,外服,实测,630,10.500000,121.074500,C:\Users\金阳\Desktop\0.4s外服.mp4 -> 距离表_从0到220.25
外服0.4s,外服,实测,631,10.516700,121.477500,C:\Users\金阳\Desktop\0.4s外服.mp4 -> 距离表_从0到220.25
外服0.4s,外服,实测,632,10.533300,121.491500,C:\Users\金阳\Desktop\0.4s外服.mp4 -> 距离表_从0到220.25
外服0.4s,外服,实测,633,10.550000,121.880500,C:\Users\金阳\Desktop\0.4s外服.mp4 -> 距离表_从0到220.25
外服0.4s,外服,实测,634,10.566700,121.880500,C:\Users\金阳\Desktop\0.4s外服.mp4 -> 距离表_从0到220.25
外服0.4s,外服,实测,635,10.583300,122.351500,C:\Users\金阳\Desktop\0.4s外服.mp4 -> 距离表_从0到220.25
外服0.4s,外服,实测,636,10.600000,122.351500,C:\Users\金阳\Desktop\0.4s外服.mp4 -> 距离表_从0到220.25
外服0.4s,外服,实测,637,10.616700,122.771500,C:\Users\金阳\Desktop\0.4s外服.mp4 -> 距离表_从0到220.25
外服0.4s,外服,实测,638,10.633300,122.771500,C:\Users\金阳\Desktop\0.4s外服.mp4 -> 距离表_从0到220.25
外服0.4s,外服,实测,639,10.650000,123.192500,C:\Users\金阳\Desktop\0.4s外服.mp4 -> 距离表_从0到220.25
外服0.4s,外服,实测,640,10.666700,123.192500,C:\Users\金阳\Desktop\0.4s外服.mp4 -> 距离表_从0到220.25
外服0.4s,外服,实测,641,10.683300,123.601500,C:\Users\金阳\Desktop\0.4s外服.mp4 -> 距离表_从0到220.25
外服0.4s,外服,实测,642,10.700000,123.601500,C:\Users\金阳\Desktop\0.4s外服.mp4 -> 距离表_从0到220.25
外服0.4s,外服,实测,643,10.716700,124.001500,C:\Users\金阳\Desktop\0.4s外服.mp4 -> 距离表_从0到220.25
外服0.4s,外服,实测,644,10.733300,124.001500,C:\Users\金阳\Desktop\0.4s外服.mp4 -> 距离表_从0到220.25
外服0.4s,外服,实测,645,10.750000,124.631500,C:\Users\金阳\Desktop\0.4s外服.mp4 -> 距离表_从0到220.25
外服0.4s,外服,实测,646,10.766700,124.631500,C:\Users\金阳\Desktop\0.4s外服.mp4 -> 距离表_从0到220.25
外服0.4s,外服,实测,647,10.783300,125.241500,C:\Users\金阳\Desktop\0.4s外服.mp4 -> 距离表_从0到220.25
外服0.4s,外服,实测,648,10.800000,125.241500,C:\Users\金阳\Desktop\0.4s外服.mp4 -> 距离表_从0到220.25
外服0.4s,外服,实测,649,10.816700,125.841500,C:\Users\金阳\Desktop\0.4s外服.mp4 -> 距离表_从0到220.25
外服0.4s,外服,实测,650,10.833300,125.841500,C:\Users\金阳\Desktop\0.4s外服.mp4 -> 距离表_从0到220.25
外服0.4s,外服,实测,651,10.850000,126.411500,C:\Users\金阳\Desktop\0.4s外服.mp4 -> 距离表_从0到220.25
外服0.4s,外服,实测,652,10.866700,126.411500,C:\Users\金阳\Desktop\0.4s外服.mp4 -> 距离表_从0到220.25
外服0.4s,外服,实测,653,10.883300,126.871500,C:\Users\金阳\Desktop\0.4s外服.mp4 -> 距离表_从0到220.25
外服0.4s,外服,实测,654,10.900000,126.871500,C:\Users\金阳\Desktop\0.4s外服.mp4 -> 距离表_从0到220.25
外服0.4s,外服,实测,655,10.916700,127.311500,C:\Users\金阳\Desktop\0.4s外服.mp4 -> 距离表_从0到220.25
外服0.4s,外服,实测,656,10.933300,127.311500,C:\Users\金阳\Desktop\0.4s外服.mp4 -> 距离表_从0到220.25
外服0.4s,外服,实测,657,10.950000,127.741500,C:\Users\金阳\Desktop\0.4s外服.mp4 -> 距离表_从0到220.25
外服0.4s,外服,实测,658,10.966700,127.741500,C:\Users\金阳\Desktop\0.4s外服.mp4 -> 距离表_从0到220.25
外服0.4s,外服,实测,659,10.983300,128.161500,C:\Users\金阳\Desktop\0.4s外服.mp4 -> 距离表_从0到220.25
外服0.4s,外服,实测,660,11.000000,128.161500,C:\Users\金阳\Desktop\0.4s外服.mp4 -> 距离表_从0到220.25
外服0.4s,外服,实测,661,11.016700,131.151500,C:\Users\金阳\Desktop\0.4s外服.mp4 -> 距离表_从0到220.25
外服0.4s,外服,实测,662,11.033300,131.151500,C:\Users\金阳\Desktop\0.4s外服.mp4 -> 距离表_从0到220.25
外服0.4s,外服,实测,663,11.050000,131.601500,C:\Users\金阳\Desktop\0.4s外服.mp4 -> 距离表_从0到220.25
外服0.4s,外服,实测,664,11.066700,131.601500,C:\Users\金阳\Desktop\0.4s外服.mp4 -> 距离表_从0到220.25
外服0.4s,外服,实测,665,11.083300,132.201500,C:\Users\金阳\Desktop\0.4s外服.mp4 -> 距离表_从0到220.25
外服0.4s,外服,实测,666,11.100000,132.201500,C:\Users\金阳\Desktop\0.4s外服.mp4 -> 距离表_从0到220.25
外服0.4s,外服,实测,667,11.116700,132.861500,C:\Users\金阳\Desktop\0.4s外服.mp4 -> 距离表_从0到220.25
外服0.4s,外服,实测,668,11.133300,132.861500,C:\Users\金阳\Desktop\0.4s外服.mp4 -> 距离表_从0到220.25
外服0.4s,外服,实测,669,11.150000,133.501500,C:\Users\金阳\Desktop\0.4s外服.mp4 -> 距离表_从0到220.25
外服0.4s,外服,实测,670,11.166700,133.501500,C:\Users\金阳\Desktop\0.4s外服.mp4 -> 距离表_从0到220.25
外服0.4s,外服,实测,671,11.183300,134.121500,C:\Users\金阳\Desktop\0.4s外服.mp4 -> 距离表_从0到220.25
外服0.4s,外服,实测,672,11.200000,134.121500,C:\Users\金阳\Desktop\0.4s外服.mp4 -> 距离表_从0到220.25
外服0.4s,外服,实测,673,11.216700,134.671500,C:\Users\金阳\Desktop\0.4s外服.mp4 -> 距离表_从0到220.25
外服0.4s,外服,实测,674,11.233300,134.671500,C:\Users\金阳\Desktop\0.4s外服.mp4 -> 距离表_从0到220.25
外服0.4s,外服,实测,675,11.250000,135.131500,C:\Users\金阳\Desktop\0.4s外服.mp4 -> 距离表_从0到220.25
外服0.4s,外服,实测,676,11.266700,135.131500,C:\Users\金阳\Desktop\0.4s外服.mp4 -> 距离表_从0到220.25
外服0.4s,外服,实测,677,11.283300,135.571500,C:\Users\金阳\Desktop\0.4s外服.mp4 -> 距离表_从0到220.25
外服0.4s,外服,实测,678,11.300000,135.571500,C:\Users\金阳\Desktop\0.4s外服.mp4 -> 距离表_从0到220.25
外服0.4s,外服,实测,679,11.316700,136.041500,C:\Users\金阳\Desktop\0.4s外服.mp4 -> 距离表_从0到220.25
外服0.4s,外服,实测,680,11.333300,136.041500,C:\Users\金阳\Desktop\0.4s外服.mp4 -> 距离表_从0到220.25
外服0.4s,外服,实测,681,11.350000,136.511500,C:\Users\金阳\Desktop\0.4s外服.mp4 -> 距离表_从0到220.25
外服0.4s,外服,实测,682,11.366700,136.511500,C:\Users\金阳\Desktop\0.4s外服.mp4 -> 距离表_从0到220.25
外服0.4s,外服,实测,683,11.383300,136.971500,C:\Users\金阳\Desktop\0.4s外服.mp4 -> 距离表_从0到220.25
外服0.4s,外服,实测,684,11.400000,136.971500,C:\Users\金阳\Desktop\0.4s外服.mp4 -> 距离表_从0到220.25
外服0.4s,外服,实测,685,11.416700,137.415500,C:\Users\金阳\Desktop\0.4s外服.mp4 -> 距离表_从0到220.25
外服0.4s,外服,实测,686,11.433300,137.415500,C:\Users\金阳\Desktop\0.4s外服.mp4 -> 距离表_从0到220.25
外服0.4s,外服,实测,687,11.450000,137.865500,C:\Users\金阳\Desktop\0.4s外服.mp4 -> 距离表_从0到220.25
外服0.4s,外服,实测,688,11.466700,137.865500,C:\Users\金阳\Desktop\0.4s外服.mp4 -> 距离表_从0到220.25
外服0.4s,外服,实测,689,11.483300,138.325500,C:\Users\金阳\Desktop\0.4s外服.mp4 -> 距离表_从0到220.25
外服0.4s,外服,实测,690,11.500000,138.321500,C:\Users\金阳\Desktop\0.4s外服.mp4 -> 距离表_从0到220.25
外服0.4s,外服,实测,691,11.516700,138.811500,C:\Users\金阳\Desktop\0.4s外服.mp4 -> 距离表_从0到220.25
外服0.4s,外服,实测,692,11.533300,138.811500,C:\Users\金阳\Desktop\0.4s外服.mp4 -> 距离表_从0到220.25
外服0.4s,外服,实测,693,11.550000,139.501500,C:\Users\金阳\Desktop\0.4s外服.mp4 -> 距离表_从0到220.25
外服0.4s,外服,实测,694,11.566700,139.501500,C:\Users\金阳\Desktop\0.4s外服.mp4 -> 距离表_从0到220.25
外服0.4s,外服,实测,695,11.583300,140.181500,C:\Users\金阳\Desktop\0.4s外服.mp4 -> 距离表_从0到220.25
外服0.4s,外服,实测,696,11.600000,140.181500,C:\Users\金阳\Desktop\0.4s外服.mp4 -> 距离表_从0到220.25
外服0.4s,外服,实测,697,11.616700,140.871500,C:\Users\金阳\Desktop\0.4s外服.mp4 -> 距离表_从0到220.25
外服0.4s,外服,实测,698,11.633300,140.871500,C:\Users\金阳\Desktop\0.4s外服.mp4 -> 距离表_从0到220.25
外服0.4s,外服,实测,699,11.650000,141.541500,C:\Users\金阳\Desktop\0.4s外服.mp4 -> 距离表_从0到220.25
外服0.4s,外服,实测,700,11.666700,141.541500,C:\Users\金阳\Desktop\0.4s外服.mp4 -> 距离表_从0到220.25
外服0.4s,外服,实测,701,11.683300,142.211500,C:\Users\金阳\Desktop\0.4s外服.mp4 -> 距离表_从0到220.25
外服0.4s,外服,实测,702,11.700000,142.211500,C:\Users\金阳\Desktop\0.4s外服.mp4 -> 距离表_从0到220.25
外服0.4s,外服,实测,703,11.716700,142.881500,C:\Users\金阳\Desktop\0.4s外服.mp4 -> 距离表_从0到220.25
外服0.4s,外服,实测,704,11.733300,142.881500,C:\Users\金阳\Desktop\0.4s外服.mp4 -> 距离表_从0到220.25
外服0.4s,外服,实测,705,11.750000,143.541500,C:\Users\金阳\Desktop\0.4s外服.mp4 -> 距离表_从0到220.25
外服0.4s,外服,实测,706,11.766700,143.541500,C:\Users\金阳\Desktop\0.4s外服.mp4 -> 距离表_从0到220.25
外服0.4s,外服,实测,707,11.783300,144.191500,C:\Users\金阳\Desktop\0.4s外服.mp4 -> 距离表_从0到220.25
外服0.4s,外服,实测,708,11.800000,144.191500,C:\Users\金阳\Desktop\0.4s外服.mp4 -> 距离表_从0到220.25
外服0.4s,外服,实测,709,11.816700,144.841500,C:\Users\金阳\Desktop\0.4s外服.mp4 -> 距离表_从0到220.25
外服0.4s,外服,实测,710,11.833300,144.841500,C:\Users\金阳\Desktop\0.4s外服.mp4 -> 距离表_从0到220.25
外服0.4s,外服,实测,711,11.850000,145.451500,C:\Users\金阳\Desktop\0.4s外服.mp4 -> 距离表_从0到220.25
外服0.4s,外服,实测,712,11.866700,145.451500,C:\Users\金阳\Desktop\0.4s外服.mp4 -> 距离表_从0到220.25
外服0.4s,外服,实测,713,11.883300,146.062500,C:\Users\金阳\Desktop\0.4s外服.mp4 -> 距离表_从0到220.25
外服0.4s,外服,实测,714,11.900000,146.062500,C:\Users\金阳\Desktop\0.4s外服.mp4 -> 距离表_从0到220.25
外服0.4s,外服,实测,715,11.916700,146.661500,C:\Users\金阳\Desktop\0.4s外服.mp4 -> 距离表_从0到220.25
外服0.4s,外服,实测,716,11.933300,146.661500,C:\Users\金阳\Desktop\0.4s外服.mp4 -> 距离表_从0到220.25
外服0.4s,外服,实测,717,11.950000,147.255500,C:\Users\金阳\Desktop\0.4s外服.mp4 -> 距离表_从0到220.25
外服0.4s,外服,实测,718,11.966700,147.255500,C:\Users\金阳\Desktop\0.4s外服.mp4 -> 距离表_从0到220.25
外服0.4s,外服,实测,719,11.983300,147.841500,C:\Users\金阳\Desktop\0.4s外服.mp4 -> 距离表_从0到220.25
外服0.4s,外服,实测,720,12.000000,147.845500,C:\Users\金阳\Desktop\0.4s外服.mp4 -> 距离表_从0到220.25
外服0.4s,外服,实测,721,12.016700,148.435500,C:\Users\金阳\Desktop\0.4s外服.mp4 -> 距离表_从0到220.25
外服0.4s,外服,实测,722,12.033300,148.435500,C:\Users\金阳\Desktop\0.4s外服.mp4 -> 距离表_从0到220.25
外服0.4s,外服,实测,723,12.050000,149.012900,C:\Users\金阳\Desktop\0.4s外服.mp4 -> 距离表_从0到220.25
外服0.4s,外服,实测,724,12.066700,149.012900,C:\Users\金阳\Desktop\0.4s外服.mp4 -> 距离表_从0到220.25
外服0.4s,外服,实测,725,12.083300,149.585500,C:\Users\金阳\Desktop\0.4s外服.mp4 -> 距离表_从0到220.25
外服0.4s,外服,实测,726,12.100000,149.585500,C:\Users\金阳\Desktop\0.4s外服.mp4 -> 距离表_从0到220.25
外服0.4s,外服,实测,727,12.116700,150.155500,C:\Users\金阳\Desktop\0.4s外服.mp4 -> 距离表_从0到220.25
外服0.4s,外服,实测,728,12.133300,150.155500,C:\Users\金阳\Desktop\0.4s外服.mp4 -> 距离表_从0到220.25
外服0.4s,外服,实测,729,12.150000,150.725500,C:\Users\金阳\Desktop\0.4s外服.mp4 -> 距离表_从0到220.25
外服0.4s,外服,实测,730,12.166700,150.725500,C:\Users\金阳\Desktop\0.4s外服.mp4 -> 距离表_从0到220.25
外服0.4s,外服,实测,731,12.183300,151.285500,C:\Users\金阳\Desktop\0.4s外服.mp4 -> 距离表_从0到220.25
外服0.4s,外服,实测,732,12.200000,151.285500,C:\Users\金阳\Desktop\0.4s外服.mp4 -> 距离表_从0到220.25
外服0.4s,外服,实测,733,12.216700,151.845500,C:\Users\金阳\Desktop\0.4s外服.mp4 -> 距离表_从0到220.25
外服0.4s,外服,实测,734,12.233300,151.845500,C:\Users\金阳\Desktop\0.4s外服.mp4 -> 距离表_从0到220.25
外服0.4s,外服,实测,735,12.250000,152.402900,C:\Users\金阳\Desktop\0.4s外服.mp4 -> 距离表_从0到220.25
外服0.4s,外服,实测,736,12.266700,152.402900,C:\Users\金阳\Desktop\0.4s外服.mp4 -> 距离表_从0到220.25
外服0.4s,外服,实测,737,12.283300,152.951500,C:\Users\金阳\Desktop\0.4s外服.mp4 -> 距离表_从0到220.25
外服0.4s,外服,实测,738,12.300000,152.951500,C:\Users\金阳\Desktop\0.4s外服.mp4 -> 距离表_从0到220.25
外服0.4s,外服,实测,739,12.316700,153.502500,C:\Users\金阳\Desktop\0.4s外服.mp4 -> 距离表_从0到220.25
外服0.4s,外服,实测,740,12.333300,153.502500,C:\Users\金阳\Desktop\0.4s外服.mp4 -> 距离表_从0到220.25
外服0.4s,外服,实测,741,12.350000,154.041500,C:\Users\金阳\Desktop\0.4s外服.mp4 -> 距离表_从0到220.25
外服0.4s,外服,实测,742,12.366700,154.041500,C:\Users\金阳\Desktop\0.4s外服.mp4 -> 距离表_从0到220.25
外服0.4s,外服,实测,743,12.383300,154.581500,C:\Users\金阳\Desktop\0.4s外服.mp4 -> 距离表_从0到220.25
外服0.4s,外服,实测,744,12.400000,154.581500,C:\Users\金阳\Desktop\0.4s外服.mp4 -> 距离表_从0到220.25
外服0.4s,外服,实测,745,12.416700,155.081500,C:\Users\金阳\Desktop\0.4s外服.mp4 -> 距离表_从0到220.25
外服0.4s,外服,实测,746,12.433300,155.081500,C:\Users\金阳\Desktop\0.4s外服.mp4 -> 距离表_从0到220.25
外服0.4s,外服,实测,747,12.450000,155.541500,C:\Users\金阳\Desktop\0.4s外服.mp4 -> 距离表_从0到220.25
外服0.4s,外服,实测,748,12.466700,155.541500,C:\Users\金阳\Desktop\0.4s外服.mp4 -> 距离表_从0到220.25
外服0.4s,外服,实测,749,12.483300,156.051500,C:\Users\金阳\Desktop\0.4s外服.mp4 -> 距离表_从0到220.25
外服0.4s,外服,实测,750,12.500000,156.051500,C:\Users\金阳\Desktop\0.4s外服.mp4 -> 距离表_从0到220.25
外服0.4s,外服,实测,751,12.516700,156.551500,C:\Users\金阳\Desktop\0.4s外服.mp4 -> 距离表_从0到220.25
外服0.4s,外服,实测,752,12.533300,156.551500,C:\Users\金阳\Desktop\0.4s外服.mp4 -> 距离表_从0到220.25
外服0.4s,外服,实测,753,12.550000,157.052500,C:\Users\金阳\Desktop\0.4s外服.mp4 -> 距离表_从0到220.25
外服0.4s,外服,实测,754,12.566700,157.052500,C:\Users\金阳\Desktop\0.4s外服.mp4 -> 距离表_从0到220.25
外服0.4s,外服,实测,755,12.583300,157.531500,C:\Users\金阳\Desktop\0.4s外服.mp4 -> 距离表_从0到220.25
外服0.4s,外服,实测,756,12.600000,157.531500,C:\Users\金阳\Desktop\0.4s外服.mp4 -> 距离表_从0到220.25
外服0.4s,外服,实测,757,12.616700,158.021500,C:\Users\金阳\Desktop\0.4s外服.mp4 -> 距离表_从0到220.25
外服0.4s,外服,实测,758,12.633300,158.021500,C:\Users\金阳\Desktop\0.4s外服.mp4 -> 距离表_从0到220.25
外服0.4s,外服,实测,759,12.650000,158.521500,C:\Users\金阳\Desktop\0.4s外服.mp4 -> 距离表_从0到220.25
外服0.4s,外服,实测,760,12.666700,158.521500,C:\Users\金阳\Desktop\0.4s外服.mp4 -> 距离表_从0到220.25
外服0.4s,外服,实测,761,12.683300,159.021500,C:\Users\金阳\Desktop\0.4s外服.mp4 -> 距离表_从0到220.25
外服0.4s,外服,实测,762,12.700000,159.021500,C:\Users\金阳\Desktop\0.4s外服.mp4 -> 距离表_从0到220.25
外服0.4s,外服,实测,763,12.716700,159.572500,C:\Users\金阳\Desktop\0.4s外服.mp4 -> 距离表_从0到220.25
外服0.4s,外服,实测,764,12.733300,159.572500,C:\Users\金阳\Desktop\0.4s外服.mp4 -> 距离表_从0到220.25
外服0.4s,外服,实测,765,12.750000,160.061500,C:\Users\金阳\Desktop\0.4s外服.mp4 -> 距离表_从0到220.25
外服0.4s,外服,实测,766,12.766700,160.061500,C:\Users\金阳\Desktop\0.4s外服.mp4 -> 距离表_从0到220.25
外服0.4s,外服,实测,767,12.783300,160.581500,C:\Users\金阳\Desktop\0.4s外服.mp4 -> 距离表_从0到220.25
外服0.4s,外服,实测,768,12.800000,160.581500,C:\Users\金阳\Desktop\0.4s外服.mp4 -> 距离表_从0到220.25
外服0.4s,外服,实测,769,12.816700,161.091500,C:\Users\金阳\Desktop\0.4s外服.mp4 -> 距离表_从0到220.25
外服0.4s,外服,实测,770,12.833300,161.091500,C:\Users\金阳\Desktop\0.4s外服.mp4 -> 距离表_从0到220.25
外服0.4s,外服,实测,771,12.850000,161.601500,C:\Users\金阳\Desktop\0.4s外服.mp4 -> 距离表_从0到220.25
外服0.4s,外服,实测,772,12.866700,161.601500,C:\Users\金阳\Desktop\0.4s外服.mp4 -> 距离表_从0到220.25
外服0.4s,外服,实测,773,12.883300,162.101500,C:\Users\金阳\Desktop\0.4s外服.mp4 -> 距离表_从0到220.25
外服0.4s,外服,实测,774,12.900000,162.101500,C:\Users\金阳\Desktop\0.4s外服.mp4 -> 距离表_从0到220.25
外服0.4s,外服,实测,775,12.916700,162.601500,C:\Users\金阳\Desktop\0.4s外服.mp4 -> 距离表_从0到220.25
外服0.4s,外服,实测,776,12.933300,162.601500,C:\Users\金阳\Desktop\0.4s外服.mp4 -> 距离表_从0到220.25
外服0.4s,外服,实测,777,12.950000,163.091500,C:\Users\金阳\Desktop\0.4s外服.mp4 -> 距离表_从0到220.25
外服0.4s,外服,实测,778,12.966700,163.091500,C:\Users\金阳\Desktop\0.4s外服.mp4 -> 距离表_从0到220.25
外服0.4s,外服,实测,779,12.983300,163.581500,C:\Users\金阳\Desktop\0.4s外服.mp4 -> 距离表_从0到220.25
外服0.4s,外服,实测,780,13.000000,163.581500,C:\Users\金阳\Desktop\0.4s外服.mp4 -> 距离表_从0到220.25
外服0.4s,外服,实测,781,13.016700,164.061500,C:\Users\金阳\Desktop\0.4s外服.mp4 -> 距离表_从0到220.25
外服0.4s,外服,实测,782,13.033300,164.061500,C:\Users\金阳\Desktop\0.4s外服.mp4 -> 距离表_从0到220.25
外服0.4s,外服,实测,783,13.050000,164.541500,C:\Users\金阳\Desktop\0.4s外服.mp4 -> 距离表_从0到220.25
外服0.4s,外服,实测,784,13.066700,164.541500,C:\Users\金阳\Desktop\0.4s外服.mp4 -> 距离表_从0到220.25
外服0.4s,外服,实测,785,13.083300,165.011500,C:\Users\金阳\Desktop\0.4s外服.mp4 -> 距离表_从0到220.25
外服0.4s,外服,实测,786,13.100000,165.011500,C:\Users\金阳\Desktop\0.4s外服.mp4 -> 距离表_从0到220.25
外服0.4s,外服,实测,787,13.116700,165.481500,C:\Users\金阳\Desktop\0.4s外服.mp4 -> 距离表_从0到220.25
外服0.4s,外服,实测,788,13.133300,165.481500,C:\Users\金阳\Desktop\0.4s外服.mp4 -> 距离表_从0到220.25
外服0.4s,外服,实测,789,13.150000,166.171500,C:\Users\金阳\Desktop\0.4s外服.mp4 -> 距离表_从0到220.25
外服0.4s,外服,实测,790,13.166700,166.171500,C:\Users\金阳\Desktop\0.4s外服.mp4 -> 距离表_从0到220.25
外服0.4s,外服,实测,791,13.183300,166.841500,C:\Users\金阳\Desktop\0.4s外服.mp4 -> 距离表_从0到220.25
外服0.4s,外服,实测,792,13.200000,166.841500,C:\Users\金阳\Desktop\0.4s外服.mp4 -> 距离表_从0到220.25
外服0.4s,外服,实测,793,13.216700,167.491500,C:\Users\金阳\Desktop\0.4s外服.mp4 -> 距离表_从0到220.25
外服0.4s,外服,实测,794,13.233300,167.491500,C:\Users\金阳\Desktop\0.4s外服.mp4 -> 距离表_从0到220.25
外服0.4s,外服,实测,795,13.250000,168.131500,C:\Users\金阳\Desktop\0.4s外服.mp4 -> 距离表_从0到220.25
外服0.4s,外服,实测,796,13.266700,168.131500,C:\Users\金阳\Desktop\0.4s外服.mp4 -> 距离表_从0到220.25
外服0.4s,外服,实测,797,13.283300,168.581500,C:\Users\金阳\Desktop\0.4s外服.mp4 -> 距离表_从0到220.25
外服0.4s,外服,实测,798,13.300000,168.581500,C:\Users\金阳\Desktop\0.4s外服.mp4 -> 距离表_从0到220.25
外服0.4s,外服,实测,799,13.316700,169.031500,C:\Users\金阳\Desktop\0.4s外服.mp4 -> 距离表_从0到220.25
外服0.4s,外服,实测,800,13.333300,169.031500,C:\Users\金阳\Desktop\0.4s外服.mp4 -> 距离表_从0到220.25
外服0.4s,外服,实测,801,13.350000,169.462500,C:\Users\金阳\Desktop\0.4s外服.mp4 -> 距离表_从0到220.25
外服0.4s,外服,实测,802,13.366700,169.462500,C:\Users\金阳\Desktop\0.4s外服.mp4 -> 距离表_从0到220.25
外服0.4s,外服,实测,803,13.383300,169.881500,C:\Users\金阳\Desktop\0.4s外服.mp4 -> 距离表_从0到220.25
外服0.4s,外服,实测,804,13.400000,169.881500,C:\Users\金阳\Desktop\0.4s外服.mp4 -> 距离表_从0到220.25
外服0.4s,外服,实测,805,13.416700,173.111500,C:\Users\金阳\Desktop\0.4s外服.mp4 -> 距离表_从0到220.25
外服0.4s,外服,实测,806,13.433300,173.115500,C:\Users\金阳\Desktop\0.4s外服.mp4 -> 距离表_从0到220.25
外服0.4s,外服,实测,807,13.450000,173.619500,C:\Users\金阳\Desktop\0.4s外服.mp4 -> 距离表_从0到220.25
外服0.4s,外服,实测,808,13.466700,173.615500,C:\Users\金阳\Desktop\0.4s外服.mp4 -> 距离表_从0到220.25
外服0.4s,外服,实测,809,13.483300,174.295500,C:\Users\金阳\Desktop\0.4s外服.mp4 -> 距离表_从0到220.25
外服0.4s,外服,实测,810,13.500000,174.295500,C:\Users\金阳\Desktop\0.4s外服.mp4 -> 距离表_从0到220.25
外服0.4s,外服,实测,811,13.516700,175.025500,C:\Users\金阳\Desktop\0.4s外服.mp4 -> 距离表_从0到220.25
外服0.4s,外服,实测,812,13.533300,174.980500,C:\Users\金阳\Desktop\0.4s外服.mp4 -> 距离表_从0到220.25
外服0.4s,外服,实测,813,13.550000,175.751500,C:\Users\金阳\Desktop\0.4s外服.mp4 -> 距离表_从0到220.25
外服0.4s,外服,实测,814,13.566700,175.751500,C:\Users\金阳\Desktop\0.4s外服.mp4 -> 距离表_从0到220.25
外服0.4s,外服,实测,815,13.583300,176.441500,C:\Users\金阳\Desktop\0.4s外服.mp4 -> 距离表_从0到220.25
外服0.4s,外服,实测,816,13.600000,176.441500,C:\Users\金阳\Desktop\0.4s外服.mp4 -> 距离表_从0到220.25
外服0.4s,外服,实测,817,13.616700,177.041500,C:\Users\金阳\Desktop\0.4s外服.mp4 -> 距离表_从0到220.25
外服0.4s,外服,实测,818,13.633300,177.041500,C:\Users\金阳\Desktop\0.4s外服.mp4 -> 距离表_从0到220.25
外服0.4s,外服,实测,819,13.650000,177.571500,C:\Users\金阳\Desktop\0.4s外服.mp4 -> 距离表_从0到220.25
外服0.4s,外服,实测,820,13.666700,177.571500,C:\Users\金阳\Desktop\0.4s外服.mp4 -> 距离表_从0到220.25
外服0.4s,外服,实测,821,13.683300,178.071500,C:\Users\金阳\Desktop\0.4s外服.mp4 -> 距离表_从0到220.25
外服0.4s,外服,实测,822,13.700000,178.071500,C:\Users\金阳\Desktop\0.4s外服.mp4 -> 距离表_从0到220.25
外服0.4s,外服,实测,823,13.716700,178.591500,C:\Users\金阳\Desktop\0.4s外服.mp4 -> 距离表_从0到220.25
外服0.4s,外服,实测,824,13.733300,178.591500,C:\Users\金阳\Desktop\0.4s外服.mp4 -> 距离表_从0到220.25
外服0.4s,外服,实测,825,13.750000,179.121500,C:\Users\金阳\Desktop\0.4s外服.mp4 -> 距离表_从0到220.25
外服0.4s,外服,实测,826,13.766700,179.121500,C:\Users\金阳\Desktop\0.4s外服.mp4 -> 距离表_从0到220.25
外服0.4s,外服,实测,827,13.783300,179.631500,C:\Users\金阳\Desktop\0.4s外服.mp4 -> 距离表_从0到220.25
外服0.4s,外服,实测,828,13.800000,179.631500,C:\Users\金阳\Desktop\0.4s外服.mp4 -> 距离表_从0到220.25
外服0.4s,外服,实测,829,13.816700,180.141500,C:\Users\金阳\Desktop\0.4s外服.mp4 -> 距离表_从0到220.25
外服0.4s,外服,实测,830,13.833300,180.141500,C:\Users\金阳\Desktop\0.4s外服.mp4 -> 距离表_从0到220.25
外服0.4s,外服,实测,831,13.850000,180.641500,C:\Users\金阳\Desktop\0.4s外服.mp4 -> 距离表_从0到220.25
外服0.4s,外服,实测,832,13.866700,180.641500,C:\Users\金阳\Desktop\0.4s外服.mp4 -> 距离表_从0到220.25
外服0.4s,外服,实测,833,13.883300,181.161500,C:\Users\金阳\Desktop\0.4s外服.mp4 -> 距离表_从0到220.25
外服0.4s,外服,实测,834,13.900000,181.161500,C:\Users\金阳\Desktop\0.4s外服.mp4 -> 距离表_从0到220.25
外服0.4s,外服,实测,835,13.916700,181.711500,C:\Users\金阳\Desktop\0.4s外服.mp4 -> 距离表_从0到220.25
外服0.4s,外服,实测,836,13.933300,181.711500,C:\Users\金阳\Desktop\0.4s外服.mp4 -> 距离表_从0到220.25
外服0.4s,外服,实测,837,13.950000,182.461500,C:\Users\金阳\Desktop\0.4s外服.mp4 -> 距离表_从0到220.25
外服0.4s,外服,实测,838,13.966700,182.461500,C:\Users\金阳\Desktop\0.4s外服.mp4 -> 距离表_从0到220.25
外服0.4s,外服,实测,839,13.983300,183.201500,C:\Users\金阳\Desktop\0.4s外服.mp4 -> 距离表_从0到220.25
外服0.4s,外服,实测,840,14.000000,183.205500,C:\Users\金阳\Desktop\0.4s外服.mp4 -> 距离表_从0到220.25
外服0.4s,外服,实测,841,14.016700,183.945500,C:\Users\金阳\Desktop\0.4s外服.mp4 -> 距离表_从0到220.25
外服0.4s,外服,实测,842,14.033300,183.945500,C:\Users\金阳\Desktop\0.4s外服.mp4 -> 距离表_从0到220.25
外服0.4s,外服,实测,843,14.050000,184.685500,C:\Users\金阳\Desktop\0.4s外服.mp4 -> 距离表_从0到220.25
外服0.4s,外服,实测,844,14.066700,184.685500,C:\Users\金阳\Desktop\0.4s外服.mp4 -> 距离表_从0到220.25
外服0.4s,外服,实测,845,14.083300,185.415500,C:\Users\金阳\Desktop\0.4s外服.mp4 -> 距离表_从0到220.25
外服0.4s,外服,实测,846,14.100000,185.415500,C:\Users\金阳\Desktop\0.4s外服.mp4 -> 距离表_从0到220.25
外服0.4s,外服,实测,847,14.116700,186.141500,C:\Users\金阳\Desktop\0.4s外服.mp4 -> 距离表_从0到220.25
外服0.4s,外服,实测,848,14.133300,186.141500,C:\Users\金阳\Desktop\0.4s外服.mp4 -> 距离表_从0到220.25
外服0.4s,外服,实测,849,14.150000,186.861500,C:\Users\金阳\Desktop\0.4s外服.mp4 -> 距离表_从0到220.25
外服0.4s,外服,实测,850,14.166700,186.861500,C:\Users\金阳\Desktop\0.4s外服.mp4 -> 距离表_从0到220.25
外服0.4s,外服,实测,851,14.183300,187.571500,C:\Users\金阳\Desktop\0.4s外服.mp4 -> 距离表_从0到220.25
外服0.4s,外服,实测,852,14.200000,187.571500,C:\Users\金阳\Desktop\0.4s外服.mp4 -> 距离表_从0到220.25
外服0.4s,外服,实测,853,14.216700,188.281500,C:\Users\金阳\Desktop\0.4s外服.mp4 -> 距离表_从0到220.25
外服0.4s,外服,实测,854,14.233300,188.281500,C:\Users\金阳\Desktop\0.4s外服.mp4 -> 距离表_从0到220.25
外服0.4s,外服,实测,855,14.250000,188.951500,C:\Users\金阳\Desktop\0.4s外服.mp4 -> 距离表_从0到220.25
外服0.4s,外服,实测,856,14.266700,188.951500,C:\Users\金阳\Desktop\0.4s外服.mp4 -> 距离表_从0到220.25
外服0.4s,外服,实测,857,14.283300,189.621500,C:\Users\金阳\Desktop\0.4s外服.mp4 -> 距离表_从0到220.25
外服0.4s,外服,实测,858,14.300000,189.621500,C:\Users\金阳\Desktop\0.4s外服.mp4 -> 距离表_从0到220.25
外服0.4s,外服,实测,859,14.316700,190.281500,C:\Users\金阳\Desktop\0.4s外服.mp4 -> 距离表_从0到220.25
外服0.4s,外服,实测,860,14.333300,190.281500,C:\Users\金阳\Desktop\0.4s外服.mp4 -> 距离表_从0到220.25
外服0.4s,外服,实测,861,14.350000,190.941500,C:\Users\金阳\Desktop\0.4s外服.mp4 -> 距离表_从0到220.25
外服0.4s,外服,实测,862,14.366700,190.941500,C:\Users\金阳\Desktop\0.4s外服.mp4 -> 距离表_从0到220.25
外服0.4s,外服,实测,863,14.383300,191.592500,C:\Users\金阳\Desktop\0.4s外服.mp4 -> 距离表_从0到220.25
外服0.4s,外服,实测,864,14.400000,191.592500,C:\Users\金阳\Desktop\0.4s外服.mp4 -> 距离表_从0到220.25
外服0.4s,外服,实测,865,14.416700,192.231500,C:\Users\金阳\Desktop\0.4s外服.mp4 -> 距离表_从0到220.25
外服0.4s,外服,实测,866,14.433300,192.231500,C:\Users\金阳\Desktop\0.4s外服.mp4 -> 距离表_从0到220.25
外服0.4s,外服,实测,867,14.450000,192.881500,C:\Users\金阳\Desktop\0.4s外服.mp4 -> 距离表_从0到220.25
外服0.4s,外服,实测,868,14.466700,192.881500,C:\Users\金阳\Desktop\0.4s外服.mp4 -> 距离表_从0到220.25
外服0.4s,外服,实测,869,14.483300,193.511500,C:\Users\金阳\Desktop\0.4s外服.mp4 -> 距离表_从0到220.25
外服0.4s,外服,实测,870,14.500000,193.511500,C:\Users\金阳\Desktop\0.4s外服.mp4 -> 距离表_从0到220.25
外服0.4s,外服,实测,871,14.516700,194.152500,C:\Users\金阳\Desktop\0.4s外服.mp4 -> 距离表_从0到220.25
外服0.4s,外服,实测,872,14.533300,194.152500,C:\Users\金阳\Desktop\0.4s外服.mp4 -> 距离表_从0到220.25
外服0.4s,外服,实测,873,14.550000,194.771500,C:\Users\金阳\Desktop\0.4s外服.mp4 -> 距离表_从0到220.25
外服0.4s,外服,实测,874,14.566700,194.771500,C:\Users\金阳\Desktop\0.4s外服.mp4 -> 距离表_从0到220.25
外服0.4s,外服,实测,875,14.583300,195.401500,C:\Users\金阳\Desktop\0.4s外服.mp4 -> 距离表_从0到220.25
外服0.4s,外服,实测,876,14.600000,195.401500,C:\Users\金阳\Desktop\0.4s外服.mp4 -> 距离表_从0到220.25
外服0.4s,外服,实测,877,14.616700,196.021500,C:\Users\金阳\Desktop\0.4s外服.mp4 -> 距离表_从0到220.25
外服0.4s,外服,实测,878,14.633300,196.021500,C:\Users\金阳\Desktop\0.4s外服.mp4 -> 距离表_从0到220.25
外服0.4s,外服,实测,879,14.650000,196.641500,C:\Users\金阳\Desktop\0.4s外服.mp4 -> 距离表_从0到220.25
外服0.4s,外服,实测,880,14.666700,196.641500,C:\Users\金阳\Desktop\0.4s外服.mp4 -> 距离表_从0到220.25
外服0.4s,外服,实测,881,14.683300,197.251500,C:\Users\金阳\Desktop\0.4s外服.mp4 -> 距离表_从0到220.25
外服0.4s,外服,实测,882,14.700000,197.251500,C:\Users\金阳\Desktop\0.4s外服.mp4 -> 距离表_从0到220.25
外服0.4s,外服,实测,883,14.716700,197.861500,C:\Users\金阳\Desktop\0.4s外服.mp4 -> 距离表_从0到220.25
外服0.4s,外服,实测,884,14.733300,197.861500,C:\Users\金阳\Desktop\0.4s外服.mp4 -> 距离表_从0到220.25
外服0.4s,外服,实测,885,14.750000,198.461500,C:\Users\金阳\Desktop\0.4s外服.mp4 -> 距离表_从0到220.25
外服0.4s,外服,实测,886,14.766700,198.461500,C:\Users\金阳\Desktop\0.4s外服.mp4 -> 距离表_从0到220.25
外服0.4s,外服,实测,887,14.783300,199.072500,C:\Users\金阳\Desktop\0.4s外服.mp4 -> 距离表_从0到220.25
外服0.4s,外服,实测,888,14.800000,199.072500,C:\Users\金阳\Desktop\0.4s外服.mp4 -> 距离表_从0到220.25
外服0.4s,外服,实测,889,14.816700,199.631500,C:\Users\金阳\Desktop\0.4s外服.mp4 -> 距离表_从0到220.25
外服0.4s,外服,实测,890,14.833300,199.631500,C:\Users\金阳\Desktop\0.4s外服.mp4 -> 距离表_从0到220.25
外服0.4s,外服,实测,891,14.850000,200.141500,C:\Users\金阳\Desktop\0.4s外服.mp4 -> 距离表_从0到220.25
外服0.4s,外服,实测,892,14.866700,200.141500,C:\Users\金阳\Desktop\0.4s外服.mp4 -> 距离表_从0到220.25
外服0.4s,外服,实测,893,14.883300,200.711500,C:\Users\金阳\Desktop\0.4s外服.mp4 -> 距离表_从0到220.25
外服0.4s,外服,实测,894,14.900000,200.711500,C:\Users\金阳\Desktop\0.4s外服.mp4 -> 距离表_从0到220.25
外服0.4s,外服,实测,895,14.916700,201.271500,C:\Users\金阳\Desktop\0.4s外服.mp4 -> 距离表_从0到220.25
外服0.4s,外服,实测,896,14.933300,201.271500,C:\Users\金阳\Desktop\0.4s外服.mp4 -> 距离表_从0到220.25
外服0.4s,外服,实测,897,14.950000,201.831500,C:\Users\金阳\Desktop\0.4s外服.mp4 -> 距离表_从0到220.25
外服0.4s,外服,实测,898,14.966700,201.831500,C:\Users\金阳\Desktop\0.4s外服.mp4 -> 距离表_从0到220.25
外服0.4s,外服,实测,899,14.983300,202.372500,C:\Users\金阳\Desktop\0.4s外服.mp4 -> 距离表_从0到220.25
外服0.4s,外服,实测,900,15.000000,202.372500,C:\Users\金阳\Desktop\0.4s外服.mp4 -> 距离表_从0到220.25
外服0.4s,外服,实测,901,15.016700,202.921500,C:\Users\金阳\Desktop\0.4s外服.mp4 -> 距离表_从0到220.25
外服0.4s,外服,实测,902,15.033300,202.921500,C:\Users\金阳\Desktop\0.4s外服.mp4 -> 距离表_从0到220.25
外服0.4s,外服,实测,903,15.050000,203.471500,C:\Users\金阳\Desktop\0.4s外服.mp4 -> 距离表_从0到220.25
外服0.4s,外服,实测,904,15.066700,203.471500,C:\Users\金阳\Desktop\0.4s外服.mp4 -> 距离表_从0到220.25
外服0.4s,外服,实测,905,15.083300,204.041500,C:\Users\金阳\Desktop\0.4s外服.mp4 -> 距离表_从0到220.25
外服0.4s,外服,实测,906,15.100000,204.041500,C:\Users\金阳\Desktop\0.4s外服.mp4 -> 距离表_从0到220.25
外服0.4s,外服,实测,907,15.116700,204.611500,C:\Users\金阳\Desktop\0.4s外服.mp4 -> 距离表_从0到220.25
外服0.4s,外服,实测,908,15.133300,204.611500,C:\Users\金阳\Desktop\0.4s外服.mp4 -> 距离表_从0到220.25
外服0.4s,外服,实测,909,15.150000,205.201500,C:\Users\金阳\Desktop\0.4s外服.mp4 -> 距离表_从0到220.25
外服0.4s,外服,实测,910,15.166700,205.201500,C:\Users\金阳\Desktop\0.4s外服.mp4 -> 距离表_从0到220.25
外服0.4s,外服,实测,911,15.183300,205.781500,C:\Users\金阳\Desktop\0.4s外服.mp4 -> 距离表_从0到220.25
外服0.4s,外服,实测,912,15.200000,205.781500,C:\Users\金阳\Desktop\0.4s外服.mp4 -> 距离表_从0到220.25
外服0.4s,外服,实测,913,15.216700,206.351500,C:\Users\金阳\Desktop\0.4s外服.mp4 -> 距离表_从0到220.25
外服0.4s,外服,实测,914,15.233300,206.351500,C:\Users\金阳\Desktop\0.4s外服.mp4 -> 距离表_从0到220.25
外服0.4s,外服,实测,915,15.250000,206.921500,C:\Users\金阳\Desktop\0.4s外服.mp4 -> 距离表_从0到220.25
外服0.4s,外服,实测,916,15.266700,206.925500,C:\Users\金阳\Desktop\0.4s外服.mp4 -> 距离表_从0到220.25
外服0.4s,外服,实测,917,15.283300,207.485500,C:\Users\金阳\Desktop\0.4s外服.mp4 -> 距离表_从0到220.25
外服0.4s,外服,实测,918,15.300000,207.485500,C:\Users\金阳\Desktop\0.4s外服.mp4 -> 距离表_从0到220.25
外服0.4s,外服,实测,919,15.316700,208.042600,C:\Users\金阳\Desktop\0.4s外服.mp4 -> 距离表_从0到220.25
外服0.4s,外服,实测,920,15.333300,208.042600,C:\Users\金阳\Desktop\0.4s外服.mp4 -> 距离表_从0到220.25
外服0.4s,外服,实测,921,15.350000,208.595500,C:\Users\金阳\Desktop\0.4s外服.mp4 -> 距离表_从0到220.25
外服0.4s,外服,实测,922,15.366700,208.595500,C:\Users\金阳\Desktop\0.4s外服.mp4 -> 距离表_从0到220.25
外服0.4s,外服,实测,923,15.383300,209.145600,C:\Users\金阳\Desktop\0.4s外服.mp4 -> 距离表_从0到220.25
外服0.4s,外服,实测,924,15.400000,209.145600,C:\Users\金阳\Desktop\0.4s外服.mp4 -> 距离表_从0到220.25
外服0.4s,外服,实测,925,15.416700,209.676500,C:\Users\金阳\Desktop\0.4s外服.mp4 -> 距离表_从0到220.25
外服0.4s,外服,实测,926,15.433300,209.676500,C:\Users\金阳\Desktop\0.4s外服.mp4 -> 距离表_从0到220.25
外服0.4s,外服,实测,927,15.450000,210.180500,C:\Users\金阳\Desktop\0.4s外服.mp4 -> 距离表_从0到220.25
外服0.4s,外服,实测,928,15.466700,210.221500,C:\Users\金阳\Desktop\0.4s外服.mp4 -> 距离表_从0到220.25
外服0.4s,外服,实测,929,15.483300,210.751500,C:\Users\金阳\Desktop\0.4s外服.mp4 -> 距离表_从0到220.25
外服0.4s,外服,实测,930,15.500000,210.751500,C:\Users\金阳\Desktop\0.4s外服.mp4 -> 距离表_从0到220.25
外服0.4s,外服,实测,931,15.516700,211.276500,C:\Users\金阳\Desktop\0.4s外服.mp4 -> 距离表_从0到220.25
外服0.4s,外服,实测,932,15.533300,211.546500,C:\Users\金阳\Desktop\0.4s外服.mp4 -> 距离表_从0到220.25
外服0.4s,外服,实测,933,15.550000,212.031500,C:\Users\金阳\Desktop\0.4s外服.mp4 -> 距离表_从0到220.25
外服0.4s,外服,实测,934,15.566700,212.031500,C:\Users\金阳\Desktop\0.4s外服.mp4 -> 距离表_从0到220.25
外服0.4s,外服,实测,935,15.583300,212.761500,C:\Users\金阳\Desktop\0.4s外服.mp4 -> 距离表_从0到220.25
外服0.4s,外服,实测,936,15.600000,212.761500,C:\Users\金阳\Desktop\0.4s外服.mp4 -> 距离表_从0到220.25
外服0.4s,外服,实测,937,15.616700,213.471500,C:\Users\金阳\Desktop\0.4s外服.mp4 -> 距离表_从0到220.25
外服0.4s,外服,实测,938,15.633300,213.471500,C:\Users\金阳\Desktop\0.4s外服.mp4 -> 距离表_从0到220.25
外服0.4s,外服,实测,939,15.650000,214.172500,C:\Users\金阳\Desktop\0.4s外服.mp4 -> 距离表_从0到220.25
外服0.4s,外服,实测,940,15.666700,214.172500,C:\Users\金阳\Desktop\0.4s外服.mp4 -> 距离表_从0到220.25
外服0.4s,外服,实测,941,15.683300,214.621500,C:\Users\金阳\Desktop\0.4s外服.mp4 -> 距离表_从0到220.25
外服0.4s,外服,实测,942,15.700000,214.621500,C:\Users\金阳\Desktop\0.4s外服.mp4 -> 距离表_从0到220.25
外服0.4s,外服,实测,943,15.716700,215.061500,C:\Users\金阳\Desktop\0.4s外服.mp4 -> 距离表_从0到220.25
外服0.4s,外服,实测,944,15.733300,215.061500,C:\Users\金阳\Desktop\0.4s外服.mp4 -> 距离表_从0到220.25
外服0.4s,外服,实测,945,15.750000,215.501500,C:\Users\金阳\Desktop\0.4s外服.mp4 -> 距离表_从0到220.25
外服0.4s,外服,实测,946,15.766700,215.501500,C:\Users\金阳\Desktop\0.4s外服.mp4 -> 距离表_从0到220.25
外服0.4s,外服,实测,947,15.783300,215.921500,C:\Users\金阳\Desktop\0.4s外服.mp4 -> 距离表_从0到220.25
外服0.4s,外服,实测,948,15.800000,215.921500,C:\Users\金阳\Desktop\0.4s外服.mp4 -> 距离表_从0到220.25
外服0.4s,外服,实测,949,15.816700,216.321500,C:\Users\金阳\Desktop\0.4s外服.mp4 -> 距离表_从0到220.25
外服0.4s,外服,实测,950,15.833300,216.321500,C:\Users\金阳\Desktop\0.4s外服.mp4 -> 距离表_从0到220.25
外服0.4s,外服,实测,951,15.850000,216.721500,C:\Users\金阳\Desktop\0.4s外服.mp4 -> 距离表_从0到220.25
外服0.4s,外服,实测,952,15.866700,216.721500,C:\Users\金阳\Desktop\0.4s外服.mp4 -> 距离表_从0到220.25
外服0.4s,外服,实测,953,15.883300,217.111500,C:\Users\金阳\Desktop\0.4s外服.mp4 -> 距离表_从0到220.25
外服0.4s,外服,实测,954,15.900000,217.111500,C:\Users\金阳\Desktop\0.4s外服.mp4 -> 距离表_从0到220.25
外服0.4s,外服,实测,955,15.916700,217.491500,C:\Users\金阳\Desktop\0.4s外服.mp4 -> 距离表_从0到220.25
外服0.4s,外服,实测,956,15.933300,217.491500,C:\Users\金阳\Desktop\0.4s外服.mp4 -> 距离表_从0到220.25
外服0.4s,外服,实测,957,15.950000,217.791500,C:\Users\金阳\Desktop\0.4s外服.mp4 -> 距离表_从0到220.25
外服0.4s,外服,实测,958,15.966700,217.791500,C:\Users\金阳\Desktop\0.4s外服.mp4 -> 距离表_从0到220.25
外服0.4s,外服,实测,959,15.983300,218.011500,C:\Users\金阳\Desktop\0.4s外服.mp4 -> 距离表_从0到220.25
外服0.4s,外服,实测,960,16.000000,218.011500,C:\Users\金阳\Desktop\0.4s外服.mp4 -> 距离表_从0到220.25
外服0.4s,外服,实测,961,16.016700,218.161500,C:\Users\金阳\Desktop\0.4s外服.mp4 -> 距离表_从0到220.25
外服0.4s,外服,实测,962,16.033300,218.161500,C:\Users\金阳\Desktop\0.4s外服.mp4 -> 距离表_从0到220.25
外服0.4s,外服,实测,963,16.050000,218.271500,C:\Users\金阳\Desktop\0.4s外服.mp4 -> 距离表_从0到220.25
外服0.4s,外服,实测,964,16.066700,218.271500,C:\Users\金阳\Desktop\0.4s外服.mp4 -> 距离表_从0到220.25
外服0.4s,外服,实测,965,16.083300,218.352500,C:\Users\金阳\Desktop\0.4s外服.mp4 -> 距离表_从0到220.25
外服0.4s,外服,实测,966,16.100000,218.352500,C:\Users\金阳\Desktop\0.4s外服.mp4 -> 距离表_从0到220.25
外服0.4s,外服,实测,967,16.116700,218.381500,C:\Users\金阳\Desktop\0.4s外服.mp4 -> 距离表_从0到220.25
外服0.4s,外服,实测,968,16.133300,218.381500,C:\Users\金阳\Desktop\0.4s外服.mp4 -> 距离表_从0到220.25
外服0.4s,外服,实测,969,16.150000,218.381500,C:\Users\金阳\Desktop\0.4s外服.mp4 -> 距离表_从0到220.25
外服0.4s,外服,实测,970,16.166700,218.381500,C:\Users\金阳\Desktop\0.4s外服.mp4 -> 距离表_从0到220.25
外服0.4s,外服,实测,971,16.183300,218.381500,C:\Users\金阳\Desktop\0.4s外服.mp4 -> 距离表_从0到220.25
外服0.4s,外服,实测,972,16.200000,218.381500,C:\Users\金阳\Desktop\0.4s外服.mp4 -> 距离表_从0到220.25
外服0.4s,外服,实测,973,16.216700,218.381500,C:\Users\金阳\Desktop\0.4s外服.mp4 -> 距离表_从0到220.25
外服0.4s,外服,实测,974,16.233300,218.381500,C:\Users\金阳\Desktop\0.4s外服.mp4 -> 距离表_从0到220.25
外服0.4s,外服,实测,975,16.250000,218.381500,C:\Users\金阳\Desktop\0.4s外服.mp4 -> 距离表_从0到220.25
外服0.4s,外服,实测,976,16.266700,218.381500,C:\Users\金阳\Desktop\0.4s外服.mp4 -> 距离表_从0到220.25
外服0.4s,外服,实测,977,16.283300,218.381500,C:\Users\金阳\Desktop\0.4s外服.mp4 -> 距离表_从0到220.25
外服0.4s,外服,实测,978,16.300000,218.381500,C:\Users\金阳\Desktop\0.4s外服.mp4 -> 距离表_从0到220.25
外服0.4s,外服,实测,979,16.316700,218.381500,C:\Users\金阳\Desktop\0.4s外服.mp4 -> 距离表_从0到220.25
外服0.4s,外服,实测,980,16.333300,218.381500,C:\Users\金阳\Desktop\0.4s外服.mp4 -> 距离表_从0到220.25
外服0.4s,外服,实测,981,16.350000,218.381500,C:\Users\金阳\Desktop\0.4s外服.mp4 -> 距离表_从0到220.25
外服0.4s,外服,实测,982,16.366700,218.381500,C:\Users\金阳\Desktop\0.4s外服.mp4 -> 距离表_从0到220.25
外服0.4s,外服,实测,983,16.383300,218.381500,C:\Users\金阳\Desktop\0.4s外服.mp4 -> 距离表_从0到220.25
外服0.4s,外服,实测,984,16.400000,218.381500,C:\Users\金阳\Desktop\0.4s外服.mp4 -> 距离表_从0到220.25
外服0.4s,外服,实测,985,16.416700,218.381500,C:\Users\金阳\Desktop\0.4s外服.mp4 -> 距离表_从0到220.25
外服0.4s,外服,实测,986,16.433300,218.381500,C:\Users\金阳\Desktop\0.4s外服.mp4 -> 距离表_从0到220.25
外服0.4s,外服,实测,987,16.450000,218.381500,C:\Users\金阳\Desktop\0.4s外服.mp4 -> 距离表_从0到220.25
外服0.4s,外服,实测,988,16.466700,218.381500,C:\Users\金阳\Desktop\0.4s外服.mp4 -> 距离表_从0到220.25
外服0.4s,外服,实测,989,16.483300,218.381500,C:\Users\金阳\Desktop\0.4s外服.mp4 -> 距离表_从0到220.25
外服0.4s,外服,实测,990,16.500000,218.381500,C:\Users\金阳\Desktop\0.4s外服.mp4 -> 距离表_从0到220.25
外服0.4s,外服,实测,991,16.516700,218.381500,C:\Users\金阳\Desktop\0.4s外服.mp4 -> 距离表_从0到220.25
外服0.4s,外服,实测,992,16.533300,218.381500,C:\Users\金阳\Desktop\0.4s外服.mp4 -> 距离表_从0到220.25
外服0.4s,外服,实测,993,16.550000,218.381500,C:\Users\金阳\Desktop\0.4s外服.mp4 -> 距离表_从0到220.25
外服0.4s,外服,实测,994,16.566700,218.381500,C:\Users\金阳\Desktop\0.4s外服.mp4 -> 距离表_从0到220.25
外服0.4s,外服,实测,995,16.583300,218.381500,C:\Users\金阳\Desktop\0.4s外服.mp4 -> 距离表_从0到220.25
外服0.4s,外服,实测,996,16.600000,218.381500,C:\Users\金阳\Desktop\0.4s外服.mp4 -> 距离表_从0到220.25
外服0.4s,外服,实测,997,16.616700,218.481500,C:\Users\金阳\Desktop\0.4s外服.mp4 -> 距离表_从0到220.25
外服0.4s,外服,实测,998,16.633300,218.481500,C:\Users\金阳\Desktop\0.4s外服.mp4 -> 距离表_从0到220.25
外服0.4s,外服,实测,999,16.650000,218.501500,C:\Users\金阳\Desktop\0.4s外服.mp4 -> 距离表_从0到220.25
外服0.4s,外服,实测,1000,16.666700,218.501500,C:\Users\金阳\Desktop\0.4s外服.mp4 -> 距离表_从0到220.25
外服0.4s,外服,实测,1001,16.683300,218.501500,C:\Users\金阳\Desktop\0.4s外服.mp4 -> 距离表_从0到220.25
外服0.4s,外服,实测,1002,16.700000,218.501500,C:\Users\金阳\Desktop\0.4s外服.mp4 -> 距离表_从0到220.25
外服0.4s,外服,实测,1003,16.716700,218.501500,C:\Users\金阳\Desktop\0.4s外服.mp4 -> 距离表_从0到220.25
外服0.4s,外服,实测,1004,16.733300,218.501500,C:\Users\金阳\Desktop\0.4s外服.mp4 -> 距离表_从0到220.25
外服0.4s,外服,实测,1005,16.750000,218.501500,C:\Users\金阳\Desktop\0.4s外服.mp4 -> 距离表_从0到220.25
外服0.4s,外服,实测,1006,16.766700,218.501500,C:\Users\金阳\Desktop\0.4s外服.mp4 -> 距离表_从0到220.25
外服0.4s,外服,实测,1007,16.783300,218.501500,C:\Users\金阳\Desktop\0.4s外服.mp4 -> 距离表_从0到220.25
外服0.4s,外服,实测,1008,16.800000,218.501500,C:\Users\金阳\Desktop\0.4s外服.mp4 -> 距离表_从0到220.25
外服0.4s,外服,实测,1009,16.816700,218.501500,C:\Users\金阳\Desktop\0.4s外服.mp4 -> 距离表_从0到220.25
外服0.4s,外服,实测,1010,16.833300,218.501500,C:\Users\金阳\Desktop\0.4s外服.mp4 -> 距离表_从0到220.25
外服0.4s,外服,实测,1011,16.850000,218.501500,C:\Users\金阳\Desktop\0.4s外服.mp4 -> 距离表_从0到220.25
外服0.4s,外服,实测,1012,16.866700,218.501500,C:\Users\金阳\Desktop\0.4s外服.mp4 -> 距离表_从0到220.25
外服0.4s,外服,实测,1013,16.883300,218.501500,C:\Users\金阳\Desktop\0.4s外服.mp4 -> 距离表_从0到220.25
外服0.4s,外服,实测,1014,16.900000,218.501500,C:\Users\金阳\Desktop\0.4s外服.mp4 -> 距离表_从0到220.25
外服0.4s,外服,实测,1015,16.916700,218.501500,C:\Users\金阳\Desktop\0.4s外服.mp4 -> 距离表_从0到220.25
外服0.4s,外服,实测,1016,16.933300,218.501500,C:\Users\金阳\Desktop\0.4s外服.mp4 -> 距离表_从0到220.25
外服0.4s,外服,实测,1017,16.950000,218.501500,C:\Users\金阳\Desktop\0.4s外服.mp4 -> 距离表_从0到220.25
外服0.4s,外服,实测,1018,16.966700,218.501500,C:\Users\金阳\Desktop\0.4s外服.mp4 -> 距离表_从0到220.25
外服0.4s,外服,实测,1019,16.983300,218.501500,C:\Users\金阳\Desktop\0.4s外服.mp4 -> 距离表_从0到220.25
外服0.4s,外服,实测,1020,17.000000,218.501500,C:\Users\金阳\Desktop\0.4s外服.mp4 -> 距离表_从0到220.25
外服0.4s,外服,实测,1021,17.016700,218.601500,C:\Users\金阳\Desktop\0.4s外服.mp4 -> 距离表_从0到220.25
外服0.4s,外服,实测,1022,17.033300,218.601500,C:\Users\金阳\Desktop\0.4s外服.mp4 -> 距离表_从0到220.25
外服0.4s,外服,实测,1023,17.050000,218.741500,C:\Users\金阳\Desktop\0.4s外服.mp4 -> 距离表_从0到220.25
外服0.4s,外服,实测,1024,17.066700,218.741500,C:\Users\金阳\Desktop\0.4s外服.mp4 -> 距离表_从0到220.25
外服0.4s,外服,实测,1025,17.083300,218.901500,C:\Users\金阳\Desktop\0.4s外服.mp4 -> 距离表_从0到220.25
外服0.4s,外服,实测,1026,17.100000,218.901500,C:\Users\金阳\Desktop\0.4s外服.mp4 -> 距离表_从0到220.25
外服0.4s,外服,实测,1027,17.116700,219.112500,C:\Users\金阳\Desktop\0.4s外服.mp4 -> 距离表_从0到220.25
外服0.4s,外服,实测,1028,17.133300,219.112500,C:\Users\金阳\Desktop\0.4s外服.mp4 -> 距离表_从0到220.25
外服0.4s,外服,实测,1029,17.150000,219.341500,C:\Users\金阳\Desktop\0.4s外服.mp4 -> 距离表_从0到220.25
外服0.4s,外服,实测,1030,17.166700,219.341500,C:\Users\金阳\Desktop\0.4s外服.mp4 -> 距离表_从0到220.25
外服0.4s,外服,实测,1031,17.183300,219.621500,C:\Users\金阳\Desktop\0.4s外服.mp4 -> 距离表_从0到220.25
外服0.4s,外服,实测,1032,17.200000,219.621500,C:\Users\金阳\Desktop\0.4s外服.mp4 -> 距离表_从0到220.25
外服0.4s,外服,实测,1033,17.216700,219.891500,C:\Users\金阳\Desktop\0.4s外服.mp4 -> 距离表_从0到220.25
外服0.4s,外服,实测,1034,17.233300,219.891500,C:\Users\金阳\Desktop\0.4s外服.mp4 -> 距离表_从0到220.25
外服0.4s,外服,实测,1035,17.250000,220.151500,C:\Users\金阳\Desktop\0.4s外服.mp4 -> 距离表_从0到220.25
外服0.4s,外服,实测,1036,17.266700,220.151500,C:\Users\金阳\Desktop\0.4s外服.mp4 -> 距离表_从0到220.25
外服0.4s,外服,实测,1037,17.272800,220.250000,C:\Users\金阳\Desktop\0.4s外服.mp4 -> 距离表_从0到220.25
外服0.5s,外服,实测,0,0.000000,0.000000,C:\Users\金阳\Documents\我的POPO\eggy_0.5s_0.6s.zip -> 0.5s/measurements.csv
外服0.5s,外服,实测,1,0.016667,0.000000,C:\Users\金阳\Documents\我的POPO\eggy_0.5s_0.6s.zip -> 0.5s/measurements.csv
外服0.5s,外服,实测,2,0.033333,0.000000,C:\Users\金阳\Documents\我的POPO\eggy_0.5s_0.6s.zip -> 0.5s/measurements.csv
外服0.5s,外服,实测,3,0.050000,0.000000,C:\Users\金阳\Documents\我的POPO\eggy_0.5s_0.6s.zip -> 0.5s/measurements.csv
外服0.5s,外服,实测,4,0.066667,0.000000,C:\Users\金阳\Documents\我的POPO\eggy_0.5s_0.6s.zip -> 0.5s/measurements.csv
外服0.5s,外服,实测,5,0.083333,0.000000,C:\Users\金阳\Documents\我的POPO\eggy_0.5s_0.6s.zip -> 0.5s/measurements.csv
外服0.5s,外服,实测,6,0.100000,0.000000,C:\Users\金阳\Documents\我的POPO\eggy_0.5s_0.6s.zip -> 0.5s/measurements.csv
外服0.5s,外服,实测,7,0.116667,0.000000,C:\Users\金阳\Documents\我的POPO\eggy_0.5s_0.6s.zip -> 0.5s/measurements.csv
外服0.5s,外服,实测,8,0.133333,0.000000,C:\Users\金阳\Documents\我的POPO\eggy_0.5s_0.6s.zip -> 0.5s/measurements.csv
外服0.5s,外服,实测,9,0.150000,0.000000,C:\Users\金阳\Documents\我的POPO\eggy_0.5s_0.6s.zip -> 0.5s/measurements.csv
外服0.5s,外服,实测,10,0.166667,0.000000,C:\Users\金阳\Documents\我的POPO\eggy_0.5s_0.6s.zip -> 0.5s/measurements.csv
外服0.5s,外服,实测,11,0.183333,0.000000,C:\Users\金阳\Documents\我的POPO\eggy_0.5s_0.6s.zip -> 0.5s/measurements.csv
外服0.5s,外服,实测,12,0.200000,0.000000,C:\Users\金阳\Documents\我的POPO\eggy_0.5s_0.6s.zip -> 0.5s/measurements.csv
外服0.5s,外服,实测,13,0.216667,0.000000,C:\Users\金阳\Documents\我的POPO\eggy_0.5s_0.6s.zip -> 0.5s/measurements.csv
外服0.5s,外服,实测,14,0.233333,0.000000,C:\Users\金阳\Documents\我的POPO\eggy_0.5s_0.6s.zip -> 0.5s/measurements.csv
外服0.5s,外服,实测,15,0.250000,0.000000,C:\Users\金阳\Documents\我的POPO\eggy_0.5s_0.6s.zip -> 0.5s/measurements.csv
外服0.5s,外服,实测,16,0.266667,0.000000,C:\Users\金阳\Documents\我的POPO\eggy_0.5s_0.6s.zip -> 0.5s/measurements.csv
外服0.5s,外服,实测,17,0.283333,0.000000,C:\Users\金阳\Documents\我的POPO\eggy_0.5s_0.6s.zip -> 0.5s/measurements.csv
外服0.5s,外服,实测,18,0.300000,0.000000,C:\Users\金阳\Documents\我的POPO\eggy_0.5s_0.6s.zip -> 0.5s/measurements.csv
外服0.5s,外服,实测,19,0.316667,0.000000,C:\Users\金阳\Documents\我的POPO\eggy_0.5s_0.6s.zip -> 0.5s/measurements.csv
外服0.5s,外服,实测,20,0.333333,0.000000,C:\Users\金阳\Documents\我的POPO\eggy_0.5s_0.6s.zip -> 0.5s/measurements.csv
外服0.5s,外服,实测,21,0.350000,0.000000,C:\Users\金阳\Documents\我的POPO\eggy_0.5s_0.6s.zip -> 0.5s/measurements.csv
外服0.5s,外服,实测,22,0.366667,0.000000,C:\Users\金阳\Documents\我的POPO\eggy_0.5s_0.6s.zip -> 0.5s/measurements.csv
外服0.5s,外服,实测,23,0.383333,0.000000,C:\Users\金阳\Documents\我的POPO\eggy_0.5s_0.6s.zip -> 0.5s/measurements.csv
外服0.5s,外服,实测,24,0.400000,0.000000,C:\Users\金阳\Documents\我的POPO\eggy_0.5s_0.6s.zip -> 0.5s/measurements.csv
外服0.5s,外服,实测,25,0.416667,0.000000,C:\Users\金阳\Documents\我的POPO\eggy_0.5s_0.6s.zip -> 0.5s/measurements.csv
外服0.5s,外服,实测,26,0.433333,0.000000,C:\Users\金阳\Documents\我的POPO\eggy_0.5s_0.6s.zip -> 0.5s/measurements.csv
外服0.5s,外服,实测,27,0.450000,0.000000,C:\Users\金阳\Documents\我的POPO\eggy_0.5s_0.6s.zip -> 0.5s/measurements.csv
外服0.5s,外服,实测,28,0.466667,0.124600,C:\Users\金阳\Documents\我的POPO\eggy_0.5s_0.6s.zip -> 0.5s/measurements.csv
外服0.5s,外服,实测,29,0.483333,0.124600,C:\Users\金阳\Documents\我的POPO\eggy_0.5s_0.6s.zip -> 0.5s/measurements.csv
外服0.5s,外服,实测,30,0.500000,0.391200,C:\Users\金阳\Documents\我的POPO\eggy_0.5s_0.6s.zip -> 0.5s/measurements.csv
外服0.5s,外服,实测,31,0.516667,0.391200,C:\Users\金阳\Documents\我的POPO\eggy_0.5s_0.6s.zip -> 0.5s/measurements.csv
外服0.5s,外服,实测,32,0.533333,0.657700,C:\Users\金阳\Documents\我的POPO\eggy_0.5s_0.6s.zip -> 0.5s/measurements.csv
外服0.5s,外服,实测,33,0.550000,0.657700,C:\Users\金阳\Documents\我的POPO\eggy_0.5s_0.6s.zip -> 0.5s/measurements.csv
外服0.5s,外服,实测,34,0.566667,0.924300,C:\Users\金阳\Documents\我的POPO\eggy_0.5s_0.6s.zip -> 0.5s/measurements.csv
外服0.5s,外服,实测,35,0.583333,0.924300,C:\Users\金阳\Documents\我的POPO\eggy_0.5s_0.6s.zip -> 0.5s/measurements.csv
外服0.5s,外服,实测,36,0.600000,1.191000,C:\Users\金阳\Documents\我的POPO\eggy_0.5s_0.6s.zip -> 0.5s/measurements.csv
外服0.5s,外服,实测,37,0.616667,1.191000,C:\Users\金阳\Documents\我的POPO\eggy_0.5s_0.6s.zip -> 0.5s/measurements.csv
外服0.5s,外服,实测,38,0.633333,1.457600,C:\Users\金阳\Documents\我的POPO\eggy_0.5s_0.6s.zip -> 0.5s/measurements.csv
外服0.5s,外服,实测,39,0.650000,1.457600,C:\Users\金阳\Documents\我的POPO\eggy_0.5s_0.6s.zip -> 0.5s/measurements.csv
外服0.5s,外服,实测,40,0.666667,1.724200,C:\Users\金阳\Documents\我的POPO\eggy_0.5s_0.6s.zip -> 0.5s/measurements.csv
外服0.5s,外服,实测,41,0.683333,1.724200,C:\Users\金阳\Documents\我的POPO\eggy_0.5s_0.6s.zip -> 0.5s/measurements.csv
外服0.5s,外服,实测,42,0.700000,1.990900,C:\Users\金阳\Documents\我的POPO\eggy_0.5s_0.6s.zip -> 0.5s/measurements.csv
外服0.5s,外服,实测,43,0.716667,1.990900,C:\Users\金阳\Documents\我的POPO\eggy_0.5s_0.6s.zip -> 0.5s/measurements.csv
外服0.5s,外服,实测,44,0.733333,2.257500,C:\Users\金阳\Documents\我的POPO\eggy_0.5s_0.6s.zip -> 0.5s/measurements.csv
外服0.5s,外服,实测,45,0.750000,2.257500,C:\Users\金阳\Documents\我的POPO\eggy_0.5s_0.6s.zip -> 0.5s/measurements.csv
外服0.5s,外服,实测,46,0.766667,2.524100,C:\Users\金阳\Documents\我的POPO\eggy_0.5s_0.6s.zip -> 0.5s/measurements.csv
外服0.5s,外服,实测,47,0.783333,2.524100,C:\Users\金阳\Documents\我的POPO\eggy_0.5s_0.6s.zip -> 0.5s/measurements.csv
外服0.5s,外服,实测,48,0.800000,2.790800,C:\Users\金阳\Documents\我的POPO\eggy_0.5s_0.6s.zip -> 0.5s/measurements.csv
外服0.5s,外服,实测,49,0.816667,2.790800,C:\Users\金阳\Documents\我的POPO\eggy_0.5s_0.6s.zip -> 0.5s/measurements.csv
外服0.5s,外服,实测,50,0.833333,3.057400,C:\Users\金阳\Documents\我的POPO\eggy_0.5s_0.6s.zip -> 0.5s/measurements.csv
外服0.5s,外服,实测,51,0.850000,3.057400,C:\Users\金阳\Documents\我的POPO\eggy_0.5s_0.6s.zip -> 0.5s/measurements.csv
外服0.5s,外服,实测,52,0.866667,3.324100,C:\Users\金阳\Documents\我的POPO\eggy_0.5s_0.6s.zip -> 0.5s/measurements.csv
外服0.5s,外服,实测,53,0.883333,3.324100,C:\Users\金阳\Documents\我的POPO\eggy_0.5s_0.6s.zip -> 0.5s/measurements.csv
外服0.5s,外服,实测,54,0.900000,3.590700,C:\Users\金阳\Documents\我的POPO\eggy_0.5s_0.6s.zip -> 0.5s/measurements.csv
外服0.5s,外服,实测,55,0.916667,3.590700,C:\Users\金阳\Documents\我的POPO\eggy_0.5s_0.6s.zip -> 0.5s/measurements.csv
外服0.5s,外服,实测,56,0.933333,3.857400,C:\Users\金阳\Documents\我的POPO\eggy_0.5s_0.6s.zip -> 0.5s/measurements.csv
外服0.5s,外服,实测,57,0.950000,3.857400,C:\Users\金阳\Documents\我的POPO\eggy_0.5s_0.6s.zip -> 0.5s/measurements.csv
外服0.5s,外服,实测,58,0.966667,4.124000,C:\Users\金阳\Documents\我的POPO\eggy_0.5s_0.6s.zip -> 0.5s/measurements.csv
外服0.5s,外服,实测,59,0.983333,4.124000,C:\Users\金阳\Documents\我的POPO\eggy_0.5s_0.6s.zip -> 0.5s/measurements.csv
外服0.5s,外服,实测,60,1.000000,4.390700,C:\Users\金阳\Documents\我的POPO\eggy_0.5s_0.6s.zip -> 0.5s/measurements.csv
外服0.5s,外服,实测,61,1.016667,4.390700,C:\Users\金阳\Documents\我的POPO\eggy_0.5s_0.6s.zip -> 0.5s/measurements.csv
外服0.5s,外服,实测,62,1.033333,4.881800,C:\Users\金阳\Documents\我的POPO\eggy_0.5s_0.6s.zip -> 0.5s/measurements.csv
外服0.5s,外服,实测,63,1.050000,4.881800,C:\Users\金阳\Documents\我的POPO\eggy_0.5s_0.6s.zip -> 0.5s/measurements.csv
外服0.5s,外服,实测,64,1.066667,5.364000,C:\Users\金阳\Documents\我的POPO\eggy_0.5s_0.6s.zip -> 0.5s/measurements.csv
外服0.5s,外服,实测,65,1.083333,5.364000,C:\Users\金阳\Documents\我的POPO\eggy_0.5s_0.6s.zip -> 0.5s/measurements.csv
外服0.5s,外服,实测,66,1.100000,5.837300,C:\Users\金阳\Documents\我的POPO\eggy_0.5s_0.6s.zip -> 0.5s/measurements.csv
外服0.5s,外服,实测,67,1.116667,5.837300,C:\Users\金阳\Documents\我的POPO\eggy_0.5s_0.6s.zip -> 0.5s/measurements.csv
外服0.5s,外服,实测,68,1.133333,6.301800,C:\Users\金阳\Documents\我的POPO\eggy_0.5s_0.6s.zip -> 0.5s/measurements.csv
外服0.5s,外服,实测,69,1.150000,6.301800,C:\Users\金阳\Documents\我的POPO\eggy_0.5s_0.6s.zip -> 0.5s/measurements.csv
外服0.5s,外服,实测,70,1.166667,6.727300,C:\Users\金阳\Documents\我的POPO\eggy_0.5s_0.6s.zip -> 0.5s/measurements.csv
外服0.5s,外服,实测,71,1.183333,6.727300,C:\Users\金阳\Documents\我的POPO\eggy_0.5s_0.6s.zip -> 0.5s/measurements.csv
外服0.5s,外服,实测,72,1.200000,7.114010,C:\Users\金阳\Documents\我的POPO\eggy_0.5s_0.6s.zip -> 0.5s/measurements.csv
外服0.5s,外服,实测,73,1.216667,7.114010,C:\Users\金阳\Documents\我的POPO\eggy_0.5s_0.6s.zip -> 0.5s/measurements.csv
外服0.5s,外服,实测,74,1.233333,7.461700,C:\Users\金阳\Documents\我的POPO\eggy_0.5s_0.6s.zip -> 0.5s/measurements.csv
外服0.5s,外服,实测,75,1.250000,7.461700,C:\Users\金阳\Documents\我的POPO\eggy_0.5s_0.6s.zip -> 0.5s/measurements.csv
外服0.5s,外服,实测,76,1.266667,7.770600,C:\Users\金阳\Documents\我的POPO\eggy_0.5s_0.6s.zip -> 0.5s/measurements.csv
外服0.5s,外服,实测,77,1.283333,7.770600,C:\Users\金阳\Documents\我的POPO\eggy_0.5s_0.6s.zip -> 0.5s/measurements.csv
外服0.5s,外服,实测,78,1.300000,9.211200,C:\Users\金阳\Documents\我的POPO\eggy_0.5s_0.6s.zip -> 0.5s/measurements.csv
外服0.5s,外服,实测,79,1.316667,9.211200,C:\Users\金阳\Documents\我的POPO\eggy_0.5s_0.6s.zip -> 0.5s/measurements.csv
外服0.5s,外服,实测,80,1.333333,9.258200,C:\Users\金阳\Documents\我的POPO\eggy_0.5s_0.6s.zip -> 0.5s/measurements.csv
外服0.5s,外服,实测,81,1.350000,9.258200,C:\Users\金阳\Documents\我的POPO\eggy_0.5s_0.6s.zip -> 0.5s/measurements.csv
外服0.5s,外服,实测,82,1.366667,9.281200,C:\Users\金阳\Documents\我的POPO\eggy_0.5s_0.6s.zip -> 0.5s/measurements.csv
外服0.5s,外服,实测,83,1.383333,9.281200,C:\Users\金阳\Documents\我的POPO\eggy_0.5s_0.6s.zip -> 0.5s/measurements.csv
外服0.5s,外服,实测,84,1.400000,9.282200,C:\Users\金阳\Documents\我的POPO\eggy_0.5s_0.6s.zip -> 0.5s/measurements.csv
外服0.5s,外服,实测,85,1.416667,9.282200,C:\Users\金阳\Documents\我的POPO\eggy_0.5s_0.6s.zip -> 0.5s/measurements.csv
外服0.5s,外服,实测,86,1.433333,9.276200,C:\Users\金阳\Documents\我的POPO\eggy_0.5s_0.6s.zip -> 0.5s/measurements.csv
外服0.5s,外服,实测,87,1.450000,9.276200,C:\Users\金阳\Documents\我的POPO\eggy_0.5s_0.6s.zip -> 0.5s/measurements.csv
外服0.5s,外服,实测,88,1.466667,9.270200,C:\Users\金阳\Documents\我的POPO\eggy_0.5s_0.6s.zip -> 0.5s/measurements.csv
外服0.5s,外服,实测,89,1.483333,9.270200,C:\Users\金阳\Documents\我的POPO\eggy_0.5s_0.6s.zip -> 0.5s/measurements.csv
外服0.5s,外服,实测,90,1.500000,9.267300,C:\Users\金阳\Documents\我的POPO\eggy_0.5s_0.6s.zip -> 0.5s/measurements.csv
外服0.5s,外服,实测,91,1.516667,9.267300,C:\Users\金阳\Documents\我的POPO\eggy_0.5s_0.6s.zip -> 0.5s/measurements.csv
外服0.5s,外服,实测,92,1.533333,9.266200,C:\Users\金阳\Documents\我的POPO\eggy_0.5s_0.6s.zip -> 0.5s/measurements.csv
外服0.5s,外服,实测,93,1.550000,9.266200,C:\Users\金阳\Documents\我的POPO\eggy_0.5s_0.6s.zip -> 0.5s/measurements.csv
外服0.5s,外服,实测,94,1.566667,9.315200,C:\Users\金阳\Documents\我的POPO\eggy_0.5s_0.6s.zip -> 0.5s/measurements.csv
外服0.5s,外服,实测,95,1.583333,9.315200,C:\Users\金阳\Documents\我的POPO\eggy_0.5s_0.6s.zip -> 0.5s/measurements.csv
外服0.5s,外服,实测,96,1.600000,9.429200,C:\Users\金阳\Documents\我的POPO\eggy_0.5s_0.6s.zip -> 0.5s/measurements.csv
外服0.5s,外服,实测,97,1.616667,9.429200,C:\Users\金阳\Documents\我的POPO\eggy_0.5s_0.6s.zip -> 0.5s/measurements.csv
外服0.5s,外服,实测,98,1.633333,9.569200,C:\Users\金阳\Documents\我的POPO\eggy_0.5s_0.6s.zip -> 0.5s/measurements.csv
外服0.5s,外服,实测,99,1.650000,9.569200,C:\Users\金阳\Documents\我的POPO\eggy_0.5s_0.6s.zip -> 0.5s/measurements.csv
外服0.5s,外服,实测,100,1.666667,9.739200,C:\Users\金阳\Documents\我的POPO\eggy_0.5s_0.6s.zip -> 0.5s/measurements.csv
外服0.5s,外服,实测,101,1.683333,9.739200,C:\Users\金阳\Documents\我的POPO\eggy_0.5s_0.6s.zip -> 0.5s/measurements.csv
外服0.5s,外服,实测,102,1.700000,9.935200,C:\Users\金阳\Documents\我的POPO\eggy_0.5s_0.6s.zip -> 0.5s/measurements.csv
外服0.5s,外服,实测,103,1.716667,9.935200,C:\Users\金阳\Documents\我的POPO\eggy_0.5s_0.6s.zip -> 0.5s/measurements.csv
外服0.5s,外服,实测,104,1.733333,10.149200,C:\Users\金阳\Documents\我的POPO\eggy_0.5s_0.6s.zip -> 0.5s/measurements.csv
外服0.5s,外服,实测,105,1.750000,10.149200,C:\Users\金阳\Documents\我的POPO\eggy_0.5s_0.6s.zip -> 0.5s/measurements.csv
外服0.5s,外服,实测,106,1.766667,10.377200,C:\Users\金阳\Documents\我的POPO\eggy_0.5s_0.6s.zip -> 0.5s/measurements.csv
外服0.5s,外服,实测,107,1.783333,10.377200,C:\Users\金阳\Documents\我的POPO\eggy_0.5s_0.6s.zip -> 0.5s/measurements.csv
外服0.5s,外服,实测,108,1.800000,10.655200,C:\Users\金阳\Documents\我的POPO\eggy_0.5s_0.6s.zip -> 0.5s/measurements.csv
外服0.5s,外服,实测,109,1.816667,10.655200,C:\Users\金阳\Documents\我的POPO\eggy_0.5s_0.6s.zip -> 0.5s/measurements.csv
外服0.5s,外服,实测,110,1.833333,11.103200,C:\Users\金阳\Documents\我的POPO\eggy_0.5s_0.6s.zip -> 0.5s/measurements.csv
外服0.5s,外服,实测,111,1.850000,11.103200,C:\Users\金阳\Documents\我的POPO\eggy_0.5s_0.6s.zip -> 0.5s/measurements.csv
外服0.5s,外服,实测,112,1.866667,11.547200,C:\Users\金阳\Documents\我的POPO\eggy_0.5s_0.6s.zip -> 0.5s/measurements.csv
外服0.5s,外服,实测,113,1.883333,11.547200,C:\Users\金阳\Documents\我的POPO\eggy_0.5s_0.6s.zip -> 0.5s/measurements.csv
外服0.5s,外服,实测,114,1.900000,11.985200,C:\Users\金阳\Documents\我的POPO\eggy_0.5s_0.6s.zip -> 0.5s/measurements.csv
外服0.5s,外服,实测,115,1.916667,11.985200,C:\Users\金阳\Documents\我的POPO\eggy_0.5s_0.6s.zip -> 0.5s/measurements.csv
外服0.5s,外服,实测,116,1.933333,12.420200,C:\Users\金阳\Documents\我的POPO\eggy_0.5s_0.6s.zip -> 0.5s/measurements.csv
外服0.5s,外服,实测,117,1.950000,12.420200,C:\Users\金阳\Documents\我的POPO\eggy_0.5s_0.6s.zip -> 0.5s/measurements.csv
外服0.5s,外服,实测,118,1.966667,12.850200,C:\Users\金阳\Documents\我的POPO\eggy_0.5s_0.6s.zip -> 0.5s/measurements.csv
外服0.5s,外服,实测,119,1.983333,12.850200,C:\Users\金阳\Documents\我的POPO\eggy_0.5s_0.6s.zip -> 0.5s/measurements.csv
外服0.5s,外服,实测,120,2.000000,13.275200,C:\Users\金阳\Documents\我的POPO\eggy_0.5s_0.6s.zip -> 0.5s/measurements.csv
外服0.5s,外服,实测,121,2.016667,13.275200,C:\Users\金阳\Documents\我的POPO\eggy_0.5s_0.6s.zip -> 0.5s/measurements.csv
外服0.5s,外服,实测,122,2.033333,13.697200,C:\Users\金阳\Documents\我的POPO\eggy_0.5s_0.6s.zip -> 0.5s/measurements.csv
外服0.5s,外服,实测,123,2.050000,13.697200,C:\Users\金阳\Documents\我的POPO\eggy_0.5s_0.6s.zip -> 0.5s/measurements.csv
外服0.5s,外服,实测,124,2.066667,14.113200,C:\Users\金阳\Documents\我的POPO\eggy_0.5s_0.6s.zip -> 0.5s/measurements.csv
外服0.5s,外服,实测,125,2.083333,14.113200,C:\Users\金阳\Documents\我的POPO\eggy_0.5s_0.6s.zip -> 0.5s/measurements.csv
外服0.5s,外服,实测,126,2.100000,14.525200,C:\Users\金阳\Documents\我的POPO\eggy_0.5s_0.6s.zip -> 0.5s/measurements.csv
外服0.5s,外服,实测,127,2.116667,14.525200,C:\Users\金阳\Documents\我的POPO\eggy_0.5s_0.6s.zip -> 0.5s/measurements.csv
外服0.5s,外服,实测,128,2.133333,14.933200,C:\Users\金阳\Documents\我的POPO\eggy_0.5s_0.6s.zip -> 0.5s/measurements.csv
外服0.5s,外服,实测,129,2.150000,14.933200,C:\Users\金阳\Documents\我的POPO\eggy_0.5s_0.6s.zip -> 0.5s/measurements.csv
外服0.5s,外服,实测,130,2.166667,15.337200,C:\Users\金阳\Documents\我的POPO\eggy_0.5s_0.6s.zip -> 0.5s/measurements.csv
外服0.5s,外服,实测,131,2.183333,15.337200,C:\Users\金阳\Documents\我的POPO\eggy_0.5s_0.6s.zip -> 0.5s/measurements.csv
外服0.5s,外服,实测,132,2.200000,15.735200,C:\Users\金阳\Documents\我的POPO\eggy_0.5s_0.6s.zip -> 0.5s/measurements.csv
外服0.5s,外服,实测,133,2.216667,15.735200,C:\Users\金阳\Documents\我的POPO\eggy_0.5s_0.6s.zip -> 0.5s/measurements.csv
外服0.5s,外服,实测,134,2.233333,16.097200,C:\Users\金阳\Documents\我的POPO\eggy_0.5s_0.6s.zip -> 0.5s/measurements.csv
外服0.5s,外服,实测,135,2.250000,16.097200,C:\Users\金阳\Documents\我的POPO\eggy_0.5s_0.6s.zip -> 0.5s/measurements.csv
外服0.5s,外服,实测,136,2.266667,16.453200,C:\Users\金阳\Documents\我的POPO\eggy_0.5s_0.6s.zip -> 0.5s/measurements.csv
外服0.5s,外服,实测,137,2.283333,16.453200,C:\Users\金阳\Documents\我的POPO\eggy_0.5s_0.6s.zip -> 0.5s/measurements.csv
外服0.5s,外服,实测,138,2.300000,16.805200,C:\Users\金阳\Documents\我的POPO\eggy_0.5s_0.6s.zip -> 0.5s/measurements.csv
外服0.5s,外服,实测,139,2.316667,16.805200,C:\Users\金阳\Documents\我的POPO\eggy_0.5s_0.6s.zip -> 0.5s/measurements.csv
外服0.5s,外服,实测,140,2.333333,17.153200,C:\Users\金阳\Documents\我的POPO\eggy_0.5s_0.6s.zip -> 0.5s/measurements.csv
外服0.5s,外服,实测,141,2.350000,17.153200,C:\Users\金阳\Documents\我的POPO\eggy_0.5s_0.6s.zip -> 0.5s/measurements.csv
外服0.5s,外服,实测,142,2.366667,17.497200,C:\Users\金阳\Documents\我的POPO\eggy_0.5s_0.6s.zip -> 0.5s/measurements.csv
外服0.5s,外服,实测,143,2.383333,17.497200,C:\Users\金阳\Documents\我的POPO\eggy_0.5s_0.6s.zip -> 0.5s/measurements.csv
外服0.5s,外服,实测,144,2.400000,17.835200,C:\Users\金阳\Documents\我的POPO\eggy_0.5s_0.6s.zip -> 0.5s/measurements.csv
外服0.5s,外服,实测,145,2.416667,17.835200,C:\Users\金阳\Documents\我的POPO\eggy_0.5s_0.6s.zip -> 0.5s/measurements.csv
外服0.5s,外服,实测,146,2.433333,18.170200,C:\Users\金阳\Documents\我的POPO\eggy_0.5s_0.6s.zip -> 0.5s/measurements.csv
外服0.5s,外服,实测,147,2.450000,18.170200,C:\Users\金阳\Documents\我的POPO\eggy_0.5s_0.6s.zip -> 0.5s/measurements.csv
外服0.5s,外服,实测,148,2.466667,18.500200,C:\Users\金阳\Documents\我的POPO\eggy_0.5s_0.6s.zip -> 0.5s/measurements.csv
外服0.5s,外服,实测,149,2.483333,18.500200,C:\Users\金阳\Documents\我的POPO\eggy_0.5s_0.6s.zip -> 0.5s/measurements.csv
外服0.5s,外服,实测,150,2.500000,18.825200,C:\Users\金阳\Documents\我的POPO\eggy_0.5s_0.6s.zip -> 0.5s/measurements.csv
外服0.5s,外服,实测,151,2.516667,18.825200,C:\Users\金阳\Documents\我的POPO\eggy_0.5s_0.6s.zip -> 0.5s/measurements.csv
外服0.5s,外服,实测,152,2.533333,19.147200,C:\Users\金阳\Documents\我的POPO\eggy_0.5s_0.6s.zip -> 0.5s/measurements.csv
外服0.5s,外服,实测,153,2.550000,19.147200,C:\Users\金阳\Documents\我的POPO\eggy_0.5s_0.6s.zip -> 0.5s/measurements.csv
外服0.5s,外服,实测,154,2.566667,19.463200,C:\Users\金阳\Documents\我的POPO\eggy_0.5s_0.6s.zip -> 0.5s/measurements.csv
外服0.5s,外服,实测,155,2.583333,19.463200,C:\Users\金阳\Documents\我的POPO\eggy_0.5s_0.6s.zip -> 0.5s/measurements.csv
外服0.5s,外服,实测,156,2.600000,19.775200,C:\Users\金阳\Documents\我的POPO\eggy_0.5s_0.6s.zip -> 0.5s/measurements.csv
外服0.5s,外服,实测,157,2.616667,19.775200,C:\Users\金阳\Documents\我的POPO\eggy_0.5s_0.6s.zip -> 0.5s/measurements.csv
外服0.5s,外服,实测,158,2.633333,20.083200,C:\Users\金阳\Documents\我的POPO\eggy_0.5s_0.6s.zip -> 0.5s/measurements.csv
外服0.5s,外服,实测,159,2.650000,20.083200,C:\Users\金阳\Documents\我的POPO\eggy_0.5s_0.6s.zip -> 0.5s/measurements.csv
外服0.5s,外服,实测,160,2.666667,20.387200,C:\Users\金阳\Documents\我的POPO\eggy_0.5s_0.6s.zip -> 0.5s/measurements.csv
外服0.5s,外服,实测,161,2.683333,20.387200,C:\Users\金阳\Documents\我的POPO\eggy_0.5s_0.6s.zip -> 0.5s/measurements.csv
外服0.5s,外服,实测,162,2.700000,20.645200,C:\Users\金阳\Documents\我的POPO\eggy_0.5s_0.6s.zip -> 0.5s/measurements.csv
外服0.5s,外服,实测,163,2.716667,20.645200,C:\Users\金阳\Documents\我的POPO\eggy_0.5s_0.6s.zip -> 0.5s/measurements.csv
外服0.5s,外服,实测,164,2.733333,20.860200,C:\Users\金阳\Documents\我的POPO\eggy_0.5s_0.6s.zip -> 0.5s/measurements.csv
外服0.5s,外服,实测,165,2.750000,20.860200,C:\Users\金阳\Documents\我的POPO\eggy_0.5s_0.6s.zip -> 0.5s/measurements.csv
外服0.5s,外服,实测,166,2.766667,21.030200,C:\Users\金阳\Documents\我的POPO\eggy_0.5s_0.6s.zip -> 0.5s/measurements.csv
外服0.5s,外服,实测,167,2.783333,21.030200,C:\Users\金阳\Documents\我的POPO\eggy_0.5s_0.6s.zip -> 0.5s/measurements.csv
外服0.5s,外服,实测,168,2.800000,21.155200,C:\Users\金阳\Documents\我的POPO\eggy_0.5s_0.6s.zip -> 0.5s/measurements.csv
外服0.5s,外服,实测,169,2.816667,21.155200,C:\Users\金阳\Documents\我的POPO\eggy_0.5s_0.6s.zip -> 0.5s/measurements.csv
外服0.5s,外服,实测,170,2.833333,21.237200,C:\Users\金阳\Documents\我的POPO\eggy_0.5s_0.6s.zip -> 0.5s/measurements.csv
外服0.5s,外服,实测,171,2.850000,21.237200,C:\Users\金阳\Documents\我的POPO\eggy_0.5s_0.6s.zip -> 0.5s/measurements.csv
外服0.5s,外服,实测,172,2.866667,21.373200,C:\Users\金阳\Documents\我的POPO\eggy_0.5s_0.6s.zip -> 0.5s/measurements.csv
外服0.5s,外服,实测,173,2.883333,21.373200,C:\Users\金阳\Documents\我的POPO\eggy_0.5s_0.6s.zip -> 0.5s/measurements.csv
外服0.5s,外服,实测,174,2.900000,21.507200,C:\Users\金阳\Documents\我的POPO\eggy_0.5s_0.6s.zip -> 0.5s/measurements.csv
外服0.5s,外服,实测,175,2.916667,21.507200,C:\Users\金阳\Documents\我的POPO\eggy_0.5s_0.6s.zip -> 0.5s/measurements.csv
外服0.5s,外服,实测,176,2.933333,21.673200,C:\Users\金阳\Documents\我的POPO\eggy_0.5s_0.6s.zip -> 0.5s/measurements.csv
外服0.5s,外服,实测,177,2.950000,21.673200,C:\Users\金阳\Documents\我的POPO\eggy_0.5s_0.6s.zip -> 0.5s/measurements.csv
外服0.5s,外服,实测,178,2.966667,21.873200,C:\Users\金阳\Documents\我的POPO\eggy_0.5s_0.6s.zip -> 0.5s/measurements.csv
外服0.5s,外服,实测,179,2.983333,21.873200,C:\Users\金阳\Documents\我的POPO\eggy_0.5s_0.6s.zip -> 0.5s/measurements.csv
外服0.5s,外服,实测,180,3.000000,22.087200,C:\Users\金阳\Documents\我的POPO\eggy_0.5s_0.6s.zip -> 0.5s/measurements.csv
外服0.5s,外服,实测,181,3.016667,22.087200,C:\Users\金阳\Documents\我的POPO\eggy_0.5s_0.6s.zip -> 0.5s/measurements.csv
外服0.5s,外服,实测,182,3.033333,22.313200,C:\Users\金阳\Documents\我的POPO\eggy_0.5s_0.6s.zip -> 0.5s/measurements.csv
外服0.5s,外服,实测,183,3.050000,22.313200,C:\Users\金阳\Documents\我的POPO\eggy_0.5s_0.6s.zip -> 0.5s/measurements.csv
外服0.5s,外服,实测,184,3.066667,22.553200,C:\Users\金阳\Documents\我的POPO\eggy_0.5s_0.6s.zip -> 0.5s/measurements.csv
外服0.5s,外服,实测,185,3.083333,22.553200,C:\Users\金阳\Documents\我的POPO\eggy_0.5s_0.6s.zip -> 0.5s/measurements.csv
外服0.5s,外服,实测,186,3.100000,22.807200,C:\Users\金阳\Documents\我的POPO\eggy_0.5s_0.6s.zip -> 0.5s/measurements.csv
外服0.5s,外服,实测,187,3.116667,22.807200,C:\Users\金阳\Documents\我的POPO\eggy_0.5s_0.6s.zip -> 0.5s/measurements.csv
外服0.5s,外服,实测,188,3.133333,23.073200,C:\Users\金阳\Documents\我的POPO\eggy_0.5s_0.6s.zip -> 0.5s/measurements.csv
外服0.5s,外服,实测,189,3.150000,23.073200,C:\Users\金阳\Documents\我的POPO\eggy_0.5s_0.6s.zip -> 0.5s/measurements.csv
外服0.5s,外服,实测,190,3.166667,23.340200,C:\Users\金阳\Documents\我的POPO\eggy_0.5s_0.6s.zip -> 0.5s/measurements.csv
外服0.5s,外服,实测,191,3.183333,23.340200,C:\Users\金阳\Documents\我的POPO\eggy_0.5s_0.6s.zip -> 0.5s/measurements.csv
外服0.5s,外服,实测,192,3.200000,23.607200,C:\Users\金阳\Documents\我的POPO\eggy_0.5s_0.6s.zip -> 0.5s/measurements.csv
外服0.5s,外服,实测,193,3.216667,23.607200,C:\Users\金阳\Documents\我的POPO\eggy_0.5s_0.6s.zip -> 0.5s/measurements.csv
外服0.5s,外服,实测,194,3.233333,23.873200,C:\Users\金阳\Documents\我的POPO\eggy_0.5s_0.6s.zip -> 0.5s/measurements.csv
外服0.5s,外服,实测,195,3.250000,23.873200,C:\Users\金阳\Documents\我的POPO\eggy_0.5s_0.6s.zip -> 0.5s/measurements.csv
外服0.5s,外服,实测,196,3.266667,24.140200,C:\Users\金阳\Documents\我的POPO\eggy_0.5s_0.6s.zip -> 0.5s/measurements.csv
外服0.5s,外服,实测,197,3.283333,24.140200,C:\Users\金阳\Documents\我的POPO\eggy_0.5s_0.6s.zip -> 0.5s/measurements.csv
外服0.5s,外服,实测,198,3.300000,24.407200,C:\Users\金阳\Documents\我的POPO\eggy_0.5s_0.6s.zip -> 0.5s/measurements.csv
外服0.5s,外服,实测,199,3.316667,24.407200,C:\Users\金阳\Documents\我的POPO\eggy_0.5s_0.6s.zip -> 0.5s/measurements.csv
外服0.5s,外服,实测,200,3.333333,24.673200,C:\Users\金阳\Documents\我的POPO\eggy_0.5s_0.6s.zip -> 0.5s/measurements.csv
外服0.5s,外服,实测,201,3.350000,24.673200,C:\Users\金阳\Documents\我的POPO\eggy_0.5s_0.6s.zip -> 0.5s/measurements.csv
外服0.5s,外服,实测,202,3.366667,24.940200,C:\Users\金阳\Documents\我的POPO\eggy_0.5s_0.6s.zip -> 0.5s/measurements.csv
外服0.5s,外服,实测,203,3.383333,24.940200,C:\Users\金阳\Documents\我的POPO\eggy_0.5s_0.6s.zip -> 0.5s/measurements.csv
外服0.5s,外服,实测,204,3.400000,25.207200,C:\Users\金阳\Documents\我的POPO\eggy_0.5s_0.6s.zip -> 0.5s/measurements.csv
外服0.5s,外服,实测,205,3.416667,25.207200,C:\Users\金阳\Documents\我的POPO\eggy_0.5s_0.6s.zip -> 0.5s/measurements.csv
外服0.5s,外服,实测,206,3.433333,25.473200,C:\Users\金阳\Documents\我的POPO\eggy_0.5s_0.6s.zip -> 0.5s/measurements.csv
外服0.5s,外服,实测,207,3.450000,25.473200,C:\Users\金阳\Documents\我的POPO\eggy_0.5s_0.6s.zip -> 0.5s/measurements.csv
外服0.5s,外服,实测,208,3.466667,25.740200,C:\Users\金阳\Documents\我的POPO\eggy_0.5s_0.6s.zip -> 0.5s/measurements.csv
外服0.5s,外服,实测,209,3.483333,25.740200,C:\Users\金阳\Documents\我的POPO\eggy_0.5s_0.6s.zip -> 0.5s/measurements.csv
外服0.5s,外服,实测,210,3.500000,26.007200,C:\Users\金阳\Documents\我的POPO\eggy_0.5s_0.6s.zip -> 0.5s/measurements.csv
外服0.5s,外服,实测,211,3.516667,26.007200,C:\Users\金阳\Documents\我的POPO\eggy_0.5s_0.6s.zip -> 0.5s/measurements.csv
外服0.5s,外服,实测,212,3.533333,26.273200,C:\Users\金阳\Documents\我的POPO\eggy_0.5s_0.6s.zip -> 0.5s/measurements.csv
外服0.5s,外服,实测,213,3.550000,26.273200,C:\Users\金阳\Documents\我的POPO\eggy_0.5s_0.6s.zip -> 0.5s/measurements.csv
外服0.5s,外服,实测,214,3.566667,26.540200,C:\Users\金阳\Documents\我的POPO\eggy_0.5s_0.6s.zip -> 0.5s/measurements.csv
外服0.5s,外服,实测,215,3.583333,26.540200,C:\Users\金阳\Documents\我的POPO\eggy_0.5s_0.6s.zip -> 0.5s/measurements.csv
外服0.5s,外服,实测,216,3.600000,26.807200,C:\Users\金阳\Documents\我的POPO\eggy_0.5s_0.6s.zip -> 0.5s/measurements.csv
外服0.5s,外服,实测,217,3.616667,26.807200,C:\Users\金阳\Documents\我的POPO\eggy_0.5s_0.6s.zip -> 0.5s/measurements.csv
外服0.5s,外服,实测,218,3.633333,27.298300,C:\Users\金阳\Documents\我的POPO\eggy_0.5s_0.6s.zip -> 0.5s/measurements.csv
外服0.5s,外服,实测,219,3.650000,27.298300,C:\Users\金阳\Documents\我的POPO\eggy_0.5s_0.6s.zip -> 0.5s/measurements.csv
外服0.5s,外服,实测,220,3.666667,27.780200,C:\Users\金阳\Documents\我的POPO\eggy_0.5s_0.6s.zip -> 0.5s/measurements.csv
外服0.5s,外服,实测,221,3.683333,27.780200,C:\Users\金阳\Documents\我的POPO\eggy_0.5s_0.6s.zip -> 0.5s/measurements.csv
外服0.5s,外服,实测,222,3.700000,28.253200,C:\Users\金阳\Documents\我的POPO\eggy_0.5s_0.6s.zip -> 0.5s/measurements.csv
外服0.5s,外服,实测,223,3.716667,28.253200,C:\Users\金阳\Documents\我的POPO\eggy_0.5s_0.6s.zip -> 0.5s/measurements.csv
外服0.5s,外服,实测,224,3.733333,28.718300,C:\Users\金阳\Documents\我的POPO\eggy_0.5s_0.6s.zip -> 0.5s/measurements.csv
外服0.5s,外服,实测,225,3.750000,28.718300,C:\Users\金阳\Documents\我的POPO\eggy_0.5s_0.6s.zip -> 0.5s/measurements.csv
外服0.5s,外服,实测,226,3.766667,29.177200,C:\Users\金阳\Documents\我的POPO\eggy_0.5s_0.6s.zip -> 0.5s/measurements.csv
外服0.5s,外服,实测,227,3.783333,29.177200,C:\Users\金阳\Documents\我的POPO\eggy_0.5s_0.6s.zip -> 0.5s/measurements.csv
外服0.5s,外服,实测,228,3.800000,29.630200,C:\Users\金阳\Documents\我的POPO\eggy_0.5s_0.6s.zip -> 0.5s/measurements.csv
外服0.5s,外服,实测,229,3.816667,29.630200,C:\Users\金阳\Documents\我的POPO\eggy_0.5s_0.6s.zip -> 0.5s/measurements.csv
外服0.5s,外服,实测,230,3.833333,30.078300,C:\Users\金阳\Documents\我的POPO\eggy_0.5s_0.6s.zip -> 0.5s/measurements.csv
外服0.5s,外服,实测,231,3.850000,30.078300,C:\Users\金阳\Documents\我的POPO\eggy_0.5s_0.6s.zip -> 0.5s/measurements.csv
外服0.5s,外服,实测,232,3.866667,30.520200,C:\Users\金阳\Documents\我的POPO\eggy_0.5s_0.6s.zip -> 0.5s/measurements.csv
外服0.5s,外服,实测,233,3.883333,30.520200,C:\Users\金阳\Documents\我的POPO\eggy_0.5s_0.6s.zip -> 0.5s/measurements.csv
外服0.5s,外服,实测,234,3.900000,32.229200,C:\Users\金阳\Documents\我的POPO\eggy_0.5s_0.6s.zip -> 0.5s/measurements.csv
外服0.5s,外服,实测,235,3.916667,32.229200,C:\Users\金阳\Documents\我的POPO\eggy_0.5s_0.6s.zip -> 0.5s/measurements.csv
外服0.5s,外服,实测,236,3.933333,32.510200,C:\Users\金阳\Documents\我的POPO\eggy_0.5s_0.6s.zip -> 0.5s/measurements.csv
外服0.5s,外服,实测,237,3.950000,32.510200,C:\Users\金阳\Documents\我的POPO\eggy_0.5s_0.6s.zip -> 0.5s/measurements.csv
外服0.5s,外服,实测,238,3.966667,32.939200,C:\Users\金阳\Documents\我的POPO\eggy_0.5s_0.6s.zip -> 0.5s/measurements.csv
外服0.5s,外服,实测,239,3.983333,32.939200,C:\Users\金阳\Documents\我的POPO\eggy_0.5s_0.6s.zip -> 0.5s/measurements.csv
外服0.5s,外服,实测,240,4.000000,33.349200,C:\Users\金阳\Documents\我的POPO\eggy_0.5s_0.6s.zip -> 0.5s/measurements.csv
外服0.5s,外服,实测,241,4.016667,33.349200,C:\Users\金阳\Documents\我的POPO\eggy_0.5s_0.6s.zip -> 0.5s/measurements.csv
外服0.5s,外服,实测,242,4.033333,33.669200,C:\Users\金阳\Documents\我的POPO\eggy_0.5s_0.6s.zip -> 0.5s/measurements.csv
外服0.5s,外服,实测,243,4.050000,33.669200,C:\Users\金阳\Documents\我的POPO\eggy_0.5s_0.6s.zip -> 0.5s/measurements.csv
外服0.5s,外服,实测,244,4.066667,33.895200,C:\Users\金阳\Documents\我的POPO\eggy_0.5s_0.6s.zip -> 0.5s/measurements.csv
外服0.5s,外服,实测,245,4.083333,33.895200,C:\Users\金阳\Documents\我的POPO\eggy_0.5s_0.6s.zip -> 0.5s/measurements.csv
外服0.5s,外服,实测,246,4.100000,34.045200,C:\Users\金阳\Documents\我的POPO\eggy_0.5s_0.6s.zip -> 0.5s/measurements.csv
外服0.5s,外服,实测,247,4.116667,34.045200,C:\Users\金阳\Documents\我的POPO\eggy_0.5s_0.6s.zip -> 0.5s/measurements.csv
外服0.5s,外服,实测,248,4.133333,34.141200,C:\Users\金阳\Documents\我的POPO\eggy_0.5s_0.6s.zip -> 0.5s/measurements.csv
外服0.5s,外服,实测,249,4.150000,34.141200,C:\Users\金阳\Documents\我的POPO\eggy_0.5s_0.6s.zip -> 0.5s/measurements.csv
外服0.5s,外服,实测,250,4.166667,34.241200,C:\Users\金阳\Documents\我的POPO\eggy_0.5s_0.6s.zip -> 0.5s/measurements.csv
外服0.5s,外服,实测,251,4.183333,34.241200,C:\Users\金阳\Documents\我的POPO\eggy_0.5s_0.6s.zip -> 0.5s/measurements.csv
外服0.5s,外服,实测,252,4.200000,34.363200,C:\Users\金阳\Documents\我的POPO\eggy_0.5s_0.6s.zip -> 0.5s/measurements.csv
外服0.5s,外服,实测,253,4.216667,34.363200,C:\Users\金阳\Documents\我的POPO\eggy_0.5s_0.6s.zip -> 0.5s/measurements.csv
外服0.5s,外服,实测,254,4.233333,34.498200,C:\Users\金阳\Documents\我的POPO\eggy_0.5s_0.6s.zip -> 0.5s/measurements.csv
外服0.5s,外服,实测,255,4.250000,34.498200,C:\Users\金阳\Documents\我的POPO\eggy_0.5s_0.6s.zip -> 0.5s/measurements.csv
外服0.5s,外服,实测,256,4.266667,34.654200,C:\Users\金阳\Documents\我的POPO\eggy_0.5s_0.6s.zip -> 0.5s/measurements.csv
外服0.5s,外服,实测,257,4.283333,34.654200,C:\Users\金阳\Documents\我的POPO\eggy_0.5s_0.6s.zip -> 0.5s/measurements.csv
外服0.5s,外服,实测,258,4.300000,34.836200,C:\Users\金阳\Documents\我的POPO\eggy_0.5s_0.6s.zip -> 0.5s/measurements.csv
外服0.5s,外服,实测,259,4.316667,34.836200,C:\Users\金阳\Documents\我的POPO\eggy_0.5s_0.6s.zip -> 0.5s/measurements.csv
外服0.5s,外服,实测,260,4.333333,35.039200,C:\Users\金阳\Documents\我的POPO\eggy_0.5s_0.6s.zip -> 0.5s/measurements.csv
外服0.5s,外服,实测,261,4.350000,35.039200,C:\Users\金阳\Documents\我的POPO\eggy_0.5s_0.6s.zip -> 0.5s/measurements.csv
外服0.5s,外服,实测,262,4.366667,35.259200,C:\Users\金阳\Documents\我的POPO\eggy_0.5s_0.6s.zip -> 0.5s/measurements.csv
外服0.5s,外服,实测,263,4.383333,35.259200,C:\Users\金阳\Documents\我的POPO\eggy_0.5s_0.6s.zip -> 0.5s/measurements.csv
外服0.5s,外服,实测,264,4.400000,35.539200,C:\Users\金阳\Documents\我的POPO\eggy_0.5s_0.6s.zip -> 0.5s/measurements.csv
外服0.5s,外服,实测,265,4.416667,35.539200,C:\Users\金阳\Documents\我的POPO\eggy_0.5s_0.6s.zip -> 0.5s/measurements.csv
外服0.5s,外服,实测,266,4.433333,35.987200,C:\Users\金阳\Documents\我的POPO\eggy_0.5s_0.6s.zip -> 0.5s/measurements.csv
外服0.5s,外服,实测,267,4.450000,35.987200,C:\Users\金阳\Documents\我的POPO\eggy_0.5s_0.6s.zip -> 0.5s/measurements.csv
外服0.5s,外服,实测,268,4.466667,36.430200,C:\Users\金阳\Documents\我的POPO\eggy_0.5s_0.6s.zip -> 0.5s/measurements.csv
外服0.5s,外服,实测,269,4.483333,36.430200,C:\Users\金阳\Documents\我的POPO\eggy_0.5s_0.6s.zip -> 0.5s/measurements.csv
外服0.5s,外服,实测,270,4.500000,36.869200,C:\Users\金阳\Documents\我的POPO\eggy_0.5s_0.6s.zip -> 0.5s/measurements.csv
外服0.5s,外服,实测,271,4.516667,36.869200,C:\Users\金阳\Documents\我的POPO\eggy_0.5s_0.6s.zip -> 0.5s/measurements.csv
外服0.5s,外服,实测,272,4.533333,37.303200,C:\Users\金阳\Documents\我的POPO\eggy_0.5s_0.6s.zip -> 0.5s/measurements.csv
外服0.5s,外服,实测,273,4.550000,37.303200,C:\Users\金阳\Documents\我的POPO\eggy_0.5s_0.6s.zip -> 0.5s/measurements.csv
外服0.5s,外服,实测,274,4.566667,37.733200,C:\Users\金阳\Documents\我的POPO\eggy_0.5s_0.6s.zip -> 0.5s/measurements.csv
外服0.5s,外服,实测,275,4.583333,37.733200,C:\Users\金阳\Documents\我的POPO\eggy_0.5s_0.6s.zip -> 0.5s/measurements.csv
外服0.5s,外服,实测,276,4.600000,38.159200,C:\Users\金阳\Documents\我的POPO\eggy_0.5s_0.6s.zip -> 0.5s/measurements.csv
外服0.5s,外服,实测,277,4.616667,38.159200,C:\Users\金阳\Documents\我的POPO\eggy_0.5s_0.6s.zip -> 0.5s/measurements.csv
外服0.5s,外服,实测,278,4.633333,38.580200,C:\Users\金阳\Documents\我的POPO\eggy_0.5s_0.6s.zip -> 0.5s/measurements.csv
外服0.5s,外服,实测,279,4.650000,38.580200,C:\Users\金阳\Documents\我的POPO\eggy_0.5s_0.6s.zip -> 0.5s/measurements.csv
外服0.5s,外服,实测,280,4.666667,38.997200,C:\Users\金阳\Documents\我的POPO\eggy_0.5s_0.6s.zip -> 0.5s/measurements.csv
外服0.5s,外服,实测,281,4.683333,38.997200,C:\Users\金阳\Documents\我的POPO\eggy_0.5s_0.6s.zip -> 0.5s/measurements.csv
外服0.5s,外服,实测,282,4.700000,39.409200,C:\Users\金阳\Documents\我的POPO\eggy_0.5s_0.6s.zip -> 0.5s/measurements.csv
外服0.5s,外服,实测,283,4.716667,39.409200,C:\Users\金阳\Documents\我的POPO\eggy_0.5s_0.6s.zip -> 0.5s/measurements.csv
外服0.5s,外服,实测,284,4.733333,39.817200,C:\Users\金阳\Documents\我的POPO\eggy_0.5s_0.6s.zip -> 0.5s/measurements.csv
外服0.5s,外服,实测,285,4.750000,39.817200,C:\Users\金阳\Documents\我的POPO\eggy_0.5s_0.6s.zip -> 0.5s/measurements.csv
外服0.5s,外服,实测,286,4.766667,40.220200,C:\Users\金阳\Documents\我的POPO\eggy_0.5s_0.6s.zip -> 0.5s/measurements.csv
外服0.5s,外服,实测,287,4.783333,40.220200,C:\Users\金阳\Documents\我的POPO\eggy_0.5s_0.6s.zip -> 0.5s/measurements.csv
外服0.5s,外服,实测,288,4.800000,40.619200,C:\Users\金阳\Documents\我的POPO\eggy_0.5s_0.6s.zip -> 0.5s/measurements.csv
外服0.5s,外服,实测,289,4.816667,40.619200,C:\Users\金阳\Documents\我的POPO\eggy_0.5s_0.6s.zip -> 0.5s/measurements.csv
外服0.5s,外服,实测,290,4.833333,40.980200,C:\Users\金阳\Documents\我的POPO\eggy_0.5s_0.6s.zip -> 0.5s/measurements.csv
外服0.5s,外服,实测,291,4.850000,40.980200,C:\Users\金阳\Documents\我的POPO\eggy_0.5s_0.6s.zip -> 0.5s/measurements.csv
外服0.5s,外服,实测,292,4.866667,41.337200,C:\Users\金阳\Documents\我的POPO\eggy_0.5s_0.6s.zip -> 0.5s/measurements.csv
外服0.5s,外服,实测,293,4.883333,41.337200,C:\Users\金阳\Documents\我的POPO\eggy_0.5s_0.6s.zip -> 0.5s/measurements.csv
外服0.5s,外服,实测,294,4.900000,41.689200,C:\Users\金阳\Documents\我的POPO\eggy_0.5s_0.6s.zip -> 0.5s/measurements.csv
外服0.5s,外服,实测,295,4.916667,41.689200,C:\Users\金阳\Documents\我的POPO\eggy_0.5s_0.6s.zip -> 0.5s/measurements.csv
外服0.5s,外服,实测,296,4.933333,42.037200,C:\Users\金阳\Documents\我的POPO\eggy_0.5s_0.6s.zip -> 0.5s/measurements.csv
外服0.5s,外服,实测,297,4.950000,42.037200,C:\Users\金阳\Documents\我的POPO\eggy_0.5s_0.6s.zip -> 0.5s/measurements.csv
外服0.5s,外服,实测,298,4.966667,42.380200,C:\Users\金阳\Documents\我的POPO\eggy_0.5s_0.6s.zip -> 0.5s/measurements.csv
外服0.5s,外服,实测,299,4.983333,42.380200,C:\Users\金阳\Documents\我的POPO\eggy_0.5s_0.6s.zip -> 0.5s/measurements.csv
外服0.5s,外服,实测,300,5.000000,42.719200,C:\Users\金阳\Documents\我的POPO\eggy_0.5s_0.6s.zip -> 0.5s/measurements.csv
外服0.5s,外服,实测,301,5.016667,42.719200,C:\Users\金阳\Documents\我的POPO\eggy_0.5s_0.6s.zip -> 0.5s/measurements.csv
外服0.5s,外服,实测,302,5.033333,43.053200,C:\Users\金阳\Documents\我的POPO\eggy_0.5s_0.6s.zip -> 0.5s/measurements.csv
外服0.5s,外服,实测,303,5.050000,43.053200,C:\Users\金阳\Documents\我的POPO\eggy_0.5s_0.6s.zip -> 0.5s/measurements.csv
外服0.5s,外服,实测,304,5.066667,43.383200,C:\Users\金阳\Documents\我的POPO\eggy_0.5s_0.6s.zip -> 0.5s/measurements.csv
外服0.5s,外服,实测,305,5.083333,43.383200,C:\Users\金阳\Documents\我的POPO\eggy_0.5s_0.6s.zip -> 0.5s/measurements.csv
外服0.5s,外服,实测,306,5.100000,43.709200,C:\Users\金阳\Documents\我的POPO\eggy_0.5s_0.6s.zip -> 0.5s/measurements.csv
外服0.5s,外服,实测,307,5.116667,43.709200,C:\Users\金阳\Documents\我的POPO\eggy_0.5s_0.6s.zip -> 0.5s/measurements.csv
外服0.5s,外服,实测,308,5.133333,44.030200,C:\Users\金阳\Documents\我的POPO\eggy_0.5s_0.6s.zip -> 0.5s/measurements.csv
外服0.5s,外服,实测,309,5.150000,44.030200,C:\Users\金阳\Documents\我的POPO\eggy_0.5s_0.6s.zip -> 0.5s/measurements.csv
外服0.5s,外服,实测,310,5.166667,44.347200,C:\Users\金阳\Documents\我的POPO\eggy_0.5s_0.6s.zip -> 0.5s/measurements.csv
外服0.5s,外服,实测,311,5.183333,44.347200,C:\Users\金阳\Documents\我的POPO\eggy_0.5s_0.6s.zip -> 0.5s/measurements.csv
外服0.5s,外服,实测,312,5.200000,44.659200,C:\Users\金阳\Documents\我的POPO\eggy_0.5s_0.6s.zip -> 0.5s/measurements.csv
外服0.5s,外服,实测,313,5.216667,44.659200,C:\Users\金阳\Documents\我的POPO\eggy_0.5s_0.6s.zip -> 0.5s/measurements.csv
外服0.5s,外服,实测,314,5.233333,44.967200,C:\Users\金阳\Documents\我的POPO\eggy_0.5s_0.6s.zip -> 0.5s/measurements.csv
外服0.5s,外服,实测,315,5.250000,44.967200,C:\Users\金阳\Documents\我的POPO\eggy_0.5s_0.6s.zip -> 0.5s/measurements.csv
外服0.5s,外服,实测,316,5.266667,45.270200,C:\Users\金阳\Documents\我的POPO\eggy_0.5s_0.6s.zip -> 0.5s/measurements.csv
外服0.5s,外服,实测,317,5.283333,45.270200,C:\Users\金阳\Documents\我的POPO\eggy_0.5s_0.6s.zip -> 0.5s/measurements.csv
外服0.5s,外服,实测,318,5.300000,45.529200,C:\Users\金阳\Documents\我的POPO\eggy_0.5s_0.6s.zip -> 0.5s/measurements.csv
外服0.5s,外服,实测,319,5.316667,45.529200,C:\Users\金阳\Documents\我的POPO\eggy_0.5s_0.6s.zip -> 0.5s/measurements.csv
外服0.5s,外服,实测,320,5.333333,45.743200,C:\Users\金阳\Documents\我的POPO\eggy_0.5s_0.6s.zip -> 0.5s/measurements.csv
外服0.5s,外服,实测,321,5.350000,45.743200,C:\Users\金阳\Documents\我的POPO\eggy_0.5s_0.6s.zip -> 0.5s/measurements.csv
外服0.5s,外服,实测,322,5.366667,45.913200,C:\Users\金阳\Documents\我的POPO\eggy_0.5s_0.6s.zip -> 0.5s/measurements.csv
外服0.5s,外服,实测,323,5.383333,45.913200,C:\Users\金阳\Documents\我的POPO\eggy_0.5s_0.6s.zip -> 0.5s/measurements.csv
外服0.5s,外服,实测,324,5.400000,46.039200,C:\Users\金阳\Documents\我的POPO\eggy_0.5s_0.6s.zip -> 0.5s/measurements.csv
外服0.5s,外服,实测,325,5.416667,46.039200,C:\Users\金阳\Documents\我的POPO\eggy_0.5s_0.6s.zip -> 0.5s/measurements.csv
外服0.5s,外服,实测,326,5.433333,46.120200,C:\Users\金阳\Documents\我的POPO\eggy_0.5s_0.6s.zip -> 0.5s/measurements.csv
外服0.5s,外服,实测,327,5.450000,46.120200,C:\Users\金阳\Documents\我的POPO\eggy_0.5s_0.6s.zip -> 0.5s/measurements.csv
外服0.5s,外服,实测,328,5.466667,46.257200,C:\Users\金阳\Documents\我的POPO\eggy_0.5s_0.6s.zip -> 0.5s/measurements.csv
外服0.5s,外服,实测,329,5.483333,46.257200,C:\Users\金阳\Documents\我的POPO\eggy_0.5s_0.6s.zip -> 0.5s/measurements.csv
外服0.5s,外服,实测,330,5.500000,46.390200,C:\Users\金阳\Documents\我的POPO\eggy_0.5s_0.6s.zip -> 0.5s/measurements.csv
外服0.5s,外服,实测,331,5.516667,46.390200,C:\Users\金阳\Documents\我的POPO\eggy_0.5s_0.6s.zip -> 0.5s/measurements.csv
外服0.5s,外服,实测,332,5.533333,46.557200,C:\Users\金阳\Documents\我的POPO\eggy_0.5s_0.6s.zip -> 0.5s/measurements.csv
外服0.5s,外服,实测,333,5.550000,46.557200,C:\Users\金阳\Documents\我的POPO\eggy_0.5s_0.6s.zip -> 0.5s/measurements.csv
外服0.5s,外服,实测,334,5.566667,46.757200,C:\Users\金阳\Documents\我的POPO\eggy_0.5s_0.6s.zip -> 0.5s/measurements.csv
外服0.5s,外服,实测,335,5.583333,46.757200,C:\Users\金阳\Documents\我的POPO\eggy_0.5s_0.6s.zip -> 0.5s/measurements.csv
外服0.5s,外服,实测,336,5.600000,46.970200,C:\Users\金阳\Documents\我的POPO\eggy_0.5s_0.6s.zip -> 0.5s/measurements.csv
外服0.5s,外服,实测,337,5.616667,46.970200,C:\Users\金阳\Documents\我的POPO\eggy_0.5s_0.6s.zip -> 0.5s/measurements.csv
外服0.5s,外服,实测,338,5.633333,47.197200,C:\Users\金阳\Documents\我的POPO\eggy_0.5s_0.6s.zip -> 0.5s/measurements.csv
外服0.5s,外服,实测,339,5.650000,47.197200,C:\Users\金阳\Documents\我的POPO\eggy_0.5s_0.6s.zip -> 0.5s/measurements.csv
外服0.5s,外服,实测,340,5.666667,47.437200,C:\Users\金阳\Documents\我的POPO\eggy_0.5s_0.6s.zip -> 0.5s/measurements.csv
外服0.5s,外服,实测,341,5.683333,47.437200,C:\Users\金阳\Documents\我的POPO\eggy_0.5s_0.6s.zip -> 0.5s/measurements.csv
外服0.5s,外服,实测,342,5.700000,47.690200,C:\Users\金阳\Documents\我的POPO\eggy_0.5s_0.6s.zip -> 0.5s/measurements.csv
外服0.5s,外服,实测,343,5.716667,47.690200,C:\Users\金阳\Documents\我的POPO\eggy_0.5s_0.6s.zip -> 0.5s/measurements.csv
外服0.5s,外服,实测,344,5.733333,47.957200,C:\Users\金阳\Documents\我的POPO\eggy_0.5s_0.6s.zip -> 0.5s/measurements.csv
外服0.5s,外服,实测,345,5.750000,47.957200,C:\Users\金阳\Documents\我的POPO\eggy_0.5s_0.6s.zip -> 0.5s/measurements.csv
外服0.5s,外服,实测,346,5.766667,48.223200,C:\Users\金阳\Documents\我的POPO\eggy_0.5s_0.6s.zip -> 0.5s/measurements.csv
外服0.5s,外服,实测,347,5.783333,48.223200,C:\Users\金阳\Documents\我的POPO\eggy_0.5s_0.6s.zip -> 0.5s/measurements.csv
外服0.5s,外服,实测,348,5.800000,48.490200,C:\Users\金阳\Documents\我的POPO\eggy_0.5s_0.6s.zip -> 0.5s/measurements.csv
外服0.5s,外服,实测,349,5.816667,48.490200,C:\Users\金阳\Documents\我的POPO\eggy_0.5s_0.6s.zip -> 0.5s/measurements.csv
外服0.5s,外服,实测,350,5.833333,48.757200,C:\Users\金阳\Documents\我的POPO\eggy_0.5s_0.6s.zip -> 0.5s/measurements.csv
外服0.5s,外服,实测,351,5.850000,48.757200,C:\Users\金阳\Documents\我的POPO\eggy_0.5s_0.6s.zip -> 0.5s/measurements.csv
外服0.5s,外服,实测,352,5.866667,49.023200,C:\Users\金阳\Documents\我的POPO\eggy_0.5s_0.6s.zip -> 0.5s/measurements.csv
外服0.5s,外服,实测,353,5.883333,49.023200,C:\Users\金阳\Documents\我的POPO\eggy_0.5s_0.6s.zip -> 0.5s/measurements.csv
外服0.5s,外服,实测,354,5.900000,49.290200,C:\Users\金阳\Documents\我的POPO\eggy_0.5s_0.6s.zip -> 0.5s/measurements.csv
外服0.5s,外服,实测,355,5.916667,49.290200,C:\Users\金阳\Documents\我的POPO\eggy_0.5s_0.6s.zip -> 0.5s/measurements.csv
外服0.5s,外服,实测,356,5.933333,49.557200,C:\Users\金阳\Documents\我的POPO\eggy_0.5s_0.6s.zip -> 0.5s/measurements.csv
外服0.5s,外服,实测,357,5.950000,49.557200,C:\Users\金阳\Documents\我的POPO\eggy_0.5s_0.6s.zip -> 0.5s/measurements.csv
外服0.5s,外服,实测,358,5.966667,49.823200,C:\Users\金阳\Documents\我的POPO\eggy_0.5s_0.6s.zip -> 0.5s/measurements.csv
外服0.5s,外服,实测,359,5.983333,49.823200,C:\Users\金阳\Documents\我的POPO\eggy_0.5s_0.6s.zip -> 0.5s/measurements.csv
外服0.5s,外服,实测,360,6.000000,50.090200,C:\Users\金阳\Documents\我的POPO\eggy_0.5s_0.6s.zip -> 0.5s/measurements.csv
外服0.5s,外服,实测,361,6.016667,50.090200,C:\Users\金阳\Documents\我的POPO\eggy_0.5s_0.6s.zip -> 0.5s/measurements.csv
外服0.5s,外服,实测,362,6.033333,50.357200,C:\Users\金阳\Documents\我的POPO\eggy_0.5s_0.6s.zip -> 0.5s/measurements.csv
外服0.5s,外服,实测,363,6.050000,50.357200,C:\Users\金阳\Documents\我的POPO\eggy_0.5s_0.6s.zip -> 0.5s/measurements.csv
外服0.5s,外服,实测,364,6.066667,50.623200,C:\Users\金阳\Documents\我的POPO\eggy_0.5s_0.6s.zip -> 0.5s/measurements.csv
外服0.5s,外服,实测,365,6.083333,50.623200,C:\Users\金阳\Documents\我的POPO\eggy_0.5s_0.6s.zip -> 0.5s/measurements.csv
外服0.5s,外服,实测,366,6.100000,50.890200,C:\Users\金阳\Documents\我的POPO\eggy_0.5s_0.6s.zip -> 0.5s/measurements.csv
外服0.5s,外服,实测,367,6.116667,50.890200,C:\Users\金阳\Documents\我的POPO\eggy_0.5s_0.6s.zip -> 0.5s/measurements.csv
外服0.5s,外服,实测,368,6.133333,51.157200,C:\Users\金阳\Documents\我的POPO\eggy_0.5s_0.6s.zip -> 0.5s/measurements.csv
外服0.5s,外服,实测,369,6.150000,51.157200,C:\Users\金阳\Documents\我的POPO\eggy_0.5s_0.6s.zip -> 0.5s/measurements.csv
外服0.5s,外服,实测,370,6.166667,51.423200,C:\Users\金阳\Documents\我的POPO\eggy_0.5s_0.6s.zip -> 0.5s/measurements.csv
外服0.5s,外服,实测,371,6.183333,51.423200,C:\Users\金阳\Documents\我的POPO\eggy_0.5s_0.6s.zip -> 0.5s/measurements.csv
外服0.5s,外服,实测,372,6.200000,51.690200,C:\Users\金阳\Documents\我的POPO\eggy_0.5s_0.6s.zip -> 0.5s/measurements.csv
外服0.5s,外服,实测,373,6.216667,51.690200,C:\Users\金阳\Documents\我的POPO\eggy_0.5s_0.6s.zip -> 0.5s/measurements.csv
外服0.5s,外服,实测,374,6.233333,52.181200,C:\Users\金阳\Documents\我的POPO\eggy_0.5s_0.6s.zip -> 0.5s/measurements.csv
外服0.5s,外服,实测,375,6.250000,52.181200,C:\Users\金阳\Documents\我的POPO\eggy_0.5s_0.6s.zip -> 0.5s/measurements.csv
外服0.5s,外服,实测,376,6.266667,52.663200,C:\Users\金阳\Documents\我的POPO\eggy_0.5s_0.6s.zip -> 0.5s/measurements.csv
外服0.5s,外服,实测,377,6.283333,52.663200,C:\Users\金阳\Documents\我的POPO\eggy_0.5s_0.6s.zip -> 0.5s/measurements.csv
外服0.5s,外服,实测,378,6.300000,53.137200,C:\Users\金阳\Documents\我的POPO\eggy_0.5s_0.6s.zip -> 0.5s/measurements.csv
外服0.5s,外服,实测,379,6.316667,53.137200,C:\Users\金阳\Documents\我的POPO\eggy_0.5s_0.6s.zip -> 0.5s/measurements.csv
外服0.5s,外服,实测,380,6.333333,53.601200,C:\Users\金阳\Documents\我的POPO\eggy_0.5s_0.6s.zip -> 0.5s/measurements.csv
外服0.5s,外服,实测,381,6.350000,53.601200,C:\Users\金阳\Documents\我的POPO\eggy_0.5s_0.6s.zip -> 0.5s/measurements.csv
外服0.5s,外服,实测,382,6.366667,54.060200,C:\Users\金阳\Documents\我的POPO\eggy_0.5s_0.6s.zip -> 0.5s/measurements.csv
外服0.5s,外服,实测,383,6.383333,54.060200,C:\Users\金阳\Documents\我的POPO\eggy_0.5s_0.6s.zip -> 0.5s/measurements.csv
外服0.5s,外服,实测,384,6.400000,54.513200,C:\Users\金阳\Documents\我的POPO\eggy_0.5s_0.6s.zip -> 0.5s/measurements.csv
外服0.5s,外服,实测,385,6.416667,54.513200,C:\Users\金阳\Documents\我的POPO\eggy_0.5s_0.6s.zip -> 0.5s/measurements.csv
外服0.5s,外服,实测,386,6.433333,54.961200,C:\Users\金阳\Documents\我的POPO\eggy_0.5s_0.6s.zip -> 0.5s/measurements.csv
外服0.5s,外服,实测,387,6.450000,54.961200,C:\Users\金阳\Documents\我的POPO\eggy_0.5s_0.6s.zip -> 0.5s/measurements.csv
外服0.5s,外服,实测,388,6.466667,56.775200,C:\Users\金阳\Documents\我的POPO\eggy_0.5s_0.6s.zip -> 0.5s/measurements.csv
外服0.5s,外服,实测,389,6.483333,56.775200,C:\Users\金阳\Documents\我的POPO\eggy_0.5s_0.6s.zip -> 0.5s/measurements.csv
外服0.5s,外服,实测,390,6.500000,57.060200,C:\Users\金阳\Documents\我的POPO\eggy_0.5s_0.6s.zip -> 0.5s/measurements.csv
外服0.5s,外服,实测,391,6.516667,57.060200,C:\Users\金阳\Documents\我的POPO\eggy_0.5s_0.6s.zip -> 0.5s/measurements.csv
外服0.5s,外服,实测,392,6.533333,57.439200,C:\Users\金阳\Documents\我的POPO\eggy_0.5s_0.6s.zip -> 0.5s/measurements.csv
外服0.5s,外服,实测,393,6.550000,57.439200,C:\Users\金阳\Documents\我的POPO\eggy_0.5s_0.6s.zip -> 0.5s/measurements.csv
外服0.5s,外服,实测,394,6.566667,57.881200,C:\Users\金阳\Documents\我的POPO\eggy_0.5s_0.6s.zip -> 0.5s/measurements.csv
外服0.5s,外服,实测,395,6.583333,57.881200,C:\Users\金阳\Documents\我的POPO\eggy_0.5s_0.6s.zip -> 0.5s/measurements.csv
外服0.5s,外服,实测,396,6.600000,58.271200,C:\Users\金阳\Documents\我的POPO\eggy_0.5s_0.6s.zip -> 0.5s/measurements.csv
外服0.5s,外服,实测,397,6.616667,58.271200,C:\Users\金阳\Documents\我的POPO\eggy_0.5s_0.6s.zip -> 0.5s/measurements.csv
外服0.5s,外服,实测,398,6.633333,58.568200,C:\Users\金阳\Documents\我的POPO\eggy_0.5s_0.6s.zip -> 0.5s/measurements.csv
外服0.5s,外服,实测,399,6.650000,58.568200,C:\Users\金阳\Documents\我的POPO\eggy_0.5s_0.6s.zip -> 0.5s/measurements.csv
外服0.5s,外服,实测,400,6.666667,58.780300,C:\Users\金阳\Documents\我的POPO\eggy_0.5s_0.6s.zip -> 0.5s/measurements.csv
外服0.5s,外服,实测,401,6.683333,58.780300,C:\Users\金阳\Documents\我的POPO\eggy_0.5s_0.6s.zip -> 0.5s/measurements.csv
外服0.5s,外服,实测,402,6.700000,58.925200,C:\Users\金阳\Documents\我的POPO\eggy_0.5s_0.6s.zip -> 0.5s/measurements.csv
外服0.5s,外服,实测,403,6.716667,58.925200,C:\Users\金阳\Documents\我的POPO\eggy_0.5s_0.6s.zip -> 0.5s/measurements.csv
外服0.5s,外服,实测,404,6.733333,59.070200,C:\Users\金阳\Documents\我的POPO\eggy_0.5s_0.6s.zip -> 0.5s/measurements.csv
外服0.5s,外服,实测,405,6.750000,59.070200,C:\Users\金阳\Documents\我的POPO\eggy_0.5s_0.6s.zip -> 0.5s/measurements.csv
外服0.5s,外服,实测,406,6.766667,59.235200,C:\Users\金阳\Documents\我的POPO\eggy_0.5s_0.6s.zip -> 0.5s/measurements.csv
外服0.5s,外服,实测,407,6.783333,59.235200,C:\Users\金阳\Documents\我的POPO\eggy_0.5s_0.6s.zip -> 0.5s/measurements.csv
外服0.5s,外服,实测,408,6.800000,59.403200,C:\Users\金阳\Documents\我的POPO\eggy_0.5s_0.6s.zip -> 0.5s/measurements.csv
外服0.5s,外服,实测,409,6.816667,59.403200,C:\Users\金阳\Documents\我的POPO\eggy_0.5s_0.6s.zip -> 0.5s/measurements.csv
外服0.5s,外服,实测,410,6.833333,59.573200,C:\Users\金阳\Documents\我的POPO\eggy_0.5s_0.6s.zip -> 0.5s/measurements.csv
外服0.5s,外服,实测,411,6.850000,59.573200,C:\Users\金阳\Documents\我的POPO\eggy_0.5s_0.6s.zip -> 0.5s/measurements.csv
外服0.5s,外服,实测,412,6.866667,59.752200,C:\Users\金阳\Documents\我的POPO\eggy_0.5s_0.6s.zip -> 0.5s/measurements.csv
外服0.5s,外服,实测,413,6.883333,59.752200,C:\Users\金阳\Documents\我的POPO\eggy_0.5s_0.6s.zip -> 0.5s/measurements.csv
外服0.5s,外服,实测,414,6.900000,59.946200,C:\Users\金阳\Documents\我的POPO\eggy_0.5s_0.6s.zip -> 0.5s/measurements.csv
外服0.5s,外服,实测,415,6.916667,59.946200,C:\Users\金阳\Documents\我的POPO\eggy_0.5s_0.6s.zip -> 0.5s/measurements.csv
外服0.5s,外服,实测,416,6.933333,60.156200,C:\Users\金阳\Documents\我的POPO\eggy_0.5s_0.6s.zip -> 0.5s/measurements.csv
外服0.5s,外服,实测,417,6.950000,60.156200,C:\Users\金阳\Documents\我的POPO\eggy_0.5s_0.6s.zip -> 0.5s/measurements.csv
外服0.5s,外服,实测,418,6.966667,60.383200,C:\Users\金阳\Documents\我的POPO\eggy_0.5s_0.6s.zip -> 0.5s/measurements.csv
外服0.5s,外服,实测,419,6.983333,60.383200,C:\Users\金阳\Documents\我的POPO\eggy_0.5s_0.6s.zip -> 0.5s/measurements.csv
外服0.5s,外服,实测,420,7.000000,60.655200,C:\Users\金阳\Documents\我的POPO\eggy_0.5s_0.6s.zip -> 0.5s/measurements.csv
外服0.5s,外服,实测,421,7.016667,60.655200,C:\Users\金阳\Documents\我的POPO\eggy_0.5s_0.6s.zip -> 0.5s/measurements.csv
外服0.5s,外服,实测,422,7.033333,61.105200,C:\Users\金阳\Documents\我的POPO\eggy_0.5s_0.6s.zip -> 0.5s/measurements.csv
外服0.5s,外服,实测,423,7.050000,61.105200,C:\Users\金阳\Documents\我的POPO\eggy_0.5s_0.6s.zip -> 0.5s/measurements.csv
外服0.5s,外服,实测,424,7.066667,61.551200,C:\Users\金阳\Documents\我的POPO\eggy_0.5s_0.6s.zip -> 0.5s/measurements.csv
外服0.5s,外服,实测,425,7.083333,61.551200,C:\Users\金阳\Documents\我的POPO\eggy_0.5s_0.6s.zip -> 0.5s/measurements.csv
外服0.5s,外服,实测,426,7.100000,61.992200,C:\Users\金阳\Documents\我的POPO\eggy_0.5s_0.6s.zip -> 0.5s/measurements.csv
外服0.5s,外服,实测,427,7.116667,61.992200,C:\Users\金阳\Documents\我的POPO\eggy_0.5s_0.6s.zip -> 0.5s/measurements.csv
外服0.5s,外服,实测,428,7.133333,62.429200,C:\Users\金阳\Documents\我的POPO\eggy_0.5s_0.6s.zip -> 0.5s/measurements.csv
外服0.5s,外服,实测,429,7.150000,62.429200,C:\Users\金阳\Documents\我的POPO\eggy_0.5s_0.6s.zip -> 0.5s/measurements.csv
外服0.5s,外服,实测,430,7.166667,62.861200,C:\Users\金阳\Documents\我的POPO\eggy_0.5s_0.6s.zip -> 0.5s/measurements.csv
外服0.5s,外服,实测,431,7.183333,62.861200,C:\Users\金阳\Documents\我的POPO\eggy_0.5s_0.6s.zip -> 0.5s/measurements.csv
外服0.5s,外服,实测,432,7.200000,63.289200,C:\Users\金阳\Documents\我的POPO\eggy_0.5s_0.6s.zip -> 0.5s/measurements.csv
外服0.5s,外服,实测,433,7.216667,63.289200,C:\Users\金阳\Documents\我的POPO\eggy_0.5s_0.6s.zip -> 0.5s/measurements.csv
外服0.5s,外服,实测,434,7.233333,63.712200,C:\Users\金阳\Documents\我的POPO\eggy_0.5s_0.6s.zip -> 0.5s/measurements.csv
外服0.5s,外服,实测,435,7.250000,63.712200,C:\Users\金阳\Documents\我的POPO\eggy_0.5s_0.6s.zip -> 0.5s/measurements.csv
外服0.5s,外服,实测,436,7.266667,64.131200,C:\Users\金阳\Documents\我的POPO\eggy_0.5s_0.6s.zip -> 0.5s/measurements.csv
外服0.5s,外服,实测,437,7.283333,64.131200,C:\Users\金阳\Documents\我的POPO\eggy_0.5s_0.6s.zip -> 0.5s/measurements.csv
外服0.5s,外服,实测,438,7.300000,64.545200,C:\Users\金阳\Documents\我的POPO\eggy_0.5s_0.6s.zip -> 0.5s/measurements.csv
外服0.5s,外服,实测,439,7.316667,64.545200,C:\Users\金阳\Documents\我的POPO\eggy_0.5s_0.6s.zip -> 0.5s/measurements.csv
外服0.5s,外服,实测,440,7.333333,64.955200,C:\Users\金阳\Documents\我的POPO\eggy_0.5s_0.6s.zip -> 0.5s/measurements.csv
外服0.5s,外服,实测,441,7.350000,64.955200,C:\Users\金阳\Documents\我的POPO\eggy_0.5s_0.6s.zip -> 0.5s/measurements.csv
外服0.5s,外服,实测,442,7.366667,65.361200,C:\Users\金阳\Documents\我的POPO\eggy_0.5s_0.6s.zip -> 0.5s/measurements.csv
外服0.5s,外服,实测,443,7.383333,65.361200,C:\Users\金阳\Documents\我的POPO\eggy_0.5s_0.6s.zip -> 0.5s/measurements.csv
外服0.5s,外服,实测,444,7.400000,65.762200,C:\Users\金阳\Documents\我的POPO\eggy_0.5s_0.6s.zip -> 0.5s/measurements.csv
外服0.5s,外服,实测,445,7.416667,65.762200,C:\Users\金阳\Documents\我的POPO\eggy_0.5s_0.6s.zip -> 0.5s/measurements.csv
外服0.5s,外服,实测,446,7.433333,66.125200,C:\Users\金阳\Documents\我的POPO\eggy_0.5s_0.6s.zip -> 0.5s/measurements.csv
外服0.5s,外服,实测,447,7.450000,66.125200,C:\Users\金阳\Documents\我的POPO\eggy_0.5s_0.6s.zip -> 0.5s/measurements.csv
外服0.5s,外服,实测,448,7.466667,66.484200,C:\Users\金阳\Documents\我的POPO\eggy_0.5s_0.6s.zip -> 0.5s/measurements.csv
外服0.5s,外服,实测,449,7.483333,66.484200,C:\Users\金阳\Documents\我的POPO\eggy_0.5s_0.6s.zip -> 0.5s/measurements.csv
外服0.5s,外服,实测,450,7.500000,66.839200,C:\Users\金阳\Documents\我的POPO\eggy_0.5s_0.6s.zip -> 0.5s/measurements.csv
外服0.5s,外服,实测,451,7.516667,66.839200,C:\Users\金阳\Documents\我的POPO\eggy_0.5s_0.6s.zip -> 0.5s/measurements.csv
外服0.5s,外服,实测,452,7.533333,67.189200,C:\Users\金阳\Documents\我的POPO\eggy_0.5s_0.6s.zip -> 0.5s/measurements.csv
外服0.5s,外服,实测,453,7.550000,67.189200,C:\Users\金阳\Documents\我的POPO\eggy_0.5s_0.6s.zip -> 0.5s/measurements.csv
外服0.5s,外服,实测,454,7.566667,67.534200,C:\Users\金阳\Documents\我的POPO\eggy_0.5s_0.6s.zip -> 0.5s/measurements.csv
外服0.5s,外服,实测,455,7.583333,67.534200,C:\Users\金阳\Documents\我的POPO\eggy_0.5s_0.6s.zip -> 0.5s/measurements.csv
外服0.5s,外服,实测,456,7.600000,67.875200,C:\Users\金阳\Documents\我的POPO\eggy_0.5s_0.6s.zip -> 0.5s/measurements.csv
外服0.5s,外服,实测,457,7.616667,67.875200,C:\Users\金阳\Documents\我的POPO\eggy_0.5s_0.6s.zip -> 0.5s/measurements.csv
外服0.5s,外服,实测,458,7.633333,68.212200,C:\Users\金阳\Documents\我的POPO\eggy_0.5s_0.6s.zip -> 0.5s/measurements.csv
外服0.5s,外服,实测,459,7.650000,68.212200,C:\Users\金阳\Documents\我的POPO\eggy_0.5s_0.6s.zip -> 0.5s/measurements.csv
外服0.5s,外服,实测,460,7.666667,68.544200,C:\Users\金阳\Documents\我的POPO\eggy_0.5s_0.6s.zip -> 0.5s/measurements.csv
外服0.5s,外服,实测,461,7.683333,68.544200,C:\Users\金阳\Documents\我的POPO\eggy_0.5s_0.6s.zip -> 0.5s/measurements.csv
外服0.5s,外服,实测,462,7.700000,68.872200,C:\Users\金阳\Documents\我的POPO\eggy_0.5s_0.6s.zip -> 0.5s/measurements.csv
外服0.5s,外服,实测,463,7.716667,68.872200,C:\Users\金阳\Documents\我的POPO\eggy_0.5s_0.6s.zip -> 0.5s/measurements.csv
外服0.5s,外服,实测,464,7.733333,69.195200,C:\Users\金阳\Documents\我的POPO\eggy_0.5s_0.6s.zip -> 0.5s/measurements.csv
外服0.5s,外服,实测,465,7.750000,69.195200,C:\Users\金阳\Documents\我的POPO\eggy_0.5s_0.6s.zip -> 0.5s/measurements.csv
外服0.5s,外服,实测,466,7.766667,69.514200,C:\Users\金阳\Documents\我的POPO\eggy_0.5s_0.6s.zip -> 0.5s/measurements.csv
外服0.5s,外服,实测,467,7.783333,69.514200,C:\Users\金阳\Documents\我的POPO\eggy_0.5s_0.6s.zip -> 0.5s/measurements.csv
外服0.5s,外服,实测,468,7.800000,69.829200,C:\Users\金阳\Documents\我的POPO\eggy_0.5s_0.6s.zip -> 0.5s/measurements.csv
外服0.5s,外服,实测,469,7.816667,69.829200,C:\Users\金阳\Documents\我的POPO\eggy_0.5s_0.6s.zip -> 0.5s/measurements.csv
外服0.5s,外服,实测,470,7.833333,70.099200,C:\Users\金阳\Documents\我的POPO\eggy_0.5s_0.6s.zip -> 0.5s/measurements.csv
外服0.5s,外服,实测,471,7.850000,70.099200,C:\Users\金阳\Documents\我的POPO\eggy_0.5s_0.6s.zip -> 0.5s/measurements.csv
外服0.5s,外服,实测,472,7.866667,70.324200,C:\Users\金阳\Documents\我的POPO\eggy_0.5s_0.6s.zip -> 0.5s/measurements.csv
外服0.5s,外服,实测,473,7.883333,70.324200,C:\Users\金阳\Documents\我的POPO\eggy_0.5s_0.6s.zip -> 0.5s/measurements.csv
外服0.5s,外服,实测,474,7.900000,70.505200,C:\Users\金阳\Documents\我的POPO\eggy_0.5s_0.6s.zip -> 0.5s/measurements.csv
外服0.5s,外服,实测,475,7.916667,70.505200,C:\Users\金阳\Documents\我的POPO\eggy_0.5s_0.6s.zip -> 0.5s/measurements.csv
外服0.5s,外服,实测,476,7.933333,70.642200,C:\Users\金阳\Documents\我的POPO\eggy_0.5s_0.6s.zip -> 0.5s/measurements.csv
外服0.5s,外服,实测,477,7.950000,70.642200,C:\Users\金阳\Documents\我的POPO\eggy_0.5s_0.6s.zip -> 0.5s/measurements.csv
外服0.5s,外服,实测,478,7.966667,70.734200,C:\Users\金阳\Documents\我的POPO\eggy_0.5s_0.6s.zip -> 0.5s/measurements.csv
外服0.5s,外服,实测,479,7.983333,70.734200,C:\Users\金阳\Documents\我的POPO\eggy_0.5s_0.6s.zip -> 0.5s/measurements.csv
外服0.5s,外服,实测,480,8.000000,70.782200,C:\Users\金阳\Documents\我的POPO\eggy_0.5s_0.6s.zip -> 0.5s/measurements.csv
外服0.5s,外服,实测,481,8.016667,70.782200,C:\Users\金阳\Documents\我的POPO\eggy_0.5s_0.6s.zip -> 0.5s/measurements.csv
外服0.5s,外服,实测,482,8.033333,70.785200,C:\Users\金阳\Documents\我的POPO\eggy_0.5s_0.6s.zip -> 0.5s/measurements.csv
外服0.5s,外服,实测,483,8.050000,70.785200,C:\Users\金阳\Documents\我的POPO\eggy_0.5s_0.6s.zip -> 0.5s/measurements.csv
外服0.5s,外服,实测,484,8.066667,70.885200,C:\Users\金阳\Documents\我的POPO\eggy_0.5s_0.6s.zip -> 0.5s/measurements.csv
外服0.5s,外服,实测,485,8.083333,70.885200,C:\Users\金阳\Documents\我的POPO\eggy_0.5s_0.6s.zip -> 0.5s/measurements.csv
外服0.5s,外服,实测,486,8.100000,71.019200,C:\Users\金阳\Documents\我的POPO\eggy_0.5s_0.6s.zip -> 0.5s/measurements.csv
外服0.5s,外服,实测,487,8.116667,71.019200,C:\Users\金阳\Documents\我的POPO\eggy_0.5s_0.6s.zip -> 0.5s/measurements.csv
外服0.5s,外服,实测,488,8.133333,71.185200,C:\Users\金阳\Documents\我的POPO\eggy_0.5s_0.6s.zip -> 0.5s/measurements.csv
外服0.5s,外服,实测,489,8.150000,71.185200,C:\Users\金阳\Documents\我的POPO\eggy_0.5s_0.6s.zip -> 0.5s/measurements.csv
外服0.5s,外服,实测,490,8.166667,71.385200,C:\Users\金阳\Documents\我的POPO\eggy_0.5s_0.6s.zip -> 0.5s/measurements.csv
外服0.5s,外服,实测,491,8.183333,71.385200,C:\Users\金阳\Documents\我的POPO\eggy_0.5s_0.6s.zip -> 0.5s/measurements.csv
外服0.5s,外服,实测,492,8.200000,71.599200,C:\Users\金阳\Documents\我的POPO\eggy_0.5s_0.6s.zip -> 0.5s/measurements.csv
外服0.5s,外服,实测,493,8.216667,71.599200,C:\Users\金阳\Documents\我的POPO\eggy_0.5s_0.6s.zip -> 0.5s/measurements.csv
外服0.5s,外服,实测,494,8.233333,71.825200,C:\Users\金阳\Documents\我的POPO\eggy_0.5s_0.6s.zip -> 0.5s/measurements.csv
外服0.5s,外服,实测,495,8.250000,71.825200,C:\Users\金阳\Documents\我的POPO\eggy_0.5s_0.6s.zip -> 0.5s/measurements.csv
外服0.5s,外服,实测,496,8.266667,72.065200,C:\Users\金阳\Documents\我的POPO\eggy_0.5s_0.6s.zip -> 0.5s/measurements.csv
外服0.5s,外服,实测,497,8.283333,72.065200,C:\Users\金阳\Documents\我的POPO\eggy_0.5s_0.6s.zip -> 0.5s/measurements.csv
外服0.5s,外服,实测,498,8.300000,72.319200,C:\Users\金阳\Documents\我的POPO\eggy_0.5s_0.6s.zip -> 0.5s/measurements.csv
外服0.5s,外服,实测,499,8.316667,72.319200,C:\Users\金阳\Documents\我的POPO\eggy_0.5s_0.6s.zip -> 0.5s/measurements.csv
外服0.5s,外服,实测,500,8.333333,72.585200,C:\Users\金阳\Documents\我的POPO\eggy_0.5s_0.6s.zip -> 0.5s/measurements.csv
外服0.5s,外服,实测,501,8.350000,72.585200,C:\Users\金阳\Documents\我的POPO\eggy_0.5s_0.6s.zip -> 0.5s/measurements.csv
外服0.5s,外服,实测,502,8.366667,72.852200,C:\Users\金阳\Documents\我的POPO\eggy_0.5s_0.6s.zip -> 0.5s/measurements.csv
外服0.5s,外服,实测,503,8.383333,72.852200,C:\Users\金阳\Documents\我的POPO\eggy_0.5s_0.6s.zip -> 0.5s/measurements.csv
外服0.5s,外服,实测,504,8.400000,73.119200,C:\Users\金阳\Documents\我的POPO\eggy_0.5s_0.6s.zip -> 0.5s/measurements.csv
外服0.5s,外服,实测,505,8.416667,73.119200,C:\Users\金阳\Documents\我的POPO\eggy_0.5s_0.6s.zip -> 0.5s/measurements.csv
外服0.5s,外服,实测,506,8.433333,73.385200,C:\Users\金阳\Documents\我的POPO\eggy_0.5s_0.6s.zip -> 0.5s/measurements.csv
外服0.5s,外服,实测,507,8.450000,73.385200,C:\Users\金阳\Documents\我的POPO\eggy_0.5s_0.6s.zip -> 0.5s/measurements.csv
外服0.5s,外服,实测,508,8.466667,73.652200,C:\Users\金阳\Documents\我的POPO\eggy_0.5s_0.6s.zip -> 0.5s/measurements.csv
外服0.5s,外服,实测,509,8.483333,73.652200,C:\Users\金阳\Documents\我的POPO\eggy_0.5s_0.6s.zip -> 0.5s/measurements.csv
外服0.5s,外服,实测,510,8.500000,73.919200,C:\Users\金阳\Documents\我的POPO\eggy_0.5s_0.6s.zip -> 0.5s/measurements.csv
外服0.5s,外服,实测,511,8.516667,73.919200,C:\Users\金阳\Documents\我的POPO\eggy_0.5s_0.6s.zip -> 0.5s/measurements.csv
外服0.5s,外服,实测,512,8.533333,74.185200,C:\Users\金阳\Documents\我的POPO\eggy_0.5s_0.6s.zip -> 0.5s/measurements.csv
外服0.5s,外服,实测,513,8.550000,74.185200,C:\Users\金阳\Documents\我的POPO\eggy_0.5s_0.6s.zip -> 0.5s/measurements.csv
外服0.5s,外服,实测,514,8.566667,74.452200,C:\Users\金阳\Documents\我的POPO\eggy_0.5s_0.6s.zip -> 0.5s/measurements.csv
外服0.5s,外服,实测,515,8.583333,74.452200,C:\Users\金阳\Documents\我的POPO\eggy_0.5s_0.6s.zip -> 0.5s/measurements.csv
外服0.5s,外服,实测,516,8.600000,74.719200,C:\Users\金阳\Documents\我的POPO\eggy_0.5s_0.6s.zip -> 0.5s/measurements.csv
外服0.5s,外服,实测,517,8.616667,74.719200,C:\Users\金阳\Documents\我的POPO\eggy_0.5s_0.6s.zip -> 0.5s/measurements.csv
外服0.5s,外服,实测,518,8.633333,74.985200,C:\Users\金阳\Documents\我的POPO\eggy_0.5s_0.6s.zip -> 0.5s/measurements.csv
外服0.5s,外服,实测,519,8.650000,74.985200,C:\Users\金阳\Documents\我的POPO\eggy_0.5s_0.6s.zip -> 0.5s/measurements.csv
外服0.5s,外服,实测,520,8.666667,75.252200,C:\Users\金阳\Documents\我的POPO\eggy_0.5s_0.6s.zip -> 0.5s/measurements.csv
外服0.5s,外服,实测,521,8.683333,75.252200,C:\Users\金阳\Documents\我的POPO\eggy_0.5s_0.6s.zip -> 0.5s/measurements.csv
外服0.5s,外服,实测,522,8.700000,75.519200,C:\Users\金阳\Documents\我的POPO\eggy_0.5s_0.6s.zip -> 0.5s/measurements.csv
外服0.5s,外服,实测,523,8.716667,75.519200,C:\Users\金阳\Documents\我的POPO\eggy_0.5s_0.6s.zip -> 0.5s/measurements.csv
外服0.5s,外服,实测,524,8.733333,75.785200,C:\Users\金阳\Documents\我的POPO\eggy_0.5s_0.6s.zip -> 0.5s/measurements.csv
外服0.5s,外服,实测,525,8.750000,75.785200,C:\Users\金阳\Documents\我的POPO\eggy_0.5s_0.6s.zip -> 0.5s/measurements.csv
外服0.5s,外服,实测,526,8.766667,76.052200,C:\Users\金阳\Documents\我的POPO\eggy_0.5s_0.6s.zip -> 0.5s/measurements.csv
外服0.5s,外服,实测,527,8.783333,76.052200,C:\Users\金阳\Documents\我的POPO\eggy_0.5s_0.6s.zip -> 0.5s/measurements.csv
外服0.5s,外服,实测,528,8.800000,76.319200,C:\Users\金阳\Documents\我的POPO\eggy_0.5s_0.6s.zip -> 0.5s/measurements.csv
外服0.5s,外服,实测,529,8.816667,76.319200,C:\Users\金阳\Documents\我的POPO\eggy_0.5s_0.6s.zip -> 0.5s/measurements.csv
外服0.5s,外服,实测,530,8.833333,76.585200,C:\Users\金阳\Documents\我的POPO\eggy_0.5s_0.6s.zip -> 0.5s/measurements.csv
外服0.5s,外服,实测,531,8.850000,76.585200,C:\Users\金阳\Documents\我的POPO\eggy_0.5s_0.6s.zip -> 0.5s/measurements.csv
外服0.5s,外服,实测,532,8.866667,77.077200,C:\Users\金阳\Documents\我的POPO\eggy_0.5s_0.6s.zip -> 0.5s/measurements.csv
外服0.5s,外服,实测,533,8.883333,77.077200,C:\Users\金阳\Documents\我的POPO\eggy_0.5s_0.6s.zip -> 0.5s/measurements.csv
外服0.5s,外服,实测,534,8.900000,77.559200,C:\Users\金阳\Documents\我的POPO\eggy_0.5s_0.6s.zip -> 0.5s/measurements.csv
外服0.5s,外服,实测,535,8.916667,77.559200,C:\Users\金阳\Documents\我的POPO\eggy_0.5s_0.6s.zip -> 0.5s/measurements.csv
外服0.5s,外服,实测,536,8.933333,78.032200,C:\Users\金阳\Documents\我的POPO\eggy_0.5s_0.6s.zip -> 0.5s/measurements.csv
外服0.5s,外服,实测,537,8.950000,78.032200,C:\Users\金阳\Documents\我的POPO\eggy_0.5s_0.6s.zip -> 0.5s/measurements.csv
外服0.5s,外服,实测,538,8.966667,78.497200,C:\Users\金阳\Documents\我的POPO\eggy_0.5s_0.6s.zip -> 0.5s/measurements.csv
外服0.5s,外服,实测,539,8.983333,78.497200,C:\Users\金阳\Documents\我的POPO\eggy_0.5s_0.6s.zip -> 0.5s/measurements.csv
外服0.5s,外服,实测,540,9.000000,78.955200,C:\Users\金阳\Documents\我的POPO\eggy_0.5s_0.6s.zip -> 0.5s/measurements.csv
外服0.5s,外服,实测,541,9.016667,78.955200,C:\Users\金阳\Documents\我的POPO\eggy_0.5s_0.6s.zip -> 0.5s/measurements.csv
外服0.5s,外服,实测,542,9.033333,79.409200,C:\Users\金阳\Documents\我的POPO\eggy_0.5s_0.6s.zip -> 0.5s/measurements.csv
外服0.5s,外服,实测,543,9.050000,79.409200,C:\Users\金阳\Documents\我的POPO\eggy_0.5s_0.6s.zip -> 0.5s/measurements.csv
外服0.5s,外服,实测,544,9.066667,79.857200,C:\Users\金阳\Documents\我的POPO\eggy_0.5s_0.6s.zip -> 0.5s/measurements.csv
外服0.5s,外服,实测,545,9.083333,79.857200,C:\Users\金阳\Documents\我的POPO\eggy_0.5s_0.6s.zip -> 0.5s/measurements.csv
外服0.5s,外服,实测,546,9.100000,81.968200,C:\Users\金阳\Documents\我的POPO\eggy_0.5s_0.6s.zip -> 0.5s/measurements.csv
外服0.5s,外服,实测,547,9.116667,81.968200,C:\Users\金阳\Documents\我的POPO\eggy_0.5s_0.6s.zip -> 0.5s/measurements.csv
外服0.5s,外服,实测,548,9.133333,82.340200,C:\Users\金阳\Documents\我的POPO\eggy_0.5s_0.6s.zip -> 0.5s/measurements.csv
外服0.5s,外服,实测,549,9.150000,82.340200,C:\Users\金阳\Documents\我的POPO\eggy_0.5s_0.6s.zip -> 0.5s/measurements.csv
外服0.5s,外服,实测,550,9.166667,82.740200,C:\Users\金阳\Documents\我的POPO\eggy_0.5s_0.6s.zip -> 0.5s/measurements.csv
外服0.5s,外服,实测,551,9.183333,82.740200,C:\Users\金阳\Documents\我的POPO\eggy_0.5s_0.6s.zip -> 0.5s/measurements.csv
外服0.5s,外服,实测,552,9.200000,83.103200,C:\Users\金阳\Documents\我的POPO\eggy_0.5s_0.6s.zip -> 0.5s/measurements.csv
外服0.5s,外服,实测,553,9.216667,83.103200,C:\Users\金阳\Documents\我的POPO\eggy_0.5s_0.6s.zip -> 0.5s/measurements.csv
外服0.5s,外服,实测,554,9.233333,83.380200,C:\Users\金阳\Documents\我的POPO\eggy_0.5s_0.6s.zip -> 0.5s/measurements.csv
外服0.5s,外服,实测,555,9.250000,83.380200,C:\Users\金阳\Documents\我的POPO\eggy_0.5s_0.6s.zip -> 0.5s/measurements.csv
外服0.5s,外服,实测,556,9.266667,83.573200,C:\Users\金阳\Documents\我的POPO\eggy_0.5s_0.6s.zip -> 0.5s/measurements.csv
外服0.5s,外服,实测,557,9.283333,83.573200,C:\Users\金阳\Documents\我的POPO\eggy_0.5s_0.6s.zip -> 0.5s/measurements.csv
外服0.5s,外服,实测,558,9.300000,83.699200,C:\Users\金阳\Documents\我的POPO\eggy_0.5s_0.6s.zip -> 0.5s/measurements.csv
外服0.5s,外服,实测,559,9.316667,83.699200,C:\Users\金阳\Documents\我的POPO\eggy_0.5s_0.6s.zip -> 0.5s/measurements.csv
外服0.5s,外服,实测,560,9.333333,83.773300,C:\Users\金阳\Documents\我的POPO\eggy_0.5s_0.6s.zip -> 0.5s/measurements.csv
外服0.5s,外服,实测,561,9.350000,83.773300,C:\Users\金阳\Documents\我的POPO\eggy_0.5s_0.6s.zip -> 0.5s/measurements.csv
外服0.5s,外服,实测,562,9.366667,83.852200,C:\Users\金阳\Documents\我的POPO\eggy_0.5s_0.6s.zip -> 0.5s/measurements.csv
外服0.5s,外服,实测,563,9.383333,83.852200,C:\Users\金阳\Documents\我的POPO\eggy_0.5s_0.6s.zip -> 0.5s/measurements.csv
外服0.5s,外服,实测,564,9.400000,83.958200,C:\Users\金阳\Documents\我的POPO\eggy_0.5s_0.6s.zip -> 0.5s/measurements.csv
外服0.5s,外服,实测,565,9.416667,83.958200,C:\Users\金阳\Documents\我的POPO\eggy_0.5s_0.6s.zip -> 0.5s/measurements.csv
外服0.5s,外服,实测,566,9.433333,84.083200,C:\Users\金阳\Documents\我的POPO\eggy_0.5s_0.6s.zip -> 0.5s/measurements.csv
外服0.5s,外服,实测,567,9.450000,84.083200,C:\Users\金阳\Documents\我的POPO\eggy_0.5s_0.6s.zip -> 0.5s/measurements.csv
外服0.5s,外服,实测,568,9.466667,84.238200,C:\Users\金阳\Documents\我的POPO\eggy_0.5s_0.6s.zip -> 0.5s/measurements.csv
外服0.5s,外服,实测,569,9.483333,84.238200,C:\Users\金阳\Documents\我的POPO\eggy_0.5s_0.6s.zip -> 0.5s/measurements.csv
外服0.5s,外服,实测,570,9.500000,84.422200,C:\Users\金阳\Documents\我的POPO\eggy_0.5s_0.6s.zip -> 0.5s/measurements.csv
外服0.5s,外服,实测,571,9.516667,84.422200,C:\Users\金阳\Documents\我的POPO\eggy_0.5s_0.6s.zip -> 0.5s/measurements.csv
外服0.5s,外服,实测,572,9.533333,84.630200,C:\Users\金阳\Documents\我的POPO\eggy_0.5s_0.6s.zip -> 0.5s/measurements.csv
外服0.5s,外服,实测,573,9.550000,84.630200,C:\Users\金阳\Documents\我的POPO\eggy_0.5s_0.6s.zip -> 0.5s/measurements.csv
外服0.5s,外服,实测,574,9.566667,84.855300,C:\Users\金阳\Documents\我的POPO\eggy_0.5s_0.6s.zip -> 0.5s/measurements.csv
外服0.5s,外服,实测,575,9.583333,84.855300,C:\Users\金阳\Documents\我的POPO\eggy_0.5s_0.6s.zip -> 0.5s/measurements.csv
外服0.5s,外服,实测,576,9.600000,85.138300,C:\Users\金阳\Documents\我的POPO\eggy_0.5s_0.6s.zip -> 0.5s/measurements.csv
外服0.5s,外服,实测,577,9.616667,85.138300,C:\Users\金阳\Documents\我的POPO\eggy_0.5s_0.6s.zip -> 0.5s/measurements.csv
外服0.5s,外服,实测,578,9.633333,85.632200,C:\Users\金阳\Documents\我的POPO\eggy_0.5s_0.6s.zip -> 0.5s/measurements.csv
外服0.5s,外服,实测,579,9.650000,85.632200,C:\Users\金阳\Documents\我的POPO\eggy_0.5s_0.6s.zip -> 0.5s/measurements.csv
外服0.5s,外服,实测,580,9.666667,86.135200,C:\Users\金阳\Documents\我的POPO\eggy_0.5s_0.6s.zip -> 0.5s/measurements.csv
外服0.5s,外服,实测,581,9.683333,86.135200,C:\Users\金阳\Documents\我的POPO\eggy_0.5s_0.6s.zip -> 0.5s/measurements.csv
外服0.5s,外服,实测,582,9.700000,86.648300,C:\Users\金阳\Documents\我的POPO\eggy_0.5s_0.6s.zip -> 0.5s/measurements.csv
外服0.5s,外服,实测,583,9.716667,86.648300,C:\Users\金阳\Documents\我的POPO\eggy_0.5s_0.6s.zip -> 0.5s/measurements.csv
外服0.5s,外服,实测,584,9.733333,87.169200,C:\Users\金阳\Documents\我的POPO\eggy_0.5s_0.6s.zip -> 0.5s/measurements.csv
外服0.5s,外服,实测,585,9.750000,87.169200,C:\Users\金阳\Documents\我的POPO\eggy_0.5s_0.6s.zip -> 0.5s/measurements.csv
外服0.5s,外服,实测,586,9.766667,87.699200,C:\Users\金阳\Documents\我的POPO\eggy_0.5s_0.6s.zip -> 0.5s/measurements.csv
外服0.5s,外服,实测,587,9.783333,87.699200,C:\Users\金阳\Documents\我的POPO\eggy_0.5s_0.6s.zip -> 0.5s/measurements.csv
外服0.5s,外服,实测,588,9.800000,88.238300,C:\Users\金阳\Documents\我的POPO\eggy_0.5s_0.6s.zip -> 0.5s/measurements.csv
外服0.5s,外服,实测,589,9.816667,88.238300,C:\Users\金阳\Documents\我的POPO\eggy_0.5s_0.6s.zip -> 0.5s/measurements.csv
外服0.5s,外服,实测,590,9.833333,88.785200,C:\Users\金阳\Documents\我的POPO\eggy_0.5s_0.6s.zip -> 0.5s/measurements.csv
外服0.5s,外服,实测,591,9.850000,88.785200,C:\Users\金阳\Documents\我的POPO\eggy_0.5s_0.6s.zip -> 0.5s/measurements.csv
外服0.5s,外服,实测,592,9.866667,89.342200,C:\Users\金阳\Documents\我的POPO\eggy_0.5s_0.6s.zip -> 0.5s/measurements.csv
外服0.5s,外服,实测,593,9.883333,89.342200,C:\Users\金阳\Documents\我的POPO\eggy_0.5s_0.6s.zip -> 0.5s/measurements.csv
外服0.5s,外服,实测,594,9.900000,89.908300,C:\Users\金阳\Documents\我的POPO\eggy_0.5s_0.6s.zip -> 0.5s/measurements.csv
外服0.5s,外服,实测,595,9.916667,89.908300,C:\Users\金阳\Documents\我的POPO\eggy_0.5s_0.6s.zip -> 0.5s/measurements.csv
外服0.5s,外服,实测,596,9.933333,90.482200,C:\Users\金阳\Documents\我的POPO\eggy_0.5s_0.6s.zip -> 0.5s/measurements.csv
外服0.5s,外服,实测,597,9.950000,90.482200,C:\Users\金阳\Documents\我的POPO\eggy_0.5s_0.6s.zip -> 0.5s/measurements.csv
外服0.5s,外服,实测,598,9.966667,91.065200,C:\Users\金阳\Documents\我的POPO\eggy_0.5s_0.6s.zip -> 0.5s/measurements.csv
外服0.5s,外服,实测,599,9.983333,91.065200,C:\Users\金阳\Documents\我的POPO\eggy_0.5s_0.6s.zip -> 0.5s/measurements.csv
外服0.5s,外服,实测,600,10.000000,91.658300,C:\Users\金阳\Documents\我的POPO\eggy_0.5s_0.6s.zip -> 0.5s/measurements.csv
外服0.5s,外服,实测,601,10.016667,91.658300,C:\Users\金阳\Documents\我的POPO\eggy_0.5s_0.6s.zip -> 0.5s/measurements.csv
外服0.5s,外服,实测,602,10.033333,92.259200,C:\Users\金阳\Documents\我的POPO\eggy_0.5s_0.6s.zip -> 0.5s/measurements.csv
外服0.5s,外服,实测,603,10.050000,92.259200,C:\Users\金阳\Documents\我的POPO\eggy_0.5s_0.6s.zip -> 0.5s/measurements.csv
外服0.5s,外服,实测,604,10.066667,92.869200,C:\Users\金阳\Documents\我的POPO\eggy_0.5s_0.6s.zip -> 0.5s/measurements.csv
外服0.5s,外服,实测,605,10.083333,92.869200,C:\Users\金阳\Documents\我的POPO\eggy_0.5s_0.6s.zip -> 0.5s/measurements.csv
外服0.5s,外服,实测,606,10.100000,93.488300,C:\Users\金阳\Documents\我的POPO\eggy_0.5s_0.6s.zip -> 0.5s/measurements.csv
外服0.5s,外服,实测,607,10.116667,93.488300,C:\Users\金阳\Documents\我的POPO\eggy_0.5s_0.6s.zip -> 0.5s/measurements.csv
外服0.5s,外服,实测,608,10.133333,94.115200,C:\Users\金阳\Documents\我的POPO\eggy_0.5s_0.6s.zip -> 0.5s/measurements.csv
外服0.5s,外服,实测,609,10.150000,94.115200,C:\Users\金阳\Documents\我的POPO\eggy_0.5s_0.6s.zip -> 0.5s/measurements.csv
外服0.5s,外服,实测,610,10.166667,94.752200,C:\Users\金阳\Documents\我的POPO\eggy_0.5s_0.6s.zip -> 0.5s/measurements.csv
外服0.5s,外服,实测,611,10.183333,94.752200,C:\Users\金阳\Documents\我的POPO\eggy_0.5s_0.6s.zip -> 0.5s/measurements.csv
外服0.5s,外服,实测,612,10.200000,95.391200,C:\Users\金阳\Documents\我的POPO\eggy_0.5s_0.6s.zip -> 0.5s/measurements.csv
外服0.5s,外服,实测,613,10.216667,95.391200,C:\Users\金阳\Documents\我的POPO\eggy_0.5s_0.6s.zip -> 0.5s/measurements.csv
外服0.5s,外服,实测,614,10.233333,96.025200,C:\Users\金阳\Documents\我的POPO\eggy_0.5s_0.6s.zip -> 0.5s/measurements.csv
外服0.5s,外服,实测,615,10.250000,96.025200,C:\Users\金阳\Documents\我的POPO\eggy_0.5s_0.6s.zip -> 0.5s/measurements.csv
外服0.5s,外服,实测,616,10.266667,96.655200,C:\Users\金阳\Documents\我的POPO\eggy_0.5s_0.6s.zip -> 0.5s/measurements.csv
外服0.5s,外服,实测,617,10.283333,96.655200,C:\Users\金阳\Documents\我的POPO\eggy_0.5s_0.6s.zip -> 0.5s/measurements.csv
外服0.5s,外服,实测,618,10.300000,97.281200,C:\Users\金阳\Documents\我的POPO\eggy_0.5s_0.6s.zip -> 0.5s/measurements.csv
外服0.5s,外服,实测,619,10.316667,97.281200,C:\Users\金阳\Documents\我的POPO\eggy_0.5s_0.6s.zip -> 0.5s/measurements.csv
外服0.5s,外服,实测,620,10.333333,97.902200,C:\Users\金阳\Documents\我的POPO\eggy_0.5s_0.6s.zip -> 0.5s/measurements.csv
外服0.5s,外服,实测,621,10.350000,97.902200,C:\Users\金阳\Documents\我的POPO\eggy_0.5s_0.6s.zip -> 0.5s/measurements.csv
外服0.5s,外服,实测,622,10.366667,98.519200,C:\Users\金阳\Documents\我的POPO\eggy_0.5s_0.6s.zip -> 0.5s/measurements.csv
外服0.5s,外服,实测,623,10.383333,98.519200,C:\Users\金阳\Documents\我的POPO\eggy_0.5s_0.6s.zip -> 0.5s/measurements.csv
外服0.5s,外服,实测,624,10.400000,99.128200,C:\Users\金阳\Documents\我的POPO\eggy_0.5s_0.6s.zip -> 0.5s/measurements.csv
外服0.5s,外服,实测,625,10.416667,99.128200,C:\Users\金阳\Documents\我的POPO\eggy_0.5s_0.6s.zip -> 0.5s/measurements.csv
外服0.5s,外服,实测,626,10.433333,99.739200,C:\Users\金阳\Documents\我的POPO\eggy_0.5s_0.6s.zip -> 0.5s/measurements.csv
外服0.5s,外服,实测,627,10.450000,99.739200,C:\Users\金阳\Documents\我的POPO\eggy_0.5s_0.6s.zip -> 0.5s/measurements.csv
外服0.5s,外服,实测,628,10.466667,100.338200,C:\Users\金阳\Documents\我的POPO\eggy_0.5s_0.6s.zip -> 0.5s/measurements.csv
外服0.5s,外服,实测,629,10.483333,100.338200,C:\Users\金阳\Documents\我的POPO\eggy_0.5s_0.6s.zip -> 0.5s/measurements.csv
外服0.5s,外服,实测,630,10.500000,100.898200,C:\Users\金阳\Documents\我的POPO\eggy_0.5s_0.6s.zip -> 0.5s/measurements.csv
外服0.5s,外服,实测,631,10.516667,100.898200,C:\Users\金阳\Documents\我的POPO\eggy_0.5s_0.6s.zip -> 0.5s/measurements.csv
外服0.5s,外服,实测,632,10.533333,101.408200,C:\Users\金阳\Documents\我的POPO\eggy_0.5s_0.6s.zip -> 0.5s/measurements.csv
外服0.5s,外服,实测,633,10.550000,101.408200,C:\Users\金阳\Documents\我的POPO\eggy_0.5s_0.6s.zip -> 0.5s/measurements.csv
外服0.5s,外服,实测,634,10.566667,101.878200,C:\Users\金阳\Documents\我的POPO\eggy_0.5s_0.6s.zip -> 0.5s/measurements.csv
外服0.5s,外服,实测,635,10.583333,101.878200,C:\Users\金阳\Documents\我的POPO\eggy_0.5s_0.6s.zip -> 0.5s/measurements.csv
外服0.5s,外服,实测,636,10.600000,102.348200,C:\Users\金阳\Documents\我的POPO\eggy_0.5s_0.6s.zip -> 0.5s/measurements.csv
外服0.5s,外服,实测,637,10.616667,102.348200,C:\Users\金阳\Documents\我的POPO\eggy_0.5s_0.6s.zip -> 0.5s/measurements.csv
外服0.5s,外服,实测,638,10.633333,102.808200,C:\Users\金阳\Documents\我的POPO\eggy_0.5s_0.6s.zip -> 0.5s/measurements.csv
外服0.5s,外服,实测,639,10.650000,102.808200,C:\Users\金阳\Documents\我的POPO\eggy_0.5s_0.6s.zip -> 0.5s/measurements.csv
外服0.5s,外服,实测,640,10.666667,103.269200,C:\Users\金阳\Documents\我的POPO\eggy_0.5s_0.6s.zip -> 0.5s/measurements.csv
外服0.5s,外服,实测,641,10.683333,103.269200,C:\Users\金阳\Documents\我的POPO\eggy_0.5s_0.6s.zip -> 0.5s/measurements.csv
外服0.5s,外服,实测,642,10.700000,103.718200,C:\Users\金阳\Documents\我的POPO\eggy_0.5s_0.6s.zip -> 0.5s/measurements.csv
外服0.5s,外服,实测,643,10.716667,103.718200,C:\Users\金阳\Documents\我的POPO\eggy_0.5s_0.6s.zip -> 0.5s/measurements.csv
外服0.5s,外服,实测,644,10.733333,104.169200,C:\Users\金阳\Documents\我的POPO\eggy_0.5s_0.6s.zip -> 0.5s/measurements.csv
外服0.5s,外服,实测,645,10.750000,104.169200,C:\Users\金阳\Documents\我的POPO\eggy_0.5s_0.6s.zip -> 0.5s/measurements.csv
外服0.5s,外服,实测,646,10.766667,104.608200,C:\Users\金阳\Documents\我的POPO\eggy_0.5s_0.6s.zip -> 0.5s/measurements.csv
外服0.5s,外服,实测,647,10.783333,104.608200,C:\Users\金阳\Documents\我的POPO\eggy_0.5s_0.6s.zip -> 0.5s/measurements.csv
外服0.5s,外服,实测,648,10.800000,105.048200,C:\Users\金阳\Documents\我的POPO\eggy_0.5s_0.6s.zip -> 0.5s/measurements.csv
外服0.5s,外服,实测,649,10.816667,105.048200,C:\Users\金阳\Documents\我的POPO\eggy_0.5s_0.6s.zip -> 0.5s/measurements.csv
外服0.5s,外服,实测,650,10.833333,105.478200,C:\Users\金阳\Documents\我的POPO\eggy_0.5s_0.6s.zip -> 0.5s/measurements.csv
外服0.5s,外服,实测,651,10.850000,105.478200,C:\Users\金阳\Documents\我的POPO\eggy_0.5s_0.6s.zip -> 0.5s/measurements.csv
外服0.5s,外服,实测,652,10.866667,105.908200,C:\Users\金阳\Documents\我的POPO\eggy_0.5s_0.6s.zip -> 0.5s/measurements.csv
外服0.5s,外服,实测,653,10.883333,105.908200,C:\Users\金阳\Documents\我的POPO\eggy_0.5s_0.6s.zip -> 0.5s/measurements.csv
外服0.5s,外服,实测,654,10.900000,106.338200,C:\Users\金阳\Documents\我的POPO\eggy_0.5s_0.6s.zip -> 0.5s/measurements.csv
外服0.5s,外服,实测,655,10.916667,106.338200,C:\Users\金阳\Documents\我的POPO\eggy_0.5s_0.6s.zip -> 0.5s/measurements.csv
外服0.5s,外服,实测,656,10.933333,106.758200,C:\Users\金阳\Documents\我的POPO\eggy_0.5s_0.6s.zip -> 0.5s/measurements.csv
外服0.5s,外服,实测,657,10.950000,106.758200,C:\Users\金阳\Documents\我的POPO\eggy_0.5s_0.6s.zip -> 0.5s/measurements.csv
外服0.5s,外服,实测,658,10.966667,107.179200,C:\Users\金阳\Documents\我的POPO\eggy_0.5s_0.6s.zip -> 0.5s/measurements.csv
外服0.5s,外服,实测,659,10.983333,107.179200,C:\Users\金阳\Documents\我的POPO\eggy_0.5s_0.6s.zip -> 0.5s/measurements.csv
外服0.5s,外服,实测,660,11.000000,107.588200,C:\Users\金阳\Documents\我的POPO\eggy_0.5s_0.6s.zip -> 0.5s/measurements.csv
外服0.5s,外服,实测,661,11.016667,107.588200,C:\Users\金阳\Documents\我的POPO\eggy_0.5s_0.6s.zip -> 0.5s/measurements.csv
外服0.5s,外服,实测,662,11.033333,107.999200,C:\Users\金阳\Documents\我的POPO\eggy_0.5s_0.6s.zip -> 0.5s/measurements.csv
外服0.5s,外服,实测,663,11.050000,107.999200,C:\Users\金阳\Documents\我的POPO\eggy_0.5s_0.6s.zip -> 0.5s/measurements.csv
外服0.5s,外服,实测,664,11.066667,108.398200,C:\Users\金阳\Documents\我的POPO\eggy_0.5s_0.6s.zip -> 0.5s/measurements.csv
外服0.5s,外服,实测,665,11.083333,108.398200,C:\Users\金阳\Documents\我的POPO\eggy_0.5s_0.6s.zip -> 0.5s/measurements.csv
外服0.5s,外服,实测,666,11.100000,108.798200,C:\Users\金阳\Documents\我的POPO\eggy_0.5s_0.6s.zip -> 0.5s/measurements.csv
外服0.5s,外服,实测,667,11.116667,108.798200,C:\Users\金阳\Documents\我的POPO\eggy_0.5s_0.6s.zip -> 0.5s/measurements.csv
外服0.5s,外服,实测,668,11.133333,109.188200,C:\Users\金阳\Documents\我的POPO\eggy_0.5s_0.6s.zip -> 0.5s/measurements.csv
外服0.5s,外服,实测,669,11.150000,109.188200,C:\Users\金阳\Documents\我的POPO\eggy_0.5s_0.6s.zip -> 0.5s/measurements.csv
外服0.5s,外服,实测,670,11.166667,109.578200,C:\Users\金阳\Documents\我的POPO\eggy_0.5s_0.6s.zip -> 0.5s/measurements.csv
外服0.5s,外服,实测,671,11.183333,109.578200,C:\Users\金阳\Documents\我的POPO\eggy_0.5s_0.6s.zip -> 0.5s/measurements.csv
外服0.5s,外服,实测,672,11.200000,109.968200,C:\Users\金阳\Documents\我的POPO\eggy_0.5s_0.6s.zip -> 0.5s/measurements.csv
外服0.5s,外服,实测,673,11.216667,109.968200,C:\Users\金阳\Documents\我的POPO\eggy_0.5s_0.6s.zip -> 0.5s/measurements.csv
外服0.5s,外服,实测,674,11.233333,110.348200,C:\Users\金阳\Documents\我的POPO\eggy_0.5s_0.6s.zip -> 0.5s/measurements.csv
外服0.5s,外服,实测,675,11.250000,110.348200,C:\Users\金阳\Documents\我的POPO\eggy_0.5s_0.6s.zip -> 0.5s/measurements.csv
外服0.5s,外服,实测,676,11.266667,110.729200,C:\Users\金阳\Documents\我的POPO\eggy_0.5s_0.6s.zip -> 0.5s/measurements.csv
外服0.5s,外服,实测,677,11.283333,110.729200,C:\Users\金阳\Documents\我的POPO\eggy_0.5s_0.6s.zip -> 0.5s/measurements.csv
外服0.5s,外服,实测,678,11.300000,111.058200,C:\Users\金阳\Documents\我的POPO\eggy_0.5s_0.6s.zip -> 0.5s/measurements.csv
外服0.5s,外服,实测,679,11.316667,111.058200,C:\Users\金阳\Documents\我的POPO\eggy_0.5s_0.6s.zip -> 0.5s/measurements.csv
外服0.5s,外服,实测,680,11.333333,111.349200,C:\Users\金阳\Documents\我的POPO\eggy_0.5s_0.6s.zip -> 0.5s/measurements.csv
外服0.5s,外服,实测,681,11.350000,111.349200,C:\Users\金阳\Documents\我的POPO\eggy_0.5s_0.6s.zip -> 0.5s/measurements.csv
外服0.5s,外服,实测,682,11.366667,111.608200,C:\Users\金阳\Documents\我的POPO\eggy_0.5s_0.6s.zip -> 0.5s/measurements.csv
外服0.5s,外服,外推,0,11.366667,111.608200,C:\Users\金阳\Documents\我的POPO\eggy_0.5s_0.6s.zip -> 0.5s/measurements.csv
外服0.5s,外服,外推,1,11.626190,114.156439,C:\Users\金阳\Documents\我的POPO\eggy_0.5s_0.6s.zip -> 0.5s/measurements.csv
外服0.5s,外服,外推,2,11.885714,116.704678,C:\Users\金阳\Documents\我的POPO\eggy_0.5s_0.6s.zip -> 0.5s/measurements.csv
外服0.5s,外服,外推,3,12.145238,119.252918,C:\Users\金阳\Documents\我的POPO\eggy_0.5s_0.6s.zip -> 0.5s/measurements.csv
外服0.5s,外服,外推,4,12.404762,121.801157,C:\Users\金阳\Documents\我的POPO\eggy_0.5s_0.6s.zip -> 0.5s/measurements.csv
外服0.5s,外服,外推,5,12.664286,124.349396,C:\Users\金阳\Documents\我的POPO\eggy_0.5s_0.6s.zip -> 0.5s/measurements.csv
外服0.5s,外服,外推,6,12.923810,126.897635,C:\Users\金阳\Documents\我的POPO\eggy_0.5s_0.6s.zip -> 0.5s/measurements.csv
外服0.5s,外服,外推,7,13.183333,129.445874,C:\Users\金阳\Documents\我的POPO\eggy_0.5s_0.6s.zip -> 0.5s/measurements.csv
外服0.5s,外服,外推,8,13.442857,131.994113,C:\Users\金阳\Documents\我的POPO\eggy_0.5s_0.6s.zip -> 0.5s/measurements.csv
外服0.5s,外服,外推,9,13.702381,134.542353,C:\Users\金阳\Documents\我的POPO\eggy_0.5s_0.6s.zip -> 0.5s/measurements.csv
外服0.5s,外服,外推,10,13.961905,137.090592,C:\Users\金阳\Documents\我的POPO\eggy_0.5s_0.6s.zip -> 0.5s/measurements.csv
外服0.5s,外服,外推,11,14.221429,139.638831,C:\Users\金阳\Documents\我的POPO\eggy_0.5s_0.6s.zip -> 0.5s/measurements.csv
外服0.5s,外服,外推,12,14.480952,142.187070,C:\Users\金阳\Documents\我的POPO\eggy_0.5s_0.6s.zip -> 0.5s/measurements.csv
外服0.5s,外服,外推,13,14.740476,144.735309,C:\Users\金阳\Documents\我的POPO\eggy_0.5s_0.6s.zip -> 0.5s/measurements.csv
外服0.5s,外服,外推,14,15.000000,147.283548,C:\Users\金阳\Documents\我的POPO\eggy_0.5s_0.6s.zip -> 0.5s/measurements.csv
外服0.6s,外服,实测,0,0.000000,0.000000,C:\Users\金阳\Documents\我的POPO\eggy_0.5s_0.6s.zip -> 0.6s/measurements.csv
外服0.6s,外服,实测,1,0.016667,0.000000,C:\Users\金阳\Documents\我的POPO\eggy_0.5s_0.6s.zip -> 0.6s/measurements.csv
外服0.6s,外服,实测,2,0.033333,0.000000,C:\Users\金阳\Documents\我的POPO\eggy_0.5s_0.6s.zip -> 0.6s/measurements.csv
外服0.6s,外服,实测,3,0.050000,0.000000,C:\Users\金阳\Documents\我的POPO\eggy_0.5s_0.6s.zip -> 0.6s/measurements.csv
外服0.6s,外服,实测,4,0.066667,0.000000,C:\Users\金阳\Documents\我的POPO\eggy_0.5s_0.6s.zip -> 0.6s/measurements.csv
外服0.6s,外服,实测,5,0.083333,0.000000,C:\Users\金阳\Documents\我的POPO\eggy_0.5s_0.6s.zip -> 0.6s/measurements.csv
外服0.6s,外服,实测,6,0.100000,0.000000,C:\Users\金阳\Documents\我的POPO\eggy_0.5s_0.6s.zip -> 0.6s/measurements.csv
外服0.6s,外服,实测,7,0.116667,0.000000,C:\Users\金阳\Documents\我的POPO\eggy_0.5s_0.6s.zip -> 0.6s/measurements.csv
外服0.6s,外服,实测,8,0.133333,0.000000,C:\Users\金阳\Documents\我的POPO\eggy_0.5s_0.6s.zip -> 0.6s/measurements.csv
外服0.6s,外服,实测,9,0.150000,0.000000,C:\Users\金阳\Documents\我的POPO\eggy_0.5s_0.6s.zip -> 0.6s/measurements.csv
外服0.6s,外服,实测,10,0.166667,0.000000,C:\Users\金阳\Documents\我的POPO\eggy_0.5s_0.6s.zip -> 0.6s/measurements.csv
外服0.6s,外服,实测,11,0.183333,0.000000,C:\Users\金阳\Documents\我的POPO\eggy_0.5s_0.6s.zip -> 0.6s/measurements.csv
外服0.6s,外服,实测,12,0.200000,0.000000,C:\Users\金阳\Documents\我的POPO\eggy_0.5s_0.6s.zip -> 0.6s/measurements.csv
外服0.6s,外服,实测,13,0.216667,0.000000,C:\Users\金阳\Documents\我的POPO\eggy_0.5s_0.6s.zip -> 0.6s/measurements.csv
外服0.6s,外服,实测,14,0.233333,0.000000,C:\Users\金阳\Documents\我的POPO\eggy_0.5s_0.6s.zip -> 0.6s/measurements.csv
外服0.6s,外服,实测,15,0.250000,0.191100,C:\Users\金阳\Documents\我的POPO\eggy_0.5s_0.6s.zip -> 0.6s/measurements.csv
外服0.6s,外服,实测,16,0.266667,0.191100,C:\Users\金阳\Documents\我的POPO\eggy_0.5s_0.6s.zip -> 0.6s/measurements.csv
外服0.6s,外服,实测,17,0.283333,0.457600,C:\Users\金阳\Documents\我的POPO\eggy_0.5s_0.6s.zip -> 0.6s/measurements.csv
外服0.6s,外服,实测,18,0.300000,0.457600,C:\Users\金阳\Documents\我的POPO\eggy_0.5s_0.6s.zip -> 0.6s/measurements.csv
外服0.6s,外服,实测,19,0.316667,0.724100,C:\Users\金阳\Documents\我的POPO\eggy_0.5s_0.6s.zip -> 0.6s/measurements.csv
外服0.6s,外服,实测,20,0.333333,0.724100,C:\Users\金阳\Documents\我的POPO\eggy_0.5s_0.6s.zip -> 0.6s/measurements.csv
外服0.6s,外服,实测,21,0.350000,0.990700,C:\Users\金阳\Documents\我的POPO\eggy_0.5s_0.6s.zip -> 0.6s/measurements.csv
外服0.6s,外服,实测,22,0.366667,0.990700,C:\Users\金阳\Documents\我的POPO\eggy_0.5s_0.6s.zip -> 0.6s/measurements.csv
外服0.6s,外服,实测,23,0.383333,1.257200,C:\Users\金阳\Documents\我的POPO\eggy_0.5s_0.6s.zip -> 0.6s/measurements.csv
外服0.6s,外服,实测,24,0.400000,1.257200,C:\Users\金阳\Documents\我的POPO\eggy_0.5s_0.6s.zip -> 0.6s/measurements.csv
外服0.6s,外服,实测,25,0.416667,1.523800,C:\Users\金阳\Documents\我的POPO\eggy_0.5s_0.6s.zip -> 0.6s/measurements.csv
外服0.6s,外服,实测,26,0.433333,1.523800,C:\Users\金阳\Documents\我的POPO\eggy_0.5s_0.6s.zip -> 0.6s/measurements.csv
外服0.6s,外服,实测,27,0.450000,1.790500,C:\Users\金阳\Documents\我的POPO\eggy_0.5s_0.6s.zip -> 0.6s/measurements.csv
外服0.6s,外服,实测,28,0.466667,1.790500,C:\Users\金阳\Documents\我的POPO\eggy_0.5s_0.6s.zip -> 0.6s/measurements.csv
外服0.6s,外服,实测,29,0.483333,2.057100,C:\Users\金阳\Documents\我的POPO\eggy_0.5s_0.6s.zip -> 0.6s/measurements.csv
外服0.6s,外服,实测,30,0.500000,2.057100,C:\Users\金阳\Documents\我的POPO\eggy_0.5s_0.6s.zip -> 0.6s/measurements.csv
外服0.6s,外服,实测,31,0.516667,2.323700,C:\Users\金阳\Documents\我的POPO\eggy_0.5s_0.6s.zip -> 0.6s/measurements.csv
外服0.6s,外服,实测,32,0.533333,2.323700,C:\Users\金阳\Documents\我的POPO\eggy_0.5s_0.6s.zip -> 0.6s/measurements.csv
外服0.6s,外服,实测,33,0.550000,2.590400,C:\Users\金阳\Documents\我的POPO\eggy_0.5s_0.6s.zip -> 0.6s/measurements.csv
外服0.6s,外服,实测,34,0.566667,2.590400,C:\Users\金阳\Documents\我的POPO\eggy_0.5s_0.6s.zip -> 0.6s/measurements.csv
外服0.6s,外服,实测,35,0.583333,2.857000,C:\Users\金阳\Documents\我的POPO\eggy_0.5s_0.6s.zip -> 0.6s/measurements.csv
外服0.6s,外服,实测,36,0.600000,2.857000,C:\Users\金阳\Documents\我的POPO\eggy_0.5s_0.6s.zip -> 0.6s/measurements.csv
外服0.6s,外服,实测,37,0.616667,3.123600,C:\Users\金阳\Documents\我的POPO\eggy_0.5s_0.6s.zip -> 0.6s/measurements.csv
外服0.6s,外服,实测,38,0.633333,3.123600,C:\Users\金阳\Documents\我的POPO\eggy_0.5s_0.6s.zip -> 0.6s/measurements.csv
外服0.6s,外服,实测,39,0.650000,3.390300,C:\Users\金阳\Documents\我的POPO\eggy_0.5s_0.6s.zip -> 0.6s/measurements.csv
外服0.6s,外服,实测,40,0.666667,3.390300,C:\Users\金阳\Documents\我的POPO\eggy_0.5s_0.6s.zip -> 0.6s/measurements.csv
外服0.6s,外服,实测,41,0.683333,3.656900,C:\Users\金阳\Documents\我的POPO\eggy_0.5s_0.6s.zip -> 0.6s/measurements.csv
外服0.6s,外服,实测,42,0.700000,3.656900,C:\Users\金阳\Documents\我的POPO\eggy_0.5s_0.6s.zip -> 0.6s/measurements.csv
外服0.6s,外服,实测,43,0.716667,3.923600,C:\Users\金阳\Documents\我的POPO\eggy_0.5s_0.6s.zip -> 0.6s/measurements.csv
外服0.6s,外服,实测,44,0.733333,3.923600,C:\Users\金阳\Documents\我的POPO\eggy_0.5s_0.6s.zip -> 0.6s/measurements.csv
外服0.6s,外服,实测,45,0.750000,4.190200,C:\Users\金阳\Documents\我的POPO\eggy_0.5s_0.6s.zip -> 0.6s/measurements.csv
外服0.6s,外服,实测,46,0.766667,4.190200,C:\Users\金阳\Documents\我的POPO\eggy_0.5s_0.6s.zip -> 0.6s/measurements.csv
外服0.6s,外服,实测,47,0.783333,4.456900,C:\Users\金阳\Documents\我的POPO\eggy_0.5s_0.6s.zip -> 0.6s/measurements.csv
外服0.6s,外服,实测,48,0.800000,4.456900,C:\Users\金阳\Documents\我的POPO\eggy_0.5s_0.6s.zip -> 0.6s/measurements.csv
外服0.6s,外服,实测,49,0.816667,4.723500,C:\Users\金阳\Documents\我的POPO\eggy_0.5s_0.6s.zip -> 0.6s/measurements.csv
外服0.6s,外服,实测,50,0.833333,4.723500,C:\Users\金阳\Documents\我的POPO\eggy_0.5s_0.6s.zip -> 0.6s/measurements.csv
外服0.6s,外服,实测,51,0.850000,4.990200,C:\Users\金阳\Documents\我的POPO\eggy_0.5s_0.6s.zip -> 0.6s/measurements.csv
外服0.6s,外服,实测,52,0.866667,4.990200,C:\Users\金阳\Documents\我的POPO\eggy_0.5s_0.6s.zip -> 0.6s/measurements.csv
外服0.6s,外服,实测,53,0.883333,5.256900,C:\Users\金阳\Documents\我的POPO\eggy_0.5s_0.6s.zip -> 0.6s/measurements.csv
外服0.6s,外服,实测,54,0.900000,5.256900,C:\Users\金阳\Documents\我的POPO\eggy_0.5s_0.6s.zip -> 0.6s/measurements.csv
外服0.6s,外服,实测,55,0.916667,5.523500,C:\Users\金阳\Documents\我的POPO\eggy_0.5s_0.6s.zip -> 0.6s/measurements.csv
外服0.6s,外服,实测,56,0.933333,5.523500,C:\Users\金阳\Documents\我的POPO\eggy_0.5s_0.6s.zip -> 0.6s/measurements.csv
外服0.6s,外服,实测,57,0.950000,5.790200,C:\Users\金阳\Documents\我的POPO\eggy_0.5s_0.6s.zip -> 0.6s/measurements.csv
外服0.6s,外服,实测,58,0.966667,5.790200,C:\Users\金阳\Documents\我的POPO\eggy_0.5s_0.6s.zip -> 0.6s/measurements.csv
外服0.6s,外服,实测,59,0.983333,6.281300,C:\Users\金阳\Documents\我的POPO\eggy_0.5s_0.6s.zip -> 0.6s/measurements.csv
外服0.6s,外服,实测,60,1.000000,6.281300,C:\Users\金阳\Documents\我的POPO\eggy_0.5s_0.6s.zip -> 0.6s/measurements.csv
外服0.6s,外服,实测,61,1.016667,6.763500,C:\Users\金阳\Documents\我的POPO\eggy_0.5s_0.6s.zip -> 0.6s/measurements.csv
外服0.6s,外服,实测,62,1.033333,6.763500,C:\Users\金阳\Documents\我的POPO\eggy_0.5s_0.6s.zip -> 0.6s/measurements.csv
外服0.6s,外服,实测,63,1.050000,7.236800,C:\Users\金阳\Documents\我的POPO\eggy_0.5s_0.6s.zip -> 0.6s/measurements.csv
外服0.6s,外服,实测,64,1.066667,7.236800,C:\Users\金阳\Documents\我的POPO\eggy_0.5s_0.6s.zip -> 0.6s/measurements.csv
外服0.6s,外服,实测,65,1.083333,7.701200,C:\Users\金阳\Documents\我的POPO\eggy_0.5s_0.6s.zip -> 0.6s/measurements.csv
外服0.6s,外服,实测,66,1.100000,7.701200,C:\Users\金阳\Documents\我的POPO\eggy_0.5s_0.6s.zip -> 0.6s/measurements.csv
外服0.6s,外服,实测,67,1.116667,8.126800,C:\Users\金阳\Documents\我的POPO\eggy_0.5s_0.6s.zip -> 0.6s/measurements.csv
外服0.6s,外服,实测,68,1.133333,8.126800,C:\Users\金阳\Documents\我的POPO\eggy_0.5s_0.6s.zip -> 0.6s/measurements.csv
外服0.6s,外服,实测,69,1.150000,8.513500,C:\Users\金阳\Documents\我的POPO\eggy_0.5s_0.6s.zip -> 0.6s/measurements.csv
外服0.6s,外服,实测,70,1.166667,8.513500,C:\Users\金阳\Documents\我的POPO\eggy_0.5s_0.6s.zip -> 0.6s/measurements.csv
外服0.6s,外服,实测,71,1.183333,8.861200,C:\Users\金阳\Documents\我的POPO\eggy_0.5s_0.6s.zip -> 0.6s/measurements.csv
外服0.6s,外服,实测,72,1.200000,8.861200,C:\Users\金阳\Documents\我的POPO\eggy_0.5s_0.6s.zip -> 0.6s/measurements.csv
外服0.6s,外服,实测,73,1.216667,8.891800,C:\Users\金阳\Documents\我的POPO\eggy_0.5s_0.6s.zip -> 0.6s/measurements.csv
外服0.6s,外服,实测,74,1.233333,8.891800,C:\Users\金阳\Documents\我的POPO\eggy_0.5s_0.6s.zip -> 0.6s/measurements.csv
外服0.6s,外服,实测,75,1.250000,10.354700,C:\Users\金阳\Documents\我的POPO\eggy_0.5s_0.6s.zip -> 0.6s/measurements.csv
外服0.6s,外服,实测,76,1.266667,10.354700,C:\Users\金阳\Documents\我的POPO\eggy_0.5s_0.6s.zip -> 0.6s/measurements.csv
外服0.6s,外服,实测,77,1.283333,10.551700,C:\Users\金阳\Documents\我的POPO\eggy_0.5s_0.6s.zip -> 0.6s/measurements.csv
外服0.6s,外服,实测,78,1.300000,10.551700,C:\Users\金阳\Documents\我的POPO\eggy_0.5s_0.6s.zip -> 0.6s/measurements.csv
外服0.6s,外服,实测,79,1.316667,10.732700,C:\Users\金阳\Documents\我的POPO\eggy_0.5s_0.6s.zip -> 0.6s/measurements.csv
外服0.6s,外服,实测,80,1.333333,10.732700,C:\Users\金阳\Documents\我的POPO\eggy_0.5s_0.6s.zip -> 0.6s/measurements.csv
外服0.6s,外服,实测,81,1.350000,10.854700,C:\Users\金阳\Documents\我的POPO\eggy_0.5s_0.6s.zip -> 0.6s/measurements.csv
外服0.6s,外服,实测,82,1.366667,10.854700,C:\Users\金阳\Documents\我的POPO\eggy_0.5s_0.6s.zip -> 0.6s/measurements.csv
外服0.6s,外服,实测,83,1.383333,10.908700,C:\Users\金阳\Documents\我的POPO\eggy_0.5s_0.6s.zip -> 0.6s/measurements.csv
外服0.6s,外服,实测,84,1.400000,10.908700,C:\Users\金阳\Documents\我的POPO\eggy_0.5s_0.6s.zip -> 0.6s/measurements.csv
外服0.6s,外服,实测,85,1.416667,10.906700,C:\Users\金阳\Documents\我的POPO\eggy_0.5s_0.6s.zip -> 0.6s/measurements.csv
外服0.6s,外服,实测,86,1.433333,10.906700,C:\Users\金阳\Documents\我的POPO\eggy_0.5s_0.6s.zip -> 0.6s/measurements.csv
外服0.6s,外服,实测,87,1.450000,10.883700,C:\Users\金阳\Documents\我的POPO\eggy_0.5s_0.6s.zip -> 0.6s/measurements.csv
外服0.6s,外服,实测,88,1.466667,10.883700,C:\Users\金阳\Documents\我的POPO\eggy_0.5s_0.6s.zip -> 0.6s/measurements.csv
外服0.6s,外服,实测,89,1.483333,10.862700,C:\Users\金阳\Documents\我的POPO\eggy_0.5s_0.6s.zip -> 0.6s/measurements.csv
外服0.6s,外服,实测,90,1.500000,10.862700,C:\Users\金阳\Documents\我的POPO\eggy_0.5s_0.6s.zip -> 0.6s/measurements.csv
外服0.6s,外服,实测,91,1.516667,10.900700,C:\Users\金阳\Documents\我的POPO\eggy_0.5s_0.6s.zip -> 0.6s/measurements.csv
外服0.6s,外服,实测,92,1.533333,10.900700,C:\Users\金阳\Documents\我的POPO\eggy_0.5s_0.6s.zip -> 0.6s/measurements.csv
外服0.6s,外服,实测,93,1.550000,11.010700,C:\Users\金阳\Documents\我的POPO\eggy_0.5s_0.6s.zip -> 0.6s/measurements.csv
外服0.6s,外服,实测,94,1.566667,11.010700,C:\Users\金阳\Documents\我的POPO\eggy_0.5s_0.6s.zip -> 0.6s/measurements.csv
外服0.6s,外服,实测,95,1.583333,11.149700,C:\Users\金阳\Documents\我的POPO\eggy_0.5s_0.6s.zip -> 0.6s/measurements.csv
外服0.6s,外服,实测,96,1.600000,11.149700,C:\Users\金阳\Documents\我的POPO\eggy_0.5s_0.6s.zip -> 0.6s/measurements.csv
外服0.6s,外服,实测,97,1.616667,11.320700,C:\Users\金阳\Documents\我的POPO\eggy_0.5s_0.6s.zip -> 0.6s/measurements.csv
外服0.6s,外服,实测,98,1.633333,11.320700,C:\Users\金阳\Documents\我的POPO\eggy_0.5s_0.6s.zip -> 0.6s/measurements.csv
外服0.6s,外服,实测,99,1.650000,11.517700,C:\Users\金阳\Documents\我的POPO\eggy_0.5s_0.6s.zip -> 0.6s/measurements.csv
外服0.6s,外服,实测,100,1.666667,11.517700,C:\Users\金阳\Documents\我的POPO\eggy_0.5s_0.6s.zip -> 0.6s/measurements.csv
外服0.6s,外服,实测,101,1.683333,11.733700,C:\Users\金阳\Documents\我的POPO\eggy_0.5s_0.6s.zip -> 0.6s/measurements.csv
外服0.6s,外服,实测,102,1.700000,11.733700,C:\Users\金阳\Documents\我的POPO\eggy_0.5s_0.6s.zip -> 0.6s/measurements.csv
外服0.6s,外服,实测,103,1.716667,11.961700,C:\Users\金阳\Documents\我的POPO\eggy_0.5s_0.6s.zip -> 0.6s/measurements.csv
外服0.6s,外服,实测,104,1.733333,11.961700,C:\Users\金阳\Documents\我的POPO\eggy_0.5s_0.6s.zip -> 0.6s/measurements.csv
外服0.6s,外服,实测,105,1.750000,12.240700,C:\Users\金阳\Documents\我的POPO\eggy_0.5s_0.6s.zip -> 0.6s/measurements.csv
外服0.6s,外服,实测,106,1.766667,12.240700,C:\Users\金阳\Documents\我的POPO\eggy_0.5s_0.6s.zip -> 0.6s/measurements.csv
外服0.6s,外服,实测,107,1.783333,12.688700,C:\Users\金阳\Documents\我的POPO\eggy_0.5s_0.6s.zip -> 0.6s/measurements.csv
外服0.6s,外服,实测,108,1.800000,12.688700,C:\Users\金阳\Documents\我的POPO\eggy_0.5s_0.6s.zip -> 0.6s/measurements.csv
外服0.6s,外服,实测,109,1.816667,13.131700,C:\Users\金阳\Documents\我的POPO\eggy_0.5s_0.6s.zip -> 0.6s/measurements.csv
外服0.6s,外服,实测,110,1.833333,13.131700,C:\Users\金阳\Documents\我的POPO\eggy_0.5s_0.6s.zip -> 0.6s/measurements.csv
外服0.6s,外服,实测,111,1.850000,13.570700,C:\Users\金阳\Documents\我的POPO\eggy_0.5s_0.6s.zip -> 0.6s/measurements.csv
外服0.6s,外服,实测,112,1.866667,13.570700,C:\Users\金阳\Documents\我的POPO\eggy_0.5s_0.6s.zip -> 0.6s/measurements.csv
外服0.6s,外服,实测,113,1.883333,14.005800,C:\Users\金阳\Documents\我的POPO\eggy_0.5s_0.6s.zip -> 0.6s/measurements.csv
外服0.6s,外服,实测,114,1.900000,14.005800,C:\Users\金阳\Documents\我的POPO\eggy_0.5s_0.6s.zip -> 0.6s/measurements.csv
外服0.6s,外服,实测,115,1.916667,14.435800,C:\Users\金阳\Documents\我的POPO\eggy_0.5s_0.6s.zip -> 0.6s/measurements.csv
外服0.6s,外服,实测,116,1.933333,14.435800,C:\Users\金阳\Documents\我的POPO\eggy_0.5s_0.6s.zip -> 0.6s/measurements.csv
外服0.6s,外服,实测,117,1.950000,14.860700,C:\Users\金阳\Documents\我的POPO\eggy_0.5s_0.6s.zip -> 0.6s/measurements.csv
外服0.6s,外服,实测,118,1.966667,14.860700,C:\Users\金阳\Documents\我的POPO\eggy_0.5s_0.6s.zip -> 0.6s/measurements.csv
外服0.6s,外服,实测,119,1.983333,15.281700,C:\Users\金阳\Documents\我的POPO\eggy_0.5s_0.6s.zip -> 0.6s/measurements.csv
外服0.6s,外服,实测,120,2.000000,15.281700,C:\Users\金阳\Documents\我的POPO\eggy_0.5s_0.6s.zip -> 0.6s/measurements.csv
外服0.6s,外服,实测,121,2.016667,15.698700,C:\Users\金阳\Documents\我的POPO\eggy_0.5s_0.6s.zip -> 0.6s/measurements.csv
外服0.6s,外服,实测,122,2.033333,15.698700,C:\Users\金阳\Documents\我的POPO\eggy_0.5s_0.6s.zip -> 0.6s/measurements.csv
外服0.6s,外服,实测,123,2.050000,16.110700,C:\Users\金阳\Documents\我的POPO\eggy_0.5s_0.6s.zip -> 0.6s/measurements.csv
外服0.6s,外服,实测,124,2.066667,16.110700,C:\Users\金阳\Documents\我的POPO\eggy_0.5s_0.6s.zip -> 0.6s/measurements.csv
外服0.6s,外服,实测,125,2.083333,16.518700,C:\Users\金阳\Documents\我的POPO\eggy_0.5s_0.6s.zip -> 0.6s/measurements.csv
外服0.6s,外服,实测,126,2.100000,16.518700,C:\Users\金阳\Documents\我的POPO\eggy_0.5s_0.6s.zip -> 0.6s/measurements.csv
外服0.6s,外服,实测,127,2.116667,16.921700,C:\Users\金阳\Documents\我的POPO\eggy_0.5s_0.6s.zip -> 0.6s/measurements.csv
外服0.6s,外服,实测,128,2.133333,16.921700,C:\Users\金阳\Documents\我的POPO\eggy_0.5s_0.6s.zip -> 0.6s/measurements.csv
外服0.6s,外服,实测,129,2.150000,17.320700,C:\Users\金阳\Documents\我的POPO\eggy_0.5s_0.6s.zip -> 0.6s/measurements.csv
外服0.6s,外服,实测,130,2.166667,17.320700,C:\Users\金阳\Documents\我的POPO\eggy_0.5s_0.6s.zip -> 0.6s/measurements.csv
外服0.6s,外服,实测,131,2.183333,17.715800,C:\Users\金阳\Documents\我的POPO\eggy_0.5s_0.6s.zip -> 0.6s/measurements.csv
外服0.6s,外服,实测,132,2.200000,17.715800,C:\Users\金阳\Documents\我的POPO\eggy_0.5s_0.6s.zip -> 0.6s/measurements.csv
外服0.6s,外服,实测,133,2.216667,18.105800,C:\Users\金阳\Documents\我的POPO\eggy_0.5s_0.6s.zip -> 0.6s/measurements.csv
外服0.6s,外服,实测,134,2.233333,18.105800,C:\Users\金阳\Documents\我的POPO\eggy_0.5s_0.6s.zip -> 0.6s/measurements.csv
外服0.6s,外服,实测,135,2.250000,18.490700,C:\Users\金阳\Documents\我的POPO\eggy_0.5s_0.6s.zip -> 0.6s/measurements.csv
外服0.6s,外服,实测,136,2.266667,18.490700,C:\Users\金阳\Documents\我的POPO\eggy_0.5s_0.6s.zip -> 0.6s/measurements.csv
外服0.6s,外服,实测,137,2.283333,18.838700,C:\Users\金阳\Documents\我的POPO\eggy_0.5s_0.6s.zip -> 0.6s/measurements.csv
外服0.6s,外服,实测,138,2.300000,18.838700,C:\Users\金阳\Documents\我的POPO\eggy_0.5s_0.6s.zip -> 0.6s/measurements.csv
外服0.6s,外服,实测,139,2.316667,19.181700,C:\Users\金阳\Documents\我的POPO\eggy_0.5s_0.6s.zip -> 0.6s/measurements.csv
外服0.6s,外服,实测,140,2.333333,19.181700,C:\Users\金阳\Documents\我的POPO\eggy_0.5s_0.6s.zip -> 0.6s/measurements.csv
外服0.6s,外服,实测,141,2.350000,19.520700,C:\Users\金阳\Documents\我的POPO\eggy_0.5s_0.6s.zip -> 0.6s/measurements.csv
外服0.6s,外服,实测,142,2.366667,19.520700,C:\Users\金阳\Documents\我的POPO\eggy_0.5s_0.6s.zip -> 0.6s/measurements.csv
外服0.6s,外服,实测,143,2.383333,19.855800,C:\Users\金阳\Documents\我的POPO\eggy_0.5s_0.6s.zip -> 0.6s/measurements.csv
外服0.6s,外服,实测,144,2.400000,19.855800,C:\Users\金阳\Documents\我的POPO\eggy_0.5s_0.6s.zip -> 0.6s/measurements.csv
外服0.6s,外服,实测,145,2.416667,20.185800,C:\Users\金阳\Documents\我的POPO\eggy_0.5s_0.6s.zip -> 0.6s/measurements.csv
外服0.6s,外服,实测,146,2.433333,20.185800,C:\Users\金阳\Documents\我的POPO\eggy_0.5s_0.6s.zip -> 0.6s/measurements.csv
外服0.6s,外服,实测,147,2.450000,20.510700,C:\Users\金阳\Documents\我的POPO\eggy_0.5s_0.6s.zip -> 0.6s/measurements.csv
外服0.6s,外服,实测,148,2.466667,20.510700,C:\Users\金阳\Documents\我的POPO\eggy_0.5s_0.6s.zip -> 0.6s/measurements.csv
外服0.6s,外服,实测,149,2.483333,20.831700,C:\Users\金阳\Documents\我的POPO\eggy_0.5s_0.6s.zip -> 0.6s/measurements.csv
外服0.6s,外服,实测,150,2.500000,20.831700,C:\Users\金阳\Documents\我的POPO\eggy_0.5s_0.6s.zip -> 0.6s/measurements.csv
外服0.6s,外服,实测,151,2.516667,21.148700,C:\Users\金阳\Documents\我的POPO\eggy_0.5s_0.6s.zip -> 0.6s/measurements.csv
外服0.6s,外服,实测,152,2.533333,21.148700,C:\Users\金阳\Documents\我的POPO\eggy_0.5s_0.6s.zip -> 0.6s/measurements.csv
外服0.6s,外服,实测,153,2.550000,21.460700,C:\Users\金阳\Documents\我的POPO\eggy_0.5s_0.6s.zip -> 0.6s/measurements.csv
外服0.6s,外服,实测,154,2.566667,21.460700,C:\Users\金阳\Documents\我的POPO\eggy_0.5s_0.6s.zip -> 0.6s/measurements.csv
外服0.6s,外服,实测,155,2.583333,21.768700,C:\Users\金阳\Documents\我的POPO\eggy_0.5s_0.6s.zip -> 0.6s/measurements.csv
外服0.6s,外服,实测,156,2.600000,21.768700,C:\Users\金阳\Documents\我的POPO\eggy_0.5s_0.6s.zip -> 0.6s/measurements.csv
外服0.6s,外服,实测,157,2.616667,22.071700,C:\Users\金阳\Documents\我的POPO\eggy_0.5s_0.6s.zip -> 0.6s/measurements.csv
外服0.6s,外服,实测,158,2.633333,22.071700,C:\Users\金阳\Documents\我的POPO\eggy_0.5s_0.6s.zip -> 0.6s/measurements.csv
外服0.6s,外服,实测,159,2.650000,22.330700,C:\Users\金阳\Documents\我的POPO\eggy_0.5s_0.6s.zip -> 0.6s/measurements.csv
外服0.6s,外服,实测,160,2.666667,22.330700,C:\Users\金阳\Documents\我的POPO\eggy_0.5s_0.6s.zip -> 0.6s/measurements.csv
外服0.6s,外服,实测,161,2.683333,22.545800,C:\Users\金阳\Documents\我的POPO\eggy_0.5s_0.6s.zip -> 0.6s/measurements.csv
外服0.6s,外服,实测,162,2.700000,22.545800,C:\Users\金阳\Documents\我的POPO\eggy_0.5s_0.6s.zip -> 0.6s/measurements.csv
外服0.6s,外服,实测,163,2.716667,22.715800,C:\Users\金阳\Documents\我的POPO\eggy_0.5s_0.6s.zip -> 0.6s/measurements.csv
外服0.6s,外服,实测,164,2.733333,22.715800,C:\Users\金阳\Documents\我的POPO\eggy_0.5s_0.6s.zip -> 0.6s/measurements.csv
外服0.6s,外服,实测,165,2.750000,22.840700,C:\Users\金阳\Documents\我的POPO\eggy_0.5s_0.6s.zip -> 0.6s/measurements.csv
外服0.6s,外服,实测,166,2.766667,22.840700,C:\Users\金阳\Documents\我的POPO\eggy_0.5s_0.6s.zip -> 0.6s/measurements.csv
外服0.6s,外服,实测,167,2.783333,22.921700,C:\Users\金阳\Documents\我的POPO\eggy_0.5s_0.6s.zip -> 0.6s/measurements.csv
外服0.6s,外服,实测,168,2.800000,22.921700,C:\Users\金阳\Documents\我的POPO\eggy_0.5s_0.6s.zip -> 0.6s/measurements.csv
外服0.6s,外服,实测,169,2.816667,22.958700,C:\Users\金阳\Documents\我的POPO\eggy_0.5s_0.6s.zip -> 0.6s/measurements.csv
外服0.6s,外服,实测,170,2.833333,22.958700,C:\Users\金阳\Documents\我的POPO\eggy_0.5s_0.6s.zip -> 0.6s/measurements.csv
外服0.6s,外服,实测,171,2.850000,22.958700,C:\Users\金阳\Documents\我的POPO\eggy_0.5s_0.6s.zip -> 0.6s/measurements.csv
外服0.6s,外服,实测,172,2.866667,22.958700,C:\Users\金阳\Documents\我的POPO\eggy_0.5s_0.6s.zip -> 0.6s/measurements.csv
外服0.6s,外服,实测,173,2.883333,22.958700,C:\Users\金阳\Documents\我的POPO\eggy_0.5s_0.6s.zip -> 0.6s/measurements.csv
外服0.6s,外服,实测,174,2.900000,22.958700,C:\Users\金阳\Documents\我的POPO\eggy_0.5s_0.6s.zip -> 0.6s/measurements.csv
外服0.6s,外服,实测,175,2.916667,23.058700,C:\Users\金阳\Documents\我的POPO\eggy_0.5s_0.6s.zip -> 0.6s/measurements.csv
外服0.6s,外服,实测,176,2.933333,23.058700,C:\Users\金阳\Documents\我的POPO\eggy_0.5s_0.6s.zip -> 0.6s/measurements.csv
外服0.6s,外服,实测,177,2.950000,23.191700,C:\Users\金阳\Documents\我的POPO\eggy_0.5s_0.6s.zip -> 0.6s/measurements.csv
外服0.6s,外服,实测,178,2.966667,23.191700,C:\Users\金阳\Documents\我的POPO\eggy_0.5s_0.6s.zip -> 0.6s/measurements.csv
外服0.6s,外服,实测,179,2.983333,23.358700,C:\Users\金阳\Documents\我的POPO\eggy_0.5s_0.6s.zip -> 0.6s/measurements.csv
外服0.6s,外服,实测,180,3.000000,23.358700,C:\Users\金阳\Documents\我的POPO\eggy_0.5s_0.6s.zip -> 0.6s/measurements.csv
外服0.6s,外服,实测,181,3.016667,23.558700,C:\Users\金阳\Documents\我的POPO\eggy_0.5s_0.6s.zip -> 0.6s/measurements.csv
外服0.6s,外服,实测,182,3.033333,23.558700,C:\Users\金阳\Documents\我的POPO\eggy_0.5s_0.6s.zip -> 0.6s/measurements.csv
外服0.6s,外服,实测,183,3.050000,23.771700,C:\Users\金阳\Documents\我的POPO\eggy_0.5s_0.6s.zip -> 0.6s/measurements.csv
外服0.6s,外服,实测,184,3.066667,23.771700,C:\Users\金阳\Documents\我的POPO\eggy_0.5s_0.6s.zip -> 0.6s/measurements.csv
外服0.6s,外服,实测,185,3.083333,23.998700,C:\Users\金阳\Documents\我的POPO\eggy_0.5s_0.6s.zip -> 0.6s/measurements.csv
外服0.6s,外服,实测,186,3.100000,23.998700,C:\Users\金阳\Documents\我的POPO\eggy_0.5s_0.6s.zip -> 0.6s/measurements.csv
外服0.6s,外服,实测,187,3.116667,24.238700,C:\Users\金阳\Documents\我的POPO\eggy_0.5s_0.6s.zip -> 0.6s/measurements.csv
外服0.6s,外服,实测,188,3.133333,24.238700,C:\Users\金阳\Documents\我的POPO\eggy_0.5s_0.6s.zip -> 0.6s/measurements.csv
外服0.6s,外服,实测,189,3.150000,24.491700,C:\Users\金阳\Documents\我的POPO\eggy_0.5s_0.6s.zip -> 0.6s/measurements.csv
外服0.6s,外服,实测,190,3.166667,24.491700,C:\Users\金阳\Documents\我的POPO\eggy_0.5s_0.6s.zip -> 0.6s/measurements.csv
外服0.6s,外服,实测,191,3.183333,24.758700,C:\Users\金阳\Documents\我的POPO\eggy_0.5s_0.6s.zip -> 0.6s/measurements.csv
外服0.6s,外服,实测,192,3.200000,24.758700,C:\Users\金阳\Documents\我的POPO\eggy_0.5s_0.6s.zip -> 0.6s/measurements.csv
外服0.6s,外服,实测,193,3.216667,25.025800,C:\Users\金阳\Documents\我的POPO\eggy_0.5s_0.6s.zip -> 0.6s/measurements.csv
外服0.6s,外服,实测,194,3.233333,25.025800,C:\Users\金阳\Documents\我的POPO\eggy_0.5s_0.6s.zip -> 0.6s/measurements.csv
外服0.6s,外服,实测,195,3.250000,25.291700,C:\Users\金阳\Documents\我的POPO\eggy_0.5s_0.6s.zip -> 0.6s/measurements.csv
外服0.6s,外服,实测,196,3.266667,25.291700,C:\Users\金阳\Documents\我的POPO\eggy_0.5s_0.6s.zip -> 0.6s/measurements.csv
外服0.6s,外服,实测,197,3.283333,25.558700,C:\Users\金阳\Documents\我的POPO\eggy_0.5s_0.6s.zip -> 0.6s/measurements.csv
外服0.6s,外服,实测,198,3.300000,25.558700,C:\Users\金阳\Documents\我的POPO\eggy_0.5s_0.6s.zip -> 0.6s/measurements.csv
外服0.6s,外服,实测,199,3.316667,25.825800,C:\Users\金阳\Documents\我的POPO\eggy_0.5s_0.6s.zip -> 0.6s/measurements.csv
外服0.6s,外服,实测,200,3.333333,25.825800,C:\Users\金阳\Documents\我的POPO\eggy_0.5s_0.6s.zip -> 0.6s/measurements.csv
外服0.6s,外服,实测,201,3.350000,26.091700,C:\Users\金阳\Documents\我的POPO\eggy_0.5s_0.6s.zip -> 0.6s/measurements.csv
外服0.6s,外服,实测,202,3.366667,26.091700,C:\Users\金阳\Documents\我的POPO\eggy_0.5s_0.6s.zip -> 0.6s/measurements.csv
外服0.6s,外服,实测,203,3.383333,26.358700,C:\Users\金阳\Documents\我的POPO\eggy_0.5s_0.6s.zip -> 0.6s/measurements.csv
外服0.6s,外服,实测,204,3.400000,26.358700,C:\Users\金阳\Documents\我的POPO\eggy_0.5s_0.6s.zip -> 0.6s/measurements.csv
外服0.6s,外服,实测,205,3.416667,26.625800,C:\Users\金阳\Documents\我的POPO\eggy_0.5s_0.6s.zip -> 0.6s/measurements.csv
外服0.6s,外服,实测,206,3.433333,26.625800,C:\Users\金阳\Documents\我的POPO\eggy_0.5s_0.6s.zip -> 0.6s/measurements.csv
外服0.6s,外服,实测,207,3.450000,26.891700,C:\Users\金阳\Documents\我的POPO\eggy_0.5s_0.6s.zip -> 0.6s/measurements.csv
外服0.6s,外服,实测,208,3.466667,26.891700,C:\Users\金阳\Documents\我的POPO\eggy_0.5s_0.6s.zip -> 0.6s/measurements.csv
外服0.6s,外服,实测,209,3.483333,27.158700,C:\Users\金阳\Documents\我的POPO\eggy_0.5s_0.6s.zip -> 0.6s/measurements.csv
外服0.6s,外服,实测,210,3.500000,27.158700,C:\Users\金阳\Documents\我的POPO\eggy_0.5s_0.6s.zip -> 0.6s/measurements.csv
外服0.6s,外服,实测,211,3.516667,27.425800,C:\Users\金阳\Documents\我的POPO\eggy_0.5s_0.6s.zip -> 0.6s/measurements.csv
外服0.6s,外服,实测,212,3.533333,27.425800,C:\Users\金阳\Documents\我的POPO\eggy_0.5s_0.6s.zip -> 0.6s/measurements.csv
外服0.6s,外服,实测,213,3.550000,27.691700,C:\Users\金阳\Documents\我的POPO\eggy_0.5s_0.6s.zip -> 0.6s/measurements.csv
外服0.6s,外服,实测,214,3.566667,27.691700,C:\Users\金阳\Documents\我的POPO\eggy_0.5s_0.6s.zip -> 0.6s/measurements.csv
外服0.6s,外服,实测,215,3.583333,27.958700,C:\Users\金阳\Documents\我的POPO\eggy_0.5s_0.6s.zip -> 0.6s/measurements.csv
外服0.6s,外服,实测,216,3.600000,27.958700,C:\Users\金阳\Documents\我的POPO\eggy_0.5s_0.6s.zip -> 0.6s/measurements.csv
外服0.6s,外服,实测,217,3.616667,28.225800,C:\Users\金阳\Documents\我的POPO\eggy_0.5s_0.6s.zip -> 0.6s/measurements.csv
外服0.6s,外服,实测,218,3.633333,28.225800,C:\Users\金阳\Documents\我的POPO\eggy_0.5s_0.6s.zip -> 0.6s/measurements.csv
外服0.6s,外服,实测,219,3.650000,28.491700,C:\Users\金阳\Documents\我的POPO\eggy_0.5s_0.6s.zip -> 0.6s/measurements.csv
外服0.6s,外服,实测,220,3.666667,28.491700,C:\Users\金阳\Documents\我的POPO\eggy_0.5s_0.6s.zip -> 0.6s/measurements.csv
外服0.6s,外服,实测,221,3.683333,28.758700,C:\Users\金阳\Documents\我的POPO\eggy_0.5s_0.6s.zip -> 0.6s/measurements.csv
外服0.6s,外服,实测,222,3.700000,28.758700,C:\Users\金阳\Documents\我的POPO\eggy_0.5s_0.6s.zip -> 0.6s/measurements.csv
外服0.6s,外服,实测,223,3.716667,29.025800,C:\Users\金阳\Documents\我的POPO\eggy_0.5s_0.6s.zip -> 0.6s/measurements.csv
外服0.6s,外服,实测,224,3.733333,29.025800,C:\Users\金阳\Documents\我的POPO\eggy_0.5s_0.6s.zip -> 0.6s/measurements.csv
外服0.6s,外服,实测,225,3.750000,29.291700,C:\Users\金阳\Documents\我的POPO\eggy_0.5s_0.6s.zip -> 0.6s/measurements.csv
外服0.6s,外服,实测,226,3.766667,29.291700,C:\Users\金阳\Documents\我的POPO\eggy_0.5s_0.6s.zip -> 0.6s/measurements.csv
外服0.6s,外服,实测,227,3.783333,29.782700,C:\Users\金阳\Documents\我的POPO\eggy_0.5s_0.6s.zip -> 0.6s/measurements.csv
外服0.6s,外服,实测,228,3.800000,29.782700,C:\Users\金阳\Documents\我的POPO\eggy_0.5s_0.6s.zip -> 0.6s/measurements.csv
外服0.6s,外服,实测,229,3.816667,30.265800,C:\Users\金阳\Documents\我的POPO\eggy_0.5s_0.6s.zip -> 0.6s/measurements.csv
外服0.6s,外服,实测,230,3.833333,30.265800,C:\Users\金阳\Documents\我的POPO\eggy_0.5s_0.6s.zip -> 0.6s/measurements.csv
外服0.6s,外服,实测,231,3.850000,30.738700,C:\Users\金阳\Documents\我的POPO\eggy_0.5s_0.6s.zip -> 0.6s/measurements.csv
外服0.6s,外服,实测,232,3.866667,30.738700,C:\Users\金阳\Documents\我的POPO\eggy_0.5s_0.6s.zip -> 0.6s/measurements.csv
外服0.6s,外服,实测,233,3.883333,31.202700,C:\Users\金阳\Documents\我的POPO\eggy_0.5s_0.6s.zip -> 0.6s/measurements.csv
外服0.6s,外服,实测,234,3.900000,31.202700,C:\Users\金阳\Documents\我的POPO\eggy_0.5s_0.6s.zip -> 0.6s/measurements.csv
外服0.6s,外服,实测,235,3.916667,31.628700,C:\Users\金阳\Documents\我的POPO\eggy_0.5s_0.6s.zip -> 0.6s/measurements.csv
外服0.6s,外服,实测,236,3.933333,31.628700,C:\Users\金阳\Documents\我的POPO\eggy_0.5s_0.6s.zip -> 0.6s/measurements.csv
外服0.6s,外服,实测,237,3.950000,32.015800,C:\Users\金阳\Documents\我的POPO\eggy_0.5s_0.6s.zip -> 0.6s/measurements.csv
外服0.6s,外服,实测,238,3.966667,32.015800,C:\Users\金阳\Documents\我的POPO\eggy_0.5s_0.6s.zip -> 0.6s/measurements.csv
外服0.6s,外服,实测,239,3.983333,32.362700,C:\Users\金阳\Documents\我的POPO\eggy_0.5s_0.6s.zip -> 0.6s/measurements.csv
外服0.6s,外服,实测,240,4.000000,32.362700,C:\Users\金阳\Documents\我的POPO\eggy_0.5s_0.6s.zip -> 0.6s/measurements.csv
外服0.6s,外服,实测,241,4.016667,32.671700,C:\Users\金阳\Documents\我的POPO\eggy_0.5s_0.6s.zip -> 0.6s/measurements.csv
外服0.6s,外服,实测,242,4.033333,32.671700,C:\Users\金阳\Documents\我的POPO\eggy_0.5s_0.6s.zip -> 0.6s/measurements.csv
外服0.6s,外服,实测,243,4.050000,35.048800,C:\Users\金阳\Documents\我的POPO\eggy_0.5s_0.6s.zip -> 0.6s/measurements.csv
外服0.6s,外服,实测,244,4.066667,35.048800,C:\Users\金阳\Documents\我的POPO\eggy_0.5s_0.6s.zip -> 0.6s/measurements.csv
外服0.6s,外服,实测,245,4.083333,35.318700,C:\Users\金阳\Documents\我的POPO\eggy_0.5s_0.6s.zip -> 0.6s/measurements.csv
外服0.6s,外服,实测,246,4.100000,35.318700,C:\Users\金阳\Documents\我的POPO\eggy_0.5s_0.6s.zip -> 0.6s/measurements.csv
外服0.6s,外服,实测,247,4.116667,35.584700,C:\Users\金阳\Documents\我的POPO\eggy_0.5s_0.6s.zip -> 0.6s/measurements.csv
外服0.6s,外服,实测,248,4.133333,35.584700,C:\Users\金阳\Documents\我的POPO\eggy_0.5s_0.6s.zip -> 0.6s/measurements.csv
外服0.6s,外服,实测,249,4.150000,35.788700,C:\Users\金阳\Documents\我的POPO\eggy_0.5s_0.6s.zip -> 0.6s/measurements.csv
外服0.6s,外服,实测,250,4.166667,35.788700,C:\Users\金阳\Documents\我的POPO\eggy_0.5s_0.6s.zip -> 0.6s/measurements.csv
外服0.6s,外服,实测,251,4.183333,35.918700,C:\Users\金阳\Documents\我的POPO\eggy_0.5s_0.6s.zip -> 0.6s/measurements.csv
外服0.6s,外服,实测,252,4.200000,35.918700,C:\Users\金阳\Documents\我的POPO\eggy_0.5s_0.6s.zip -> 0.6s/measurements.csv
外服0.6s,外服,实测,253,4.216667,35.983700,C:\Users\金阳\Documents\我的POPO\eggy_0.5s_0.6s.zip -> 0.6s/measurements.csv
外服0.6s,外服,实测,254,4.233333,35.983700,C:\Users\金阳\Documents\我的POPO\eggy_0.5s_0.6s.zip -> 0.6s/measurements.csv
外服0.6s,外服,实测,255,4.250000,35.994700,C:\Users\金阳\Documents\我的POPO\eggy_0.5s_0.6s.zip -> 0.6s/measurements.csv
外服0.6s,外服,实测,256,4.266667,35.994700,C:\Users\金阳\Documents\我的POPO\eggy_0.5s_0.6s.zip -> 0.6s/measurements.csv
外服0.6s,外服,实测,257,4.283333,35.975700,C:\Users\金阳\Documents\我的POPO\eggy_0.5s_0.6s.zip -> 0.6s/measurements.csv
外服0.6s,外服,实测,258,4.300000,35.975700,C:\Users\金阳\Documents\我的POPO\eggy_0.5s_0.6s.zip -> 0.6s/measurements.csv
外服0.6s,外服,实测,259,4.316667,36.001700,C:\Users\金阳\Documents\我的POPO\eggy_0.5s_0.6s.zip -> 0.6s/measurements.csv
外服0.6s,外服,实测,260,4.333333,36.001700,C:\Users\金阳\Documents\我的POPO\eggy_0.5s_0.6s.zip -> 0.6s/measurements.csv
外服0.6s,外服,实测,261,4.350000,36.100800,C:\Users\金阳\Documents\我的POPO\eggy_0.5s_0.6s.zip -> 0.6s/measurements.csv
外服0.6s,外服,实测,262,4.366667,36.100800,C:\Users\金阳\Documents\我的POPO\eggy_0.5s_0.6s.zip -> 0.6s/measurements.csv
外服0.6s,外服,实测,263,4.383333,36.232700,C:\Users\金阳\Documents\我的POPO\eggy_0.5s_0.6s.zip -> 0.6s/measurements.csv
外服0.6s,外服,实测,264,4.400000,36.232700,C:\Users\金阳\Documents\我的POPO\eggy_0.5s_0.6s.zip -> 0.6s/measurements.csv
外服0.6s,外服,实测,265,4.416667,36.399700,C:\Users\金阳\Documents\我的POPO\eggy_0.5s_0.6s.zip -> 0.6s/measurements.csv
外服0.6s,外服,实测,266,4.433333,36.399700,C:\Users\金阳\Documents\我的POPO\eggy_0.5s_0.6s.zip -> 0.6s/measurements.csv
外服0.6s,外服,实测,267,4.450000,36.596700,C:\Users\金阳\Documents\我的POPO\eggy_0.5s_0.6s.zip -> 0.6s/measurements.csv
外服0.6s,外服,实测,268,4.466667,36.596700,C:\Users\金阳\Documents\我的POPO\eggy_0.5s_0.6s.zip -> 0.6s/measurements.csv
外服0.6s,外服,实测,269,4.483333,36.813700,C:\Users\金阳\Documents\我的POPO\eggy_0.5s_0.6s.zip -> 0.6s/measurements.csv
外服0.6s,外服,实测,270,4.500000,36.813700,C:\Users\金阳\Documents\我的POPO\eggy_0.5s_0.6s.zip -> 0.6s/measurements.csv
外服0.6s,外服,实测,271,4.516667,37.042700,C:\Users\金阳\Documents\我的POPO\eggy_0.5s_0.6s.zip -> 0.6s/measurements.csv
外服0.6s,外服,实测,272,4.533333,37.042700,C:\Users\金阳\Documents\我的POPO\eggy_0.5s_0.6s.zip -> 0.6s/measurements.csv
外服0.6s,外服,实测,273,4.550000,37.324700,C:\Users\金阳\Documents\我的POPO\eggy_0.5s_0.6s.zip -> 0.6s/measurements.csv
外服0.6s,外服,实测,274,4.566667,37.324700,C:\Users\金阳\Documents\我的POPO\eggy_0.5s_0.6s.zip -> 0.6s/measurements.csv
外服0.6s,外服,实测,275,4.583333,37.771700,C:\Users\金阳\Documents\我的POPO\eggy_0.5s_0.6s.zip -> 0.6s/measurements.csv
外服0.6s,外服,实测,276,4.600000,37.771700,C:\Users\金阳\Documents\我的POPO\eggy_0.5s_0.6s.zip -> 0.6s/measurements.csv
外服0.6s,外服,实测,277,4.616667,38.215800,C:\Users\金阳\Documents\我的POPO\eggy_0.5s_0.6s.zip -> 0.6s/measurements.csv
外服0.6s,外服,实测,278,4.633333,38.215800,C:\Users\金阳\Documents\我的POPO\eggy_0.5s_0.6s.zip -> 0.6s/measurements.csv
外服0.6s,外服,实测,279,4.650000,38.654700,C:\Users\金阳\Documents\我的POPO\eggy_0.5s_0.6s.zip -> 0.6s/measurements.csv
外服0.6s,外服,实测,280,4.666667,38.654700,C:\Users\金阳\Documents\我的POPO\eggy_0.5s_0.6s.zip -> 0.6s/measurements.csv
外服0.6s,外服,实测,281,4.683333,39.088700,C:\Users\金阳\Documents\我的POPO\eggy_0.5s_0.6s.zip -> 0.6s/measurements.csv
外服0.6s,外服,实测,282,4.700000,39.088700,C:\Users\金阳\Documents\我的POPO\eggy_0.5s_0.6s.zip -> 0.6s/measurements.csv
外服0.6s,外服,实测,283,4.716667,39.518700,C:\Users\金阳\Documents\我的POPO\eggy_0.5s_0.6s.zip -> 0.6s/measurements.csv
外服0.6s,外服,实测,284,4.733333,39.518700,C:\Users\金阳\Documents\我的POPO\eggy_0.5s_0.6s.zip -> 0.6s/measurements.csv
外服0.6s,外服,实测,285,4.750000,39.944700,C:\Users\金阳\Documents\我的POPO\eggy_0.5s_0.6s.zip -> 0.6s/measurements.csv
外服0.6s,外服,实测,286,4.766667,39.944700,C:\Users\金阳\Documents\我的POPO\eggy_0.5s_0.6s.zip -> 0.6s/measurements.csv
外服0.6s,外服,实测,287,4.783333,40.365800,C:\Users\金阳\Documents\我的POPO\eggy_0.5s_0.6s.zip -> 0.6s/measurements.csv
外服0.6s,外服,实测,288,4.800000,40.365800,C:\Users\金阳\Documents\我的POPO\eggy_0.5s_0.6s.zip -> 0.6s/measurements.csv
外服0.6s,外服,实测,289,4.816667,40.781700,C:\Users\金阳\Documents\我的POPO\eggy_0.5s_0.6s.zip -> 0.6s/measurements.csv
外服0.6s,外服,实测,290,4.833333,40.781700,C:\Users\金阳\Documents\我的POPO\eggy_0.5s_0.6s.zip -> 0.6s/measurements.csv
外服0.6s,外服,实测,291,4.850000,41.194700,C:\Users\金阳\Documents\我的POPO\eggy_0.5s_0.6s.zip -> 0.6s/measurements.csv
外服0.6s,外服,实测,292,4.866667,41.194700,C:\Users\金阳\Documents\我的POPO\eggy_0.5s_0.6s.zip -> 0.6s/measurements.csv
外服0.6s,外服,实测,293,4.883333,41.601700,C:\Users\金阳\Documents\我的POPO\eggy_0.5s_0.6s.zip -> 0.6s/measurements.csv
外服0.6s,外服,实测,294,4.900000,41.601700,C:\Users\金阳\Documents\我的POPO\eggy_0.5s_0.6s.zip -> 0.6s/measurements.csv
外服0.6s,外服,实测,295,4.916667,42.005800,C:\Users\金阳\Documents\我的POPO\eggy_0.5s_0.6s.zip -> 0.6s/measurements.csv
外服0.6s,外服,实测,296,4.933333,42.005800,C:\Users\金阳\Documents\我的POPO\eggy_0.5s_0.6s.zip -> 0.6s/measurements.csv
外服0.6s,外服,实测,297,4.950000,42.404700,C:\Users\金阳\Documents\我的POPO\eggy_0.5s_0.6s.zip -> 0.6s/measurements.csv
外服0.6s,外服,实测,298,4.966667,42.404700,C:\Users\金阳\Documents\我的POPO\eggy_0.5s_0.6s.zip -> 0.6s/measurements.csv
外服0.6s,外服,实测,299,4.983333,42.798700,C:\Users\金阳\Documents\我的POPO\eggy_0.5s_0.6s.zip -> 0.6s/measurements.csv
外服0.6s,外服,实测,300,5.000000,42.798700,C:\Users\金阳\Documents\我的POPO\eggy_0.5s_0.6s.zip -> 0.6s/measurements.csv
外服0.6s,外服,实测,301,5.016667,43.188700,C:\Users\金阳\Documents\我的POPO\eggy_0.5s_0.6s.zip -> 0.6s/measurements.csv
外服0.6s,外服,实测,302,5.033333,43.188700,C:\Users\金阳\Documents\我的POPO\eggy_0.5s_0.6s.zip -> 0.6s/measurements.csv
外服0.6s,外服,实测,303,5.050000,43.574700,C:\Users\金阳\Documents\我的POPO\eggy_0.5s_0.6s.zip -> 0.6s/measurements.csv
外服0.6s,外服,实测,304,5.066667,43.574700,C:\Users\金阳\Documents\我的POPO\eggy_0.5s_0.6s.zip -> 0.6s/measurements.csv
外服0.6s,外服,实测,305,5.083333,43.921700,C:\Users\金阳\Documents\我的POPO\eggy_0.5s_0.6s.zip -> 0.6s/measurements.csv
外服0.6s,外服,实测,306,5.100000,43.921700,C:\Users\金阳\Documents\我的POPO\eggy_0.5s_0.6s.zip -> 0.6s/measurements.csv
外服0.6s,外服,实测,307,5.116667,44.265800,C:\Users\金阳\Documents\我的POPO\eggy_0.5s_0.6s.zip -> 0.6s/measurements.csv
外服0.6s,外服,实测,308,5.133333,44.265800,C:\Users\金阳\Documents\我的POPO\eggy_0.5s_0.6s.zip -> 0.6s/measurements.csv
外服0.6s,外服,实测,309,5.150000,44.604700,C:\Users\金阳\Documents\我的POPO\eggy_0.5s_0.6s.zip -> 0.6s/measurements.csv
外服0.6s,外服,实测,310,5.166667,44.604700,C:\Users\金阳\Documents\我的POPO\eggy_0.5s_0.6s.zip -> 0.6s/measurements.csv
外服0.6s,外服,实测,311,5.183333,44.938700,C:\Users\金阳\Documents\我的POPO\eggy_0.5s_0.6s.zip -> 0.6s/measurements.csv
外服0.6s,外服,实测,312,5.200000,44.938700,C:\Users\金阳\Documents\我的POPO\eggy_0.5s_0.6s.zip -> 0.6s/measurements.csv
外服0.6s,外服,实测,313,5.216667,45.268700,C:\Users\金阳\Documents\我的POPO\eggy_0.5s_0.6s.zip -> 0.6s/measurements.csv
外服0.6s,外服,实测,314,5.233333,45.268700,C:\Users\金阳\Documents\我的POPO\eggy_0.5s_0.6s.zip -> 0.6s/measurements.csv
外服0.6s,外服,实测,315,5.250000,45.594700,C:\Users\金阳\Documents\我的POPO\eggy_0.5s_0.6s.zip -> 0.6s/measurements.csv
外服0.6s,外服,实测,316,5.266667,45.594700,C:\Users\金阳\Documents\我的POPO\eggy_0.5s_0.6s.zip -> 0.6s/measurements.csv
外服0.6s,外服,实测,317,5.283333,45.915800,C:\Users\金阳\Documents\我的POPO\eggy_0.5s_0.6s.zip -> 0.6s/measurements.csv
外服0.6s,外服,实测,318,5.300000,45.915800,C:\Users\金阳\Documents\我的POPO\eggy_0.5s_0.6s.zip -> 0.6s/measurements.csv
外服0.6s,外服,实测,319,5.316667,46.231700,C:\Users\金阳\Documents\我的POPO\eggy_0.5s_0.6s.zip -> 0.6s/measurements.csv
外服0.6s,外服,实测,320,5.333333,46.231700,C:\Users\金阳\Documents\我的POPO\eggy_0.5s_0.6s.zip -> 0.6s/measurements.csv
外服0.6s,外服,实测,321,5.350000,46.544700,C:\Users\金阳\Documents\我的POPO\eggy_0.5s_0.6s.zip -> 0.6s/measurements.csv
外服0.6s,外服,实测,322,5.366667,46.544700,C:\Users\金阳\Documents\我的POPO\eggy_0.5s_0.6s.zip -> 0.6s/measurements.csv
外服0.6s,外服,实测,323,5.383333,46.851700,C:\Users\金阳\Documents\我的POPO\eggy_0.5s_0.6s.zip -> 0.6s/measurements.csv
外服0.6s,外服,实测,324,5.400000,46.851700,C:\Users\金阳\Documents\我的POPO\eggy_0.5s_0.6s.zip -> 0.6s/measurements.csv
外服0.6s,外服,实测,325,5.416667,47.155800,C:\Users\金阳\Documents\我的POPO\eggy_0.5s_0.6s.zip -> 0.6s/measurements.csv
外服0.6s,外服,实测,326,5.433333,47.155800,C:\Users\金阳\Documents\我的POPO\eggy_0.5s_0.6s.zip -> 0.6s/measurements.csv
外服0.6s,外服,实测,327,5.450000,47.414700,C:\Users\金阳\Documents\我的POPO\eggy_0.5s_0.6s.zip -> 0.6s/measurements.csv
外服0.6s,外服,实测,328,5.466667,47.414700,C:\Users\金阳\Documents\我的POPO\eggy_0.5s_0.6s.zip -> 0.6s/measurements.csv
外服0.6s,外服,实测,329,5.483333,47.628700,C:\Users\金阳\Documents\我的POPO\eggy_0.5s_0.6s.zip -> 0.6s/measurements.csv
外服0.6s,外服,实测,330,5.500000,47.628700,C:\Users\金阳\Documents\我的POPO\eggy_0.5s_0.6s.zip -> 0.6s/measurements.csv
外服0.6s,外服,实测,331,5.516667,47.798700,C:\Users\金阳\Documents\我的POPO\eggy_0.5s_0.6s.zip -> 0.6s/measurements.csv
外服0.6s,外服,实测,332,5.533333,47.798700,C:\Users\金阳\Documents\我的POPO\eggy_0.5s_0.6s.zip -> 0.6s/measurements.csv
外服0.6s,外服,实测,333,5.550000,47.924700,C:\Users\金阳\Documents\我的POPO\eggy_0.5s_0.6s.zip -> 0.6s/measurements.csv
外服0.6s,外服,实测,334,5.566667,47.924700,C:\Users\金阳\Documents\我的POPO\eggy_0.5s_0.6s.zip -> 0.6s/measurements.csv
外服0.6s,外服,实测,335,5.583333,48.005800,C:\Users\金阳\Documents\我的POPO\eggy_0.5s_0.6s.zip -> 0.6s/measurements.csv
外服0.6s,外服,实测,336,5.600000,48.005800,C:\Users\金阳\Documents\我的POPO\eggy_0.5s_0.6s.zip -> 0.6s/measurements.csv
外服0.6s,外服,实测,337,5.616667,48.041700,C:\Users\金阳\Documents\我的POPO\eggy_0.5s_0.6s.zip -> 0.6s/measurements.csv
外服0.6s,外服,实测,338,5.633333,48.041700,C:\Users\金阳\Documents\我的POPO\eggy_0.5s_0.6s.zip -> 0.6s/measurements.csv
外服0.6s,外服,实测,339,5.650000,48.041700,C:\Users\金阳\Documents\我的POPO\eggy_0.5s_0.6s.zip -> 0.6s/measurements.csv
外服0.6s,外服,实测,340,5.666667,48.041700,C:\Users\金阳\Documents\我的POPO\eggy_0.5s_0.6s.zip -> 0.6s/measurements.csv
外服0.6s,外服,实测,341,5.683333,48.041700,C:\Users\金阳\Documents\我的POPO\eggy_0.5s_0.6s.zip -> 0.6s/measurements.csv
外服0.6s,外服,实测,342,5.700000,48.041700,C:\Users\金阳\Documents\我的POPO\eggy_0.5s_0.6s.zip -> 0.6s/measurements.csv
外服0.6s,外服,实测,343,5.716667,48.141700,C:\Users\金阳\Documents\我的POPO\eggy_0.5s_0.6s.zip -> 0.6s/measurements.csv
外服0.6s,外服,实测,344,5.733333,48.141700,C:\Users\金阳\Documents\我的POPO\eggy_0.5s_0.6s.zip -> 0.6s/measurements.csv
外服0.6s,外服,实测,345,5.750000,48.275800,C:\Users\金阳\Documents\我的POPO\eggy_0.5s_0.6s.zip -> 0.6s/measurements.csv
外服0.6s,外服,实测,346,5.766667,48.275800,C:\Users\金阳\Documents\我的POPO\eggy_0.5s_0.6s.zip -> 0.6s/measurements.csv
外服0.6s,外服,实测,347,5.783333,48.441700,C:\Users\金阳\Documents\我的POPO\eggy_0.5s_0.6s.zip -> 0.6s/measurements.csv
外服0.6s,外服,实测,348,5.800000,48.441700,C:\Users\金阳\Documents\我的POPO\eggy_0.5s_0.6s.zip -> 0.6s/measurements.csv
外服0.6s,外服,实测,349,5.816667,48.641700,C:\Users\金阳\Documents\我的POPO\eggy_0.5s_0.6s.zip -> 0.6s/measurements.csv
外服0.6s,外服,实测,350,5.833333,48.641700,C:\Users\金阳\Documents\我的POPO\eggy_0.5s_0.6s.zip -> 0.6s/measurements.csv
外服0.6s,外服,实测,351,5.850000,48.855800,C:\Users\金阳\Documents\我的POPO\eggy_0.5s_0.6s.zip -> 0.6s/measurements.csv
外服0.6s,外服,实测,352,5.866667,48.855800,C:\Users\金阳\Documents\我的POPO\eggy_0.5s_0.6s.zip -> 0.6s/measurements.csv
外服0.6s,外服,实测,353,5.883333,49.081700,C:\Users\金阳\Documents\我的POPO\eggy_0.5s_0.6s.zip -> 0.6s/measurements.csv
外服0.6s,外服,实测,354,5.900000,49.081700,C:\Users\金阳\Documents\我的POPO\eggy_0.5s_0.6s.zip -> 0.6s/measurements.csv
外服0.6s,外服,实测,355,5.916667,49.321700,C:\Users\金阳\Documents\我的POPO\eggy_0.5s_0.6s.zip -> 0.6s/measurements.csv
外服0.6s,外服,实测,356,5.933333,49.321700,C:\Users\金阳\Documents\我的POPO\eggy_0.5s_0.6s.zip -> 0.6s/measurements.csv
外服0.6s,外服,实测,357,5.950000,49.575800,C:\Users\金阳\Documents\我的POPO\eggy_0.5s_0.6s.zip -> 0.6s/measurements.csv
外服0.6s,外服,实测,358,5.966667,49.575800,C:\Users\金阳\Documents\我的POPO\eggy_0.5s_0.6s.zip -> 0.6s/measurements.csv
外服0.6s,外服,实测,359,5.983333,49.841700,C:\Users\金阳\Documents\我的POPO\eggy_0.5s_0.6s.zip -> 0.6s/measurements.csv
外服0.6s,外服,实测,360,6.000000,49.841700,C:\Users\金阳\Documents\我的POPO\eggy_0.5s_0.6s.zip -> 0.6s/measurements.csv
外服0.6s,外服,实测,361,6.016667,50.108700,C:\Users\金阳\Documents\我的POPO\eggy_0.5s_0.6s.zip -> 0.6s/measurements.csv
外服0.6s,外服,实测,362,6.033333,50.108700,C:\Users\金阳\Documents\我的POPO\eggy_0.5s_0.6s.zip -> 0.6s/measurements.csv
外服0.6s,外服,实测,363,6.050000,50.375800,C:\Users\金阳\Documents\我的POPO\eggy_0.5s_0.6s.zip -> 0.6s/measurements.csv
外服0.6s,外服,实测,364,6.066667,50.375800,C:\Users\金阳\Documents\我的POPO\eggy_0.5s_0.6s.zip -> 0.6s/measurements.csv
外服0.6s,外服,实测,365,6.083333,50.641700,C:\Users\金阳\Documents\我的POPO\eggy_0.5s_0.6s.zip -> 0.6s/measurements.csv
外服0.6s,外服,实测,366,6.100000,50.641700,C:\Users\金阳\Documents\我的POPO\eggy_0.5s_0.6s.zip -> 0.6s/measurements.csv
外服0.6s,外服,实测,367,6.116667,50.908700,C:\Users\金阳\Documents\我的POPO\eggy_0.5s_0.6s.zip -> 0.6s/measurements.csv
外服0.6s,外服,实测,368,6.133333,50.908700,C:\Users\金阳\Documents\我的POPO\eggy_0.5s_0.6s.zip -> 0.6s/measurements.csv
外服0.6s,外服,实测,369,6.150000,51.175800,C:\Users\金阳\Documents\我的POPO\eggy_0.5s_0.6s.zip -> 0.6s/measurements.csv
外服0.6s,外服,实测,370,6.166667,51.175800,C:\Users\金阳\Documents\我的POPO\eggy_0.5s_0.6s.zip -> 0.6s/measurements.csv
外服0.6s,外服,实测,371,6.183333,51.441700,C:\Users\金阳\Documents\我的POPO\eggy_0.5s_0.6s.zip -> 0.6s/measurements.csv
外服0.6s,外服,实测,372,6.200000,51.441700,C:\Users\金阳\Documents\我的POPO\eggy_0.5s_0.6s.zip -> 0.6s/measurements.csv
外服0.6s,外服,实测,373,6.216667,51.708700,C:\Users\金阳\Documents\我的POPO\eggy_0.5s_0.6s.zip -> 0.6s/measurements.csv
外服0.6s,外服,实测,374,6.233333,51.708700,C:\Users\金阳\Documents\我的POPO\eggy_0.5s_0.6s.zip -> 0.6s/measurements.csv
外服0.6s,外服,实测,375,6.250000,51.975800,C:\Users\金阳\Documents\我的POPO\eggy_0.5s_0.6s.zip -> 0.6s/measurements.csv
外服0.6s,外服,实测,376,6.266667,51.975800,C:\Users\金阳\Documents\我的POPO\eggy_0.5s_0.6s.zip -> 0.6s/measurements.csv
外服0.6s,外服,实测,377,6.283333,52.241700,C:\Users\金阳\Documents\我的POPO\eggy_0.5s_0.6s.zip -> 0.6s/measurements.csv
外服0.6s,外服,实测,378,6.300000,52.241700,C:\Users\金阳\Documents\我的POPO\eggy_0.5s_0.6s.zip -> 0.6s/measurements.csv
外服0.6s,外服,实测,379,6.316667,52.508700,C:\Users\金阳\Documents\我的POPO\eggy_0.5s_0.6s.zip -> 0.6s/measurements.csv
外服0.6s,外服,实测,380,6.333333,52.508700,C:\Users\金阳\Documents\我的POPO\eggy_0.5s_0.6s.zip -> 0.6s/measurements.csv
外服0.6s,外服,实测,381,6.350000,52.775800,C:\Users\金阳\Documents\我的POPO\eggy_0.5s_0.6s.zip -> 0.6s/measurements.csv
外服0.6s,外服,实测,382,6.366667,52.775800,C:\Users\金阳\Documents\我的POPO\eggy_0.5s_0.6s.zip -> 0.6s/measurements.csv
外服0.6s,外服,实测,383,6.383333,53.041700,C:\Users\金阳\Documents\我的POPO\eggy_0.5s_0.6s.zip -> 0.6s/measurements.csv
外服0.6s,外服,实测,384,6.400000,53.041700,C:\Users\金阳\Documents\我的POPO\eggy_0.5s_0.6s.zip -> 0.6s/measurements.csv
外服0.6s,外服,实测,385,6.416667,53.308700,C:\Users\金阳\Documents\我的POPO\eggy_0.5s_0.6s.zip -> 0.6s/measurements.csv
外服0.6s,外服,实测,386,6.433333,53.308700,C:\Users\金阳\Documents\我的POPO\eggy_0.5s_0.6s.zip -> 0.6s/measurements.csv
外服0.6s,外服,实测,387,6.450000,53.575800,C:\Users\金阳\Documents\我的POPO\eggy_0.5s_0.6s.zip -> 0.6s/measurements.csv
外服0.6s,外服,实测,388,6.466667,53.575800,C:\Users\金阳\Documents\我的POPO\eggy_0.5s_0.6s.zip -> 0.6s/measurements.csv
外服0.6s,外服,实测,389,6.483333,53.841700,C:\Users\金阳\Documents\我的POPO\eggy_0.5s_0.6s.zip -> 0.6s/measurements.csv
外服0.6s,外服,实测,390,6.500000,53.841700,C:\Users\金阳\Documents\我的POPO\eggy_0.5s_0.6s.zip -> 0.6s/measurements.csv
外服0.6s,外服,实测,391,6.516667,54.108700,C:\Users\金阳\Documents\我的POPO\eggy_0.5s_0.6s.zip -> 0.6s/measurements.csv
外服0.6s,外服,实测,392,6.533333,54.108700,C:\Users\金阳\Documents\我的POPO\eggy_0.5s_0.6s.zip -> 0.6s/measurements.csv
外服0.6s,外服,实测,393,6.550000,54.375800,C:\Users\金阳\Documents\我的POPO\eggy_0.5s_0.6s.zip -> 0.6s/measurements.csv
外服0.6s,外服,实测,394,6.566667,54.375800,C:\Users\金阳\Documents\我的POPO\eggy_0.5s_0.6s.zip -> 0.6s/measurements.csv
外服0.6s,外服,实测,395,6.583333,54.866700,C:\Users\金阳\Documents\我的POPO\eggy_0.5s_0.6s.zip -> 0.6s/measurements.csv
外服0.6s,外服,实测,396,6.600000,54.866700,C:\Users\金阳\Documents\我的POPO\eggy_0.5s_0.6s.zip -> 0.6s/measurements.csv
外服0.6s,外服,实测,397,6.616667,55.348700,C:\Users\金阳\Documents\我的POPO\eggy_0.5s_0.6s.zip -> 0.6s/measurements.csv
外服0.6s,外服,实测,398,6.633333,55.348700,C:\Users\金阳\Documents\我的POPO\eggy_0.5s_0.6s.zip -> 0.6s/measurements.csv
外服0.6s,外服,实测,399,6.650000,55.821700,C:\Users\金阳\Documents\我的POPO\eggy_0.5s_0.6s.zip -> 0.6s/measurements.csv
外服0.6s,外服,实测,400,6.666667,55.821700,C:\Users\金阳\Documents\我的POPO\eggy_0.5s_0.6s.zip -> 0.6s/measurements.csv
外服0.6s,外服,实测,401,6.683333,56.286700,C:\Users\金阳\Documents\我的POPO\eggy_0.5s_0.6s.zip -> 0.6s/measurements.csv
外服0.6s,外服,实测,402,6.700000,56.286700,C:\Users\金阳\Documents\我的POPO\eggy_0.5s_0.6s.zip -> 0.6s/measurements.csv
外服0.6s,外服,实测,403,6.716667,56.711700,C:\Users\金阳\Documents\我的POPO\eggy_0.5s_0.6s.zip -> 0.6s/measurements.csv
外服0.6s,外服,实测,404,6.733333,56.711700,C:\Users\金阳\Documents\我的POPO\eggy_0.5s_0.6s.zip -> 0.6s/measurements.csv
外服0.6s,外服,实测,405,6.750000,57.098700,C:\Users\金阳\Documents\我的POPO\eggy_0.5s_0.6s.zip -> 0.6s/measurements.csv
外服0.6s,外服,实测,406,6.766667,57.098700,C:\Users\金阳\Documents\我的POPO\eggy_0.5s_0.6s.zip -> 0.6s/measurements.csv
外服0.6s,外服,实测,407,6.783333,57.446700,C:\Users\金阳\Documents\我的POPO\eggy_0.5s_0.6s.zip -> 0.6s/measurements.csv
外服0.6s,外服,实测,408,6.800000,57.446700,C:\Users\金阳\Documents\我的POPO\eggy_0.5s_0.6s.zip -> 0.6s/measurements.csv
外服0.6s,外服,实测,409,6.816667,59.829700,C:\Users\金阳\Documents\我的POPO\eggy_0.5s_0.6s.zip -> 0.6s/measurements.csv
外服0.6s,外服,实测,410,6.833333,59.829700,C:\Users\金阳\Documents\我的POPO\eggy_0.5s_0.6s.zip -> 0.6s/measurements.csv
外服0.6s,外服,实测,411,6.850000,60.145700,C:\Users\金阳\Documents\我的POPO\eggy_0.5s_0.6s.zip -> 0.6s/measurements.csv
外服0.6s,外服,实测,412,6.866667,60.145700,C:\Users\金阳\Documents\我的POPO\eggy_0.5s_0.6s.zip -> 0.6s/measurements.csv
外服0.6s,外服,实测,413,6.883333,60.465700,C:\Users\金阳\Documents\我的POPO\eggy_0.5s_0.6s.zip -> 0.6s/measurements.csv
外服0.6s,外服,实测,414,6.900000,60.465700,C:\Users\金阳\Documents\我的POPO\eggy_0.5s_0.6s.zip -> 0.6s/measurements.csv
外服0.6s,外服,实测,415,6.916667,60.721700,C:\Users\金阳\Documents\我的POPO\eggy_0.5s_0.6s.zip -> 0.6s/measurements.csv
外服0.6s,外服,实测,416,6.933333,60.721700,C:\Users\金阳\Documents\我的POPO\eggy_0.5s_0.6s.zip -> 0.6s/measurements.csv
外服0.6s,外服,实测,417,6.950000,60.899700,C:\Users\金阳\Documents\我的POPO\eggy_0.5s_0.6s.zip -> 0.6s/measurements.csv
外服0.6s,外服,实测,418,6.966667,60.899700,C:\Users\金阳\Documents\我的POPO\eggy_0.5s_0.6s.zip -> 0.6s/measurements.csv
外服0.6s,外服,实测,419,6.983333,61.009700,C:\Users\金阳\Documents\我的POPO\eggy_0.5s_0.6s.zip -> 0.6s/measurements.csv
外服0.6s,外服,实测,420,7.000000,61.009700,C:\Users\金阳\Documents\我的POPO\eggy_0.5s_0.6s.zip -> 0.6s/measurements.csv
外服0.6s,外服,实测,421,7.016667,61.064700,C:\Users\金阳\Documents\我的POPO\eggy_0.5s_0.6s.zip -> 0.6s/measurements.csv
外服0.6s,外服,实测,422,7.033333,61.064700,C:\Users\金阳\Documents\我的POPO\eggy_0.5s_0.6s.zip -> 0.6s/measurements.csv
外服0.6s,外服,实测,423,7.050000,61.073700,C:\Users\金阳\Documents\我的POPO\eggy_0.5s_0.6s.zip -> 0.6s/measurements.csv
外服0.6s,外服,实测,424,7.066667,61.073700,C:\Users\金阳\Documents\我的POPO\eggy_0.5s_0.6s.zip -> 0.6s/measurements.csv
外服0.6s,外服,实测,425,7.083333,61.105700,C:\Users\金阳\Documents\我的POPO\eggy_0.5s_0.6s.zip -> 0.6s/measurements.csv
外服0.6s,外服,实测,426,7.100000,61.105700,C:\Users\金阳\Documents\我的POPO\eggy_0.5s_0.6s.zip -> 0.6s/measurements.csv
外服0.6s,外服,实测,427,7.116667,61.196700,C:\Users\金阳\Documents\我的POPO\eggy_0.5s_0.6s.zip -> 0.6s/measurements.csv
外服0.6s,外服,实测,428,7.133333,61.196700,C:\Users\金阳\Documents\我的POPO\eggy_0.5s_0.6s.zip -> 0.6s/measurements.csv
外服0.6s,外服,实测,429,7.150000,61.322700,C:\Users\金阳\Documents\我的POPO\eggy_0.5s_0.6s.zip -> 0.6s/measurements.csv
外服0.6s,外服,实测,430,7.166667,61.322700,C:\Users\金阳\Documents\我的POPO\eggy_0.5s_0.6s.zip -> 0.6s/measurements.csv
外服0.6s,外服,实测,431,7.183333,61.485700,C:\Users\金阳\Documents\我的POPO\eggy_0.5s_0.6s.zip -> 0.6s/measurements.csv
外服0.6s,外服,实测,432,7.200000,61.485700,C:\Users\金阳\Documents\我的POPO\eggy_0.5s_0.6s.zip -> 0.6s/measurements.csv
外服0.6s,外服,实测,433,7.216667,61.679700,C:\Users\金阳\Documents\我的POPO\eggy_0.5s_0.6s.zip -> 0.6s/measurements.csv
外服0.6s,外服,实测,434,7.233333,61.679700,C:\Users\金阳\Documents\我的POPO\eggy_0.5s_0.6s.zip -> 0.6s/measurements.csv
外服0.6s,外服,实测,435,7.250000,61.894700,C:\Users\金阳\Documents\我的POPO\eggy_0.5s_0.6s.zip -> 0.6s/measurements.csv
外服0.6s,外服,实测,436,7.266667,61.894700,C:\Users\金阳\Documents\我的POPO\eggy_0.5s_0.6s.zip -> 0.6s/measurements.csv
外服0.6s,外服,实测,437,7.283333,62.124700,C:\Users\金阳\Documents\我的POPO\eggy_0.5s_0.6s.zip -> 0.6s/measurements.csv
外服0.6s,外服,实测,438,7.300000,62.124700,C:\Users\金阳\Documents\我的POPO\eggy_0.5s_0.6s.zip -> 0.6s/measurements.csv
外服0.6s,外服,实测,439,7.316667,62.364700,C:\Users\金阳\Documents\我的POPO\eggy_0.5s_0.6s.zip -> 0.6s/measurements.csv
外服0.6s,外服,实测,440,7.333333,62.364700,C:\Users\金阳\Documents\我的POPO\eggy_0.5s_0.6s.zip -> 0.6s/measurements.csv
外服0.6s,外服,实测,441,7.350000,62.640700,C:\Users\金阳\Documents\我的POPO\eggy_0.5s_0.6s.zip -> 0.6s/measurements.csv
外服0.6s,外服,实测,442,7.366667,62.640700,C:\Users\金阳\Documents\我的POPO\eggy_0.5s_0.6s.zip -> 0.6s/measurements.csv
外服0.6s,外服,实测,443,7.383333,63.090700,C:\Users\金阳\Documents\我的POPO\eggy_0.5s_0.6s.zip -> 0.6s/measurements.csv
外服0.6s,外服,实测,444,7.400000,63.090700,C:\Users\金阳\Documents\我的POPO\eggy_0.5s_0.6s.zip -> 0.6s/measurements.csv
外服0.6s,外服,实测,445,7.416667,63.536700,C:\Users\金阳\Documents\我的POPO\eggy_0.5s_0.6s.zip -> 0.6s/measurements.csv
外服0.6s,外服,实测,446,7.433333,63.536700,C:\Users\金阳\Documents\我的POPO\eggy_0.5s_0.6s.zip -> 0.6s/measurements.csv
外服0.6s,外服,实测,447,7.450000,63.977700,C:\Users\金阳\Documents\我的POPO\eggy_0.5s_0.6s.zip -> 0.6s/measurements.csv
外服0.6s,外服,实测,448,7.466667,63.977700,C:\Users\金阳\Documents\我的POPO\eggy_0.5s_0.6s.zip -> 0.6s/measurements.csv
外服0.6s,外服,实测,449,7.483333,64.414700,C:\Users\金阳\Documents\我的POPO\eggy_0.5s_0.6s.zip -> 0.6s/measurements.csv
外服0.6s,外服,实测,450,7.500000,64.414700,C:\Users\金阳\Documents\我的POPO\eggy_0.5s_0.6s.zip -> 0.6s/measurements.csv
外服0.6s,外服,实测,451,7.516667,64.846700,C:\Users\金阳\Documents\我的POPO\eggy_0.5s_0.6s.zip -> 0.6s/measurements.csv
外服0.6s,外服,实测,452,7.533333,64.846700,C:\Users\金阳\Documents\我的POPO\eggy_0.5s_0.6s.zip -> 0.6s/measurements.csv
外服0.6s,外服,实测,453,7.550000,65.274700,C:\Users\金阳\Documents\我的POPO\eggy_0.5s_0.6s.zip -> 0.6s/measurements.csv
外服0.6s,外服,实测,454,7.566667,65.274700,C:\Users\金阳\Documents\我的POPO\eggy_0.5s_0.6s.zip -> 0.6s/measurements.csv
外服0.6s,外服,实测,455,7.583333,65.697700,C:\Users\金阳\Documents\我的POPO\eggy_0.5s_0.6s.zip -> 0.6s/measurements.csv
外服0.6s,外服,实测,456,7.600000,65.697700,C:\Users\金阳\Documents\我的POPO\eggy_0.5s_0.6s.zip -> 0.6s/measurements.csv
外服0.6s,外服,实测,457,7.616667,66.116700,C:\Users\金阳\Documents\我的POPO\eggy_0.5s_0.6s.zip -> 0.6s/measurements.csv
外服0.6s,外服,实测,458,7.633333,66.116700,C:\Users\金阳\Documents\我的POPO\eggy_0.5s_0.6s.zip -> 0.6s/measurements.csv
外服0.6s,外服,实测,459,7.650000,66.530700,C:\Users\金阳\Documents\我的POPO\eggy_0.5s_0.6s.zip -> 0.6s/measurements.csv
外服0.6s,外服,实测,460,7.666667,66.530700,C:\Users\金阳\Documents\我的POPO\eggy_0.5s_0.6s.zip -> 0.6s/measurements.csv
外服0.6s,外服,实测,461,7.683333,66.940700,C:\Users\金阳\Documents\我的POPO\eggy_0.5s_0.6s.zip -> 0.6s/measurements.csv
外服0.6s,外服,实测,462,7.700000,66.940700,C:\Users\金阳\Documents\我的POPO\eggy_0.5s_0.6s.zip -> 0.6s/measurements.csv
外服0.6s,外服,实测,463,7.716667,67.346700,C:\Users\金阳\Documents\我的POPO\eggy_0.5s_0.6s.zip -> 0.6s/measurements.csv
外服0.6s,外服,实测,464,7.733333,67.346700,C:\Users\金阳\Documents\我的POPO\eggy_0.5s_0.6s.zip -> 0.6s/measurements.csv
外服0.6s,外服,实测,465,7.750000,67.747700,C:\Users\金阳\Documents\我的POPO\eggy_0.5s_0.6s.zip -> 0.6s/measurements.csv
外服0.6s,外服,实测,466,7.766667,67.747700,C:\Users\金阳\Documents\我的POPO\eggy_0.5s_0.6s.zip -> 0.6s/measurements.csv
外服0.6s,外服,实测,467,7.783333,68.144700,C:\Users\金阳\Documents\我的POPO\eggy_0.5s_0.6s.zip -> 0.6s/measurements.csv
外服0.6s,外服,实测,468,7.800000,68.144700,C:\Users\金阳\Documents\我的POPO\eggy_0.5s_0.6s.zip -> 0.6s/measurements.csv
外服0.6s,外服,实测,469,7.816667,68.536700,C:\Users\金阳\Documents\我的POPO\eggy_0.5s_0.6s.zip -> 0.6s/measurements.csv
外服0.6s,外服,实测,470,7.833333,68.536700,C:\Users\金阳\Documents\我的POPO\eggy_0.5s_0.6s.zip -> 0.6s/measurements.csv
外服0.6s,外服,实测,471,7.850000,68.924700,C:\Users\金阳\Documents\我的POPO\eggy_0.5s_0.6s.zip -> 0.6s/measurements.csv
外服0.6s,外服,实测,472,7.866667,68.924700,C:\Users\金阳\Documents\我的POPO\eggy_0.5s_0.6s.zip -> 0.6s/measurements.csv
外服0.6s,外服,实测,473,7.883333,69.274700,C:\Users\金阳\Documents\我的POPO\eggy_0.5s_0.6s.zip -> 0.6s/measurements.csv
外服0.6s,外服,实测,474,7.900000,69.274700,C:\Users\金阳\Documents\我的POPO\eggy_0.5s_0.6s.zip -> 0.6s/measurements.csv
外服0.6s,外服,实测,475,7.916667,69.619700,C:\Users\金阳\Documents\我的POPO\eggy_0.5s_0.6s.zip -> 0.6s/measurements.csv
外服0.6s,外服,实测,476,7.933333,69.619700,C:\Users\金阳\Documents\我的POPO\eggy_0.5s_0.6s.zip -> 0.6s/measurements.csv
外服0.6s,外服,实测,477,7.950000,69.960700,C:\Users\金阳\Documents\我的POPO\eggy_0.5s_0.6s.zip -> 0.6s/measurements.csv
外服0.6s,外服,实测,478,7.966667,69.960700,C:\Users\金阳\Documents\我的POPO\eggy_0.5s_0.6s.zip -> 0.6s/measurements.csv
外服0.6s,外服,实测,479,7.983333,70.297700,C:\Users\金阳\Documents\我的POPO\eggy_0.5s_0.6s.zip -> 0.6s/measurements.csv
外服0.6s,外服,实测,480,8.000000,70.297700,C:\Users\金阳\Documents\我的POPO\eggy_0.5s_0.6s.zip -> 0.6s/measurements.csv
外服0.6s,外服,实测,481,8.016667,70.629700,C:\Users\金阳\Documents\我的POPO\eggy_0.5s_0.6s.zip -> 0.6s/measurements.csv
外服0.6s,外服,实测,482,8.033333,70.629700,C:\Users\金阳\Documents\我的POPO\eggy_0.5s_0.6s.zip -> 0.6s/measurements.csv
外服0.6s,外服,实测,483,8.050000,70.957700,C:\Users\金阳\Documents\我的POPO\eggy_0.5s_0.6s.zip -> 0.6s/measurements.csv
外服0.6s,外服,实测,484,8.066667,70.957700,C:\Users\金阳\Documents\我的POPO\eggy_0.5s_0.6s.zip -> 0.6s/measurements.csv
外服0.6s,外服,实测,485,8.083333,71.280700,C:\Users\金阳\Documents\我的POPO\eggy_0.5s_0.6s.zip -> 0.6s/measurements.csv
外服0.6s,外服,实测,486,8.100000,71.280700,C:\Users\金阳\Documents\我的POPO\eggy_0.5s_0.6s.zip -> 0.6s/measurements.csv
外服0.6s,外服,实测,487,8.116667,71.599700,C:\Users\金阳\Documents\我的POPO\eggy_0.5s_0.6s.zip -> 0.6s/measurements.csv
外服0.6s,外服,实测,488,8.133333,71.599700,C:\Users\金阳\Documents\我的POPO\eggy_0.5s_0.6s.zip -> 0.6s/measurements.csv
外服0.6s,外服,实测,489,8.150000,71.914700,C:\Users\金阳\Documents\我的POPO\eggy_0.5s_0.6s.zip -> 0.6s/measurements.csv
外服0.6s,外服,实测,490,8.166667,71.914700,C:\Users\金阳\Documents\我的POPO\eggy_0.5s_0.6s.zip -> 0.6s/measurements.csv
外服0.6s,外服,实测,491,8.183333,72.184700,C:\Users\金阳\Documents\我的POPO\eggy_0.5s_0.6s.zip -> 0.6s/measurements.csv
外服0.6s,外服,实测,492,8.200000,72.184700,C:\Users\金阳\Documents\我的POPO\eggy_0.5s_0.6s.zip -> 0.6s/measurements.csv
外服0.6s,外服,实测,493,8.216667,72.409700,C:\Users\金阳\Documents\我的POPO\eggy_0.5s_0.6s.zip -> 0.6s/measurements.csv
外服0.6s,外服,实测,494,8.233333,72.409700,C:\Users\金阳\Documents\我的POPO\eggy_0.5s_0.6s.zip -> 0.6s/measurements.csv
外服0.6s,外服,实测,495,8.250000,72.590700,C:\Users\金阳\Documents\我的POPO\eggy_0.5s_0.6s.zip -> 0.6s/measurements.csv
外服0.6s,外服,实测,496,8.266667,72.590700,C:\Users\金阳\Documents\我的POPO\eggy_0.5s_0.6s.zip -> 0.6s/measurements.csv
外服0.6s,外服,实测,497,8.283333,72.727700,C:\Users\金阳\Documents\我的POPO\eggy_0.5s_0.6s.zip -> 0.6s/measurements.csv
外服0.6s,外服,实测,498,8.300000,72.727700,C:\Users\金阳\Documents\我的POPO\eggy_0.5s_0.6s.zip -> 0.6s/measurements.csv
外服0.6s,外服,实测,499,8.316667,72.819700,C:\Users\金阳\Documents\我的POPO\eggy_0.5s_0.6s.zip -> 0.6s/measurements.csv
外服0.6s,外服,实测,500,8.333333,72.819700,C:\Users\金阳\Documents\我的POPO\eggy_0.5s_0.6s.zip -> 0.6s/measurements.csv
外服0.6s,外服,实测,501,8.350000,72.867700,C:\Users\金阳\Documents\我的POPO\eggy_0.5s_0.6s.zip -> 0.6s/measurements.csv
外服0.6s,外服,实测,502,8.366667,72.867700,C:\Users\金阳\Documents\我的POPO\eggy_0.5s_0.6s.zip -> 0.6s/measurements.csv
外服0.6s,外服,实测,503,8.383333,72.870700,C:\Users\金阳\Documents\我的POPO\eggy_0.5s_0.6s.zip -> 0.6s/measurements.csv
外服0.6s,外服,实测,504,8.400000,72.870700,C:\Users\金阳\Documents\我的POPO\eggy_0.5s_0.6s.zip -> 0.6s/measurements.csv
外服0.6s,外服,实测,505,8.416667,72.870700,C:\Users\金阳\Documents\我的POPO\eggy_0.5s_0.6s.zip -> 0.6s/measurements.csv
外服0.6s,外服,实测,506,8.433333,72.870700,C:\Users\金阳\Documents\我的POPO\eggy_0.5s_0.6s.zip -> 0.6s/measurements.csv
外服0.6s,外服,实测,507,8.450000,72.870700,C:\Users\金阳\Documents\我的POPO\eggy_0.5s_0.6s.zip -> 0.6s/measurements.csv
外服0.6s,外服,实测,508,8.466667,72.870700,C:\Users\金阳\Documents\我的POPO\eggy_0.5s_0.6s.zip -> 0.6s/measurements.csv
外服0.6s,外服,实测,509,8.483333,72.870700,C:\Users\金阳\Documents\我的POPO\eggy_0.5s_0.6s.zip -> 0.6s/measurements.csv
外服0.6s,外服,实测,510,8.500000,72.870700,C:\Users\金阳\Documents\我的POPO\eggy_0.5s_0.6s.zip -> 0.6s/measurements.csv
外服0.6s,外服,实测,511,8.516667,72.970700,C:\Users\金阳\Documents\我的POPO\eggy_0.5s_0.6s.zip -> 0.6s/measurements.csv
外服0.6s,外服,实测,512,8.533333,72.970700,C:\Users\金阳\Documents\我的POPO\eggy_0.5s_0.6s.zip -> 0.6s/measurements.csv
外服0.6s,外服,实测,513,8.550000,73.104700,C:\Users\金阳\Documents\我的POPO\eggy_0.5s_0.6s.zip -> 0.6s/measurements.csv
外服0.6s,外服,实测,514,8.566667,73.104700,C:\Users\金阳\Documents\我的POPO\eggy_0.5s_0.6s.zip -> 0.6s/measurements.csv
外服0.6s,外服,实测,515,8.583333,73.270700,C:\Users\金阳\Documents\我的POPO\eggy_0.5s_0.6s.zip -> 0.6s/measurements.csv
外服0.6s,外服,实测,516,8.600000,73.270700,C:\Users\金阳\Documents\我的POPO\eggy_0.5s_0.6s.zip -> 0.6s/measurements.csv
外服0.6s,外服,实测,517,8.616667,73.470700,C:\Users\金阳\Documents\我的POPO\eggy_0.5s_0.6s.zip -> 0.6s/measurements.csv
外服0.6s,外服,实测,518,8.633333,73.470700,C:\Users\金阳\Documents\我的POPO\eggy_0.5s_0.6s.zip -> 0.6s/measurements.csv
外服0.6s,外服,实测,519,8.650000,73.684700,C:\Users\金阳\Documents\我的POPO\eggy_0.5s_0.6s.zip -> 0.6s/measurements.csv
外服0.6s,外服,实测,520,8.666667,73.684700,C:\Users\金阳\Documents\我的POPO\eggy_0.5s_0.6s.zip -> 0.6s/measurements.csv
外服0.6s,外服,实测,521,8.683333,73.910700,C:\Users\金阳\Documents\我的POPO\eggy_0.5s_0.6s.zip -> 0.6s/measurements.csv
外服0.6s,外服,实测,522,8.700000,73.910700,C:\Users\金阳\Documents\我的POPO\eggy_0.5s_0.6s.zip -> 0.6s/measurements.csv
外服0.6s,外服,实测,523,8.716667,74.150700,C:\Users\金阳\Documents\我的POPO\eggy_0.5s_0.6s.zip -> 0.6s/measurements.csv
外服0.6s,外服,实测,524,8.733333,74.150700,C:\Users\金阳\Documents\我的POPO\eggy_0.5s_0.6s.zip -> 0.6s/measurements.csv
外服0.6s,外服,实测,525,8.750000,74.404700,C:\Users\金阳\Documents\我的POPO\eggy_0.5s_0.6s.zip -> 0.6s/measurements.csv
外服0.6s,外服,实测,526,8.766667,74.404700,C:\Users\金阳\Documents\我的POPO\eggy_0.5s_0.6s.zip -> 0.6s/measurements.csv
外服0.6s,外服,实测,527,8.783333,74.670700,C:\Users\金阳\Documents\我的POPO\eggy_0.5s_0.6s.zip -> 0.6s/measurements.csv
外服0.6s,外服,实测,528,8.800000,74.670700,C:\Users\金阳\Documents\我的POPO\eggy_0.5s_0.6s.zip -> 0.6s/measurements.csv
外服0.6s,外服,实测,529,8.816667,74.937700,C:\Users\金阳\Documents\我的POPO\eggy_0.5s_0.6s.zip -> 0.6s/measurements.csv
外服0.6s,外服,实测,530,8.833333,74.937700,C:\Users\金阳\Documents\我的POPO\eggy_0.5s_0.6s.zip -> 0.6s/measurements.csv
外服0.6s,外服,实测,531,8.850000,75.204700,C:\Users\金阳\Documents\我的POPO\eggy_0.5s_0.6s.zip -> 0.6s/measurements.csv
外服0.6s,外服,实测,532,8.866667,75.204700,C:\Users\金阳\Documents\我的POPO\eggy_0.5s_0.6s.zip -> 0.6s/measurements.csv
外服0.6s,外服,实测,533,8.883333,75.470700,C:\Users\金阳\Documents\我的POPO\eggy_0.5s_0.6s.zip -> 0.6s/measurements.csv
外服0.6s,外服,实测,534,8.900000,75.470700,C:\Users\金阳\Documents\我的POPO\eggy_0.5s_0.6s.zip -> 0.6s/measurements.csv
外服0.6s,外服,实测,535,8.916667,75.737700,C:\Users\金阳\Documents\我的POPO\eggy_0.5s_0.6s.zip -> 0.6s/measurements.csv
外服0.6s,外服,实测,536,8.933333,75.737700,C:\Users\金阳\Documents\我的POPO\eggy_0.5s_0.6s.zip -> 0.6s/measurements.csv
外服0.6s,外服,实测,537,8.950000,76.004700,C:\Users\金阳\Documents\我的POPO\eggy_0.5s_0.6s.zip -> 0.6s/measurements.csv
外服0.6s,外服,实测,538,8.966667,76.004700,C:\Users\金阳\Documents\我的POPO\eggy_0.5s_0.6s.zip -> 0.6s/measurements.csv
外服0.6s,外服,实测,539,8.983333,76.270700,C:\Users\金阳\Documents\我的POPO\eggy_0.5s_0.6s.zip -> 0.6s/measurements.csv
外服0.6s,外服,实测,540,9.000000,76.270700,C:\Users\金阳\Documents\我的POPO\eggy_0.5s_0.6s.zip -> 0.6s/measurements.csv
外服0.6s,外服,实测,541,9.016667,76.537700,C:\Users\金阳\Documents\我的POPO\eggy_0.5s_0.6s.zip -> 0.6s/measurements.csv
外服0.6s,外服,实测,542,9.033333,76.537700,C:\Users\金阳\Documents\我的POPO\eggy_0.5s_0.6s.zip -> 0.6s/measurements.csv
外服0.6s,外服,实测,543,9.050000,76.804700,C:\Users\金阳\Documents\我的POPO\eggy_0.5s_0.6s.zip -> 0.6s/measurements.csv
外服0.6s,外服,实测,544,9.066667,76.804700,C:\Users\金阳\Documents\我的POPO\eggy_0.5s_0.6s.zip -> 0.6s/measurements.csv
外服0.6s,外服,实测,545,9.083333,77.070700,C:\Users\金阳\Documents\我的POPO\eggy_0.5s_0.6s.zip -> 0.6s/measurements.csv
外服0.6s,外服,实测,546,9.100000,77.070700,C:\Users\金阳\Documents\我的POPO\eggy_0.5s_0.6s.zip -> 0.6s/measurements.csv
外服0.6s,外服,实测,547,9.116667,77.337700,C:\Users\金阳\Documents\我的POPO\eggy_0.5s_0.6s.zip -> 0.6s/measurements.csv
外服0.6s,外服,实测,548,9.133333,77.337700,C:\Users\金阳\Documents\我的POPO\eggy_0.5s_0.6s.zip -> 0.6s/measurements.csv
外服0.6s,外服,实测,549,9.150000,77.604700,C:\Users\金阳\Documents\我的POPO\eggy_0.5s_0.6s.zip -> 0.6s/measurements.csv
外服0.6s,外服,实测,550,9.166667,77.604700,C:\Users\金阳\Documents\我的POPO\eggy_0.5s_0.6s.zip -> 0.6s/measurements.csv
外服0.6s,外服,实测,551,9.183333,77.870700,C:\Users\金阳\Documents\我的POPO\eggy_0.5s_0.6s.zip -> 0.6s/measurements.csv
外服0.6s,外服,实测,552,9.200000,77.870700,C:\Users\金阳\Documents\我的POPO\eggy_0.5s_0.6s.zip -> 0.6s/measurements.csv
外服0.6s,外服,实测,553,9.216667,78.137700,C:\Users\金阳\Documents\我的POPO\eggy_0.5s_0.6s.zip -> 0.6s/measurements.csv
外服0.6s,外服,实测,554,9.233333,78.137700,C:\Users\金阳\Documents\我的POPO\eggy_0.5s_0.6s.zip -> 0.6s/measurements.csv
外服0.6s,外服,实测,555,9.250000,78.404700,C:\Users\金阳\Documents\我的POPO\eggy_0.5s_0.6s.zip -> 0.6s/measurements.csv
外服0.6s,外服,实测,556,9.266667,78.404700,C:\Users\金阳\Documents\我的POPO\eggy_0.5s_0.6s.zip -> 0.6s/measurements.csv
外服0.6s,外服,实测,557,9.283333,78.670700,C:\Users\金阳\Documents\我的POPO\eggy_0.5s_0.6s.zip -> 0.6s/measurements.csv
外服0.6s,外服,实测,558,9.300000,78.670700,C:\Users\金阳\Documents\我的POPO\eggy_0.5s_0.6s.zip -> 0.6s/measurements.csv
外服0.6s,外服,实测,559,9.316667,78.937700,C:\Users\金阳\Documents\我的POPO\eggy_0.5s_0.6s.zip -> 0.6s/measurements.csv
外服0.6s,外服,实测,560,9.333333,78.937700,C:\Users\金阳\Documents\我的POPO\eggy_0.5s_0.6s.zip -> 0.6s/measurements.csv
外服0.6s,外服,实测,561,9.350000,79.204700,C:\Users\金阳\Documents\我的POPO\eggy_0.5s_0.6s.zip -> 0.6s/measurements.csv
外服0.6s,外服,实测,562,9.366667,79.204700,C:\Users\金阳\Documents\我的POPO\eggy_0.5s_0.6s.zip -> 0.6s/measurements.csv
外服0.6s,外服,实测,563,9.383333,79.470700,C:\Users\金阳\Documents\我的POPO\eggy_0.5s_0.6s.zip -> 0.6s/measurements.csv
外服0.6s,外服,实测,564,9.400000,79.470700,C:\Users\金阳\Documents\我的POPO\eggy_0.5s_0.6s.zip -> 0.6s/measurements.csv
外服0.6s,外服,实测,565,9.416667,79.737700,C:\Users\金阳\Documents\我的POPO\eggy_0.5s_0.6s.zip -> 0.6s/measurements.csv
外服0.6s,外服,实测,566,9.433333,79.737700,C:\Users\金阳\Documents\我的POPO\eggy_0.5s_0.6s.zip -> 0.6s/measurements.csv
外服0.6s,外服,实测,567,9.450000,80.004700,C:\Users\金阳\Documents\我的POPO\eggy_0.5s_0.6s.zip -> 0.6s/measurements.csv
外服0.6s,外服,实测,568,9.466667,80.004700,C:\Users\金阳\Documents\我的POPO\eggy_0.5s_0.6s.zip -> 0.6s/measurements.csv
外服0.6s,外服,实测,569,9.483333,80.270700,C:\Users\金阳\Documents\我的POPO\eggy_0.5s_0.6s.zip -> 0.6s/measurements.csv
外服0.6s,外服,实测,570,9.500000,80.270700,C:\Users\金阳\Documents\我的POPO\eggy_0.5s_0.6s.zip -> 0.6s/measurements.csv
外服0.6s,外服,实测,571,9.516667,80.761700,C:\Users\金阳\Documents\我的POPO\eggy_0.5s_0.6s.zip -> 0.6s/measurements.csv
外服0.6s,外服,实测,572,9.533333,80.761700,C:\Users\金阳\Documents\我的POPO\eggy_0.5s_0.6s.zip -> 0.6s/measurements.csv
外服0.6s,外服,实测,573,9.550000,81.244700,C:\Users\金阳\Documents\我的POPO\eggy_0.5s_0.6s.zip -> 0.6s/measurements.csv
外服0.6s,外服,实测,574,9.566667,81.244700,C:\Users\金阳\Documents\我的POPO\eggy_0.5s_0.6s.zip -> 0.6s/measurements.csv
外服0.6s,外服,实测,575,9.583333,81.717700,C:\Users\金阳\Documents\我的POPO\eggy_0.5s_0.6s.zip -> 0.6s/measurements.csv
外服0.6s,外服,实测,576,9.600000,81.717700,C:\Users\金阳\Documents\我的POPO\eggy_0.5s_0.6s.zip -> 0.6s/measurements.csv
外服0.6s,外服,实测,577,9.616667,82.181700,C:\Users\金阳\Documents\我的POPO\eggy_0.5s_0.6s.zip -> 0.6s/measurements.csv
外服0.6s,外服,实测,578,9.633333,82.181700,C:\Users\金阳\Documents\我的POPO\eggy_0.5s_0.6s.zip -> 0.6s/measurements.csv
外服0.6s,外服,实测,579,9.650000,82.607700,C:\Users\金阳\Documents\我的POPO\eggy_0.5s_0.6s.zip -> 0.6s/measurements.csv
外服0.6s,外服,实测,580,9.666667,82.607700,C:\Users\金阳\Documents\我的POPO\eggy_0.5s_0.6s.zip -> 0.6s/measurements.csv
外服0.6s,外服,实测,581,9.683333,82.994700,C:\Users\金阳\Documents\我的POPO\eggy_0.5s_0.6s.zip -> 0.6s/measurements.csv
外服0.6s,外服,实测,582,9.700000,82.994700,C:\Users\金阳\Documents\我的POPO\eggy_0.5s_0.6s.zip -> 0.6s/measurements.csv
外服0.6s,外服,实测,583,9.716667,83.341700,C:\Users\金阳\Documents\我的POPO\eggy_0.5s_0.6s.zip -> 0.6s/measurements.csv
外服0.6s,外服,实测,584,9.733333,83.341700,C:\Users\金阳\Documents\我的POPO\eggy_0.5s_0.6s.zip -> 0.6s/measurements.csv
外服0.6s,外服,实测,585,9.750000,85.856700,C:\Users\金阳\Documents\我的POPO\eggy_0.5s_0.6s.zip -> 0.6s/measurements.csv
外服0.6s,外服,实测,586,9.766667,85.856700,C:\Users\金阳\Documents\我的POPO\eggy_0.5s_0.6s.zip -> 0.6s/measurements.csv
外服0.6s,外服,实测,587,9.783333,85.964700,C:\Users\金阳\Documents\我的POPO\eggy_0.5s_0.6s.zip -> 0.6s/measurements.csv
外服0.6s,外服,实测,588,9.800000,85.964700,C:\Users\金阳\Documents\我的POPO\eggy_0.5s_0.6s.zip -> 0.6s/measurements.csv
外服0.6s,外服,实测,589,9.816667,86.044700,C:\Users\金阳\Documents\我的POPO\eggy_0.5s_0.6s.zip -> 0.6s/measurements.csv
外服0.6s,外服,实测,590,9.833333,86.044700,C:\Users\金阳\Documents\我的POPO\eggy_0.5s_0.6s.zip -> 0.6s/measurements.csv
外服0.6s,外服,实测,591,9.850000,86.071700,C:\Users\金阳\Documents\我的POPO\eggy_0.5s_0.6s.zip -> 0.6s/measurements.csv
外服0.6s,外服,实测,592,9.866667,86.071700,C:\Users\金阳\Documents\我的POPO\eggy_0.5s_0.6s.zip -> 0.6s/measurements.csv
外服0.6s,外服,实测,593,9.883333,86.064700,C:\Users\金阳\Documents\我的POPO\eggy_0.5s_0.6s.zip -> 0.6s/measurements.csv
外服0.6s,外服,实测,594,9.900000,86.064700,C:\Users\金阳\Documents\我的POPO\eggy_0.5s_0.6s.zip -> 0.6s/measurements.csv
外服0.6s,外服,实测,595,9.916667,86.049700,C:\Users\金阳\Documents\我的POPO\eggy_0.5s_0.6s.zip -> 0.6s/measurements.csv
外服0.6s,外服,实测,596,9.933333,86.049700,C:\Users\金阳\Documents\我的POPO\eggy_0.5s_0.6s.zip -> 0.6s/measurements.csv
外服0.6s,外服,实测,597,9.950000,86.038700,C:\Users\金阳\Documents\我的POPO\eggy_0.5s_0.6s.zip -> 0.6s/measurements.csv
外服0.6s,外服,实测,598,9.966667,86.038700,C:\Users\金阳\Documents\我的POPO\eggy_0.5s_0.6s.zip -> 0.6s/measurements.csv
外服0.6s,外服,实测,599,9.983333,86.031700,C:\Users\金阳\Documents\我的POPO\eggy_0.5s_0.6s.zip -> 0.6s/measurements.csv
外服0.6s,外服,实测,600,10.000000,86.031700,C:\Users\金阳\Documents\我的POPO\eggy_0.5s_0.6s.zip -> 0.6s/measurements.csv
外服0.6s,外服,实测,601,10.016667,86.058700,C:\Users\金阳\Documents\我的POPO\eggy_0.5s_0.6s.zip -> 0.6s/measurements.csv
外服0.6s,外服,实测,602,10.033333,86.058700,C:\Users\金阳\Documents\我的POPO\eggy_0.5s_0.6s.zip -> 0.6s/measurements.csv
外服0.6s,外服,实测,603,10.050000,86.146700,C:\Users\金阳\Documents\我的POPO\eggy_0.5s_0.6s.zip -> 0.6s/measurements.csv
外服0.6s,外服,实测,604,10.066667,86.146700,C:\Users\金阳\Documents\我的POPO\eggy_0.5s_0.6s.zip -> 0.6s/measurements.csv
外服0.6s,外服,实测,605,10.083333,86.287700,C:\Users\金阳\Documents\我的POPO\eggy_0.5s_0.6s.zip -> 0.6s/measurements.csv
外服0.6s,外服,实测,606,10.100000,86.287700,C:\Users\金阳\Documents\我的POPO\eggy_0.5s_0.6s.zip -> 0.6s/measurements.csv
外服0.6s,外服,实测,607,10.116667,86.469700,C:\Users\金阳\Documents\我的POPO\eggy_0.5s_0.6s.zip -> 0.6s/measurements.csv
外服0.6s,外服,实测,608,10.133333,86.469700,C:\Users\金阳\Documents\我的POPO\eggy_0.5s_0.6s.zip -> 0.6s/measurements.csv
外服0.6s,外服,实测,609,10.150000,86.680700,C:\Users\金阳\Documents\我的POPO\eggy_0.5s_0.6s.zip -> 0.6s/measurements.csv
外服0.6s,外服,实测,610,10.166667,86.680700,C:\Users\金阳\Documents\我的POPO\eggy_0.5s_0.6s.zip -> 0.6s/measurements.csv
外服0.6s,外服,实测,611,10.183333,86.907700,C:\Users\金阳\Documents\我的POPO\eggy_0.5s_0.6s.zip -> 0.6s/measurements.csv
外服0.6s,外服,实测,612,10.200000,86.907700,C:\Users\金阳\Documents\我的POPO\eggy_0.5s_0.6s.zip -> 0.6s/measurements.csv
外服0.6s,外服,实测,613,10.216667,87.143700,C:\Users\金阳\Documents\我的POPO\eggy_0.5s_0.6s.zip -> 0.6s/measurements.csv
外服0.6s,外服,实测,614,10.233333,87.143700,C:\Users\金阳\Documents\我的POPO\eggy_0.5s_0.6s.zip -> 0.6s/measurements.csv
外服0.6s,外服,实测,615,10.250000,87.422700,C:\Users\金阳\Documents\我的POPO\eggy_0.5s_0.6s.zip -> 0.6s/measurements.csv
外服0.6s,外服,实测,616,10.266667,87.422700,C:\Users\金阳\Documents\我的POPO\eggy_0.5s_0.6s.zip -> 0.6s/measurements.csv
外服0.6s,外服,实测,617,10.283333,87.917700,C:\Users\金阳\Documents\我的POPO\eggy_0.5s_0.6s.zip -> 0.6s/measurements.csv
外服0.6s,外服,实测,618,10.300000,87.917700,C:\Users\金阳\Documents\我的POPO\eggy_0.5s_0.6s.zip -> 0.6s/measurements.csv
外服0.6s,外服,实测,619,10.316667,88.420700,C:\Users\金阳\Documents\我的POPO\eggy_0.5s_0.6s.zip -> 0.6s/measurements.csv
外服0.6s,外服,实测,620,10.333333,88.420700,C:\Users\金阳\Documents\我的POPO\eggy_0.5s_0.6s.zip -> 0.6s/measurements.csv
外服0.6s,外服,实测,621,10.350000,88.932700,C:\Users\金阳\Documents\我的POPO\eggy_0.5s_0.6s.zip -> 0.6s/measurements.csv
外服0.6s,外服,实测,622,10.366667,88.932700,C:\Users\金阳\Documents\我的POPO\eggy_0.5s_0.6s.zip -> 0.6s/measurements.csv
外服0.6s,外服,实测,623,10.383333,89.454700,C:\Users\金阳\Documents\我的POPO\eggy_0.5s_0.6s.zip -> 0.6s/measurements.csv
外服0.6s,外服,实测,624,10.400000,89.454700,C:\Users\金阳\Documents\我的POPO\eggy_0.5s_0.6s.zip -> 0.6s/measurements.csv
外服0.6s,外服,实测,625,10.416667,89.984700,C:\Users\金阳\Documents\我的POPO\eggy_0.5s_0.6s.zip -> 0.6s/measurements.csv
外服0.6s,外服,实测,626,10.433333,89.984700,C:\Users\金阳\Documents\我的POPO\eggy_0.5s_0.6s.zip -> 0.6s/measurements.csv
外服0.6s,外服,实测,627,10.450000,90.522700,C:\Users\金阳\Documents\我的POPO\eggy_0.5s_0.6s.zip -> 0.6s/measurements.csv
外服0.6s,外服,实测,628,10.466667,90.522700,C:\Users\金阳\Documents\我的POPO\eggy_0.5s_0.6s.zip -> 0.6s/measurements.csv
外服0.6s,外服,实测,629,10.483333,91.070700,C:\Users\金阳\Documents\我的POPO\eggy_0.5s_0.6s.zip -> 0.6s/measurements.csv
外服0.6s,外服,实测,630,10.500000,91.070700,C:\Users\金阳\Documents\我的POPO\eggy_0.5s_0.6s.zip -> 0.6s/measurements.csv
外服0.6s,外服,实测,631,10.516667,91.627700,C:\Users\金阳\Documents\我的POPO\eggy_0.5s_0.6s.zip -> 0.6s/measurements.csv
外服0.6s,外服,实测,632,10.533333,91.627700,C:\Users\金阳\Documents\我的POPO\eggy_0.5s_0.6s.zip -> 0.6s/measurements.csv
外服0.6s,外服,实测,633,10.550000,92.192700,C:\Users\金阳\Documents\我的POPO\eggy_0.5s_0.6s.zip -> 0.6s/measurements.csv
外服0.6s,外服,实测,634,10.566667,92.192700,C:\Users\金阳\Documents\我的POPO\eggy_0.5s_0.6s.zip -> 0.6s/measurements.csv
外服0.6s,外服,实测,635,10.583333,92.767700,C:\Users\金阳\Documents\我的POPO\eggy_0.5s_0.6s.zip -> 0.6s/measurements.csv
外服0.6s,外服,实测,636,10.600000,92.767700,C:\Users\金阳\Documents\我的POPO\eggy_0.5s_0.6s.zip -> 0.6s/measurements.csv
外服0.6s,外服,实测,637,10.616667,93.350700,C:\Users\金阳\Documents\我的POPO\eggy_0.5s_0.6s.zip -> 0.6s/measurements.csv
外服0.6s,外服,实测,638,10.633333,93.350700,C:\Users\金阳\Documents\我的POPO\eggy_0.5s_0.6s.zip -> 0.6s/measurements.csv
外服0.6s,外服,实测,639,10.650000,93.942700,C:\Users\金阳\Documents\我的POPO\eggy_0.5s_0.6s.zip -> 0.6s/measurements.csv
外服0.6s,外服,实测,640,10.666667,93.942700,C:\Users\金阳\Documents\我的POPO\eggy_0.5s_0.6s.zip -> 0.6s/measurements.csv
外服0.6s,外服,实测,641,10.683333,94.543700,C:\Users\金阳\Documents\我的POPO\eggy_0.5s_0.6s.zip -> 0.6s/measurements.csv
外服0.6s,外服,实测,642,10.700000,94.543700,C:\Users\金阳\Documents\我的POPO\eggy_0.5s_0.6s.zip -> 0.6s/measurements.csv
外服0.6s,外服,实测,643,10.716667,95.153700,C:\Users\金阳\Documents\我的POPO\eggy_0.5s_0.6s.zip -> 0.6s/measurements.csv
外服0.6s,外服,实测,644,10.733333,95.153700,C:\Users\金阳\Documents\我的POPO\eggy_0.5s_0.6s.zip -> 0.6s/measurements.csv
外服0.6s,外服,实测,645,10.750000,95.772700,C:\Users\金阳\Documents\我的POPO\eggy_0.5s_0.6s.zip -> 0.6s/measurements.csv
外服0.6s,外服,实测,646,10.766667,95.772700,C:\Users\金阳\Documents\我的POPO\eggy_0.5s_0.6s.zip -> 0.6s/measurements.csv
外服0.6s,外服,实测,647,10.783333,96.400700,C:\Users\金阳\Documents\我的POPO\eggy_0.5s_0.6s.zip -> 0.6s/measurements.csv
外服0.6s,外服,实测,648,10.800000,96.400700,C:\Users\金阳\Documents\我的POPO\eggy_0.5s_0.6s.zip -> 0.6s/measurements.csv
外服0.6s,外服,实测,649,10.816667,97.037700,C:\Users\金阳\Documents\我的POPO\eggy_0.5s_0.6s.zip -> 0.6s/measurements.csv
外服0.6s,外服,实测,650,10.833333,97.037700,C:\Users\金阳\Documents\我的POPO\eggy_0.5s_0.6s.zip -> 0.6s/measurements.csv
外服0.6s,外服,实测,651,10.850000,97.676700,C:\Users\金阳\Documents\我的POPO\eggy_0.5s_0.6s.zip -> 0.6s/measurements.csv
外服0.6s,外服,实测,652,10.866667,97.676700,C:\Users\金阳\Documents\我的POPO\eggy_0.5s_0.6s.zip -> 0.6s/measurements.csv
外服0.6s,外服,实测,653,10.883333,98.310700,C:\Users\金阳\Documents\我的POPO\eggy_0.5s_0.6s.zip -> 0.6s/measurements.csv
外服0.6s,外服,实测,654,10.900000,98.310700,C:\Users\金阳\Documents\我的POPO\eggy_0.5s_0.6s.zip -> 0.6s/measurements.csv
外服0.6s,外服,实测,655,10.916667,98.940700,C:\Users\金阳\Documents\我的POPO\eggy_0.5s_0.6s.zip -> 0.6s/measurements.csv
外服0.6s,外服,实测,656,10.933333,98.940700,C:\Users\金阳\Documents\我的POPO\eggy_0.5s_0.6s.zip -> 0.6s/measurements.csv
外服0.6s,外服,实测,657,10.950000,99.557700,C:\Users\金阳\Documents\我的POPO\eggy_0.5s_0.6s.zip -> 0.6s/measurements.csv
外服0.6s,外服,实测,658,10.966667,99.557700,C:\Users\金阳\Documents\我的POPO\eggy_0.5s_0.6s.zip -> 0.6s/measurements.csv
外服0.6s,外服,实测,659,10.983333,100.187700,C:\Users\金阳\Documents\我的POPO\eggy_0.5s_0.6s.zip -> 0.6s/measurements.csv
外服0.6s,外服,实测,660,11.000000,100.187700,C:\Users\金阳\Documents\我的POPO\eggy_0.5s_0.6s.zip -> 0.6s/measurements.csv
外服0.6s,外服,实测,661,11.016667,100.797700,C:\Users\金阳\Documents\我的POPO\eggy_0.5s_0.6s.zip -> 0.6s/measurements.csv
外服0.6s,外服,实测,662,11.033333,100.797700,C:\Users\金阳\Documents\我的POPO\eggy_0.5s_0.6s.zip -> 0.6s/measurements.csv
外服0.6s,外服,实测,663,11.050000,101.407700,C:\Users\金阳\Documents\我的POPO\eggy_0.5s_0.6s.zip -> 0.6s/measurements.csv
外服0.6s,外服,实测,664,11.066667,101.407700,C:\Users\金阳\Documents\我的POPO\eggy_0.5s_0.6s.zip -> 0.6s/measurements.csv
外服0.6s,外服,实测,665,11.083333,102.017700,C:\Users\金阳\Documents\我的POPO\eggy_0.5s_0.6s.zip -> 0.6s/measurements.csv
外服0.6s,外服,实测,666,11.100000,102.017700,C:\Users\金阳\Documents\我的POPO\eggy_0.5s_0.6s.zip -> 0.6s/measurements.csv
外服0.6s,外服,实测,667,11.116667,102.627700,C:\Users\金阳\Documents\我的POPO\eggy_0.5s_0.6s.zip -> 0.6s/measurements.csv
外服0.6s,外服,实测,668,11.133333,102.627700,C:\Users\金阳\Documents\我的POPO\eggy_0.5s_0.6s.zip -> 0.6s/measurements.csv
外服0.6s,外服,实测,669,11.150000,103.177700,C:\Users\金阳\Documents\我的POPO\eggy_0.5s_0.6s.zip -> 0.6s/measurements.csv
外服0.6s,外服,实测,670,11.166667,103.177700,C:\Users\金阳\Documents\我的POPO\eggy_0.5s_0.6s.zip -> 0.6s/measurements.csv
外服0.6s,外服,实测,671,11.183333,103.697700,C:\Users\金阳\Documents\我的POPO\eggy_0.5s_0.6s.zip -> 0.6s/measurements.csv
外服0.6s,外服,实测,672,11.200000,103.697700,C:\Users\金阳\Documents\我的POPO\eggy_0.5s_0.6s.zip -> 0.6s/measurements.csv
外服0.6s,外服,实测,673,11.216667,104.167700,C:\Users\金阳\Documents\我的POPO\eggy_0.5s_0.6s.zip -> 0.6s/measurements.csv
外服0.6s,外服,实测,674,11.233333,104.167700,C:\Users\金阳\Documents\我的POPO\eggy_0.5s_0.6s.zip -> 0.6s/measurements.csv
外服0.6s,外服,实测,675,11.250000,104.627700,C:\Users\金阳\Documents\我的POPO\eggy_0.5s_0.6s.zip -> 0.6s/measurements.csv
外服0.6s,外服,实测,676,11.266667,104.627700,C:\Users\金阳\Documents\我的POPO\eggy_0.5s_0.6s.zip -> 0.6s/measurements.csv
外服0.6s,外服,实测,677,11.283333,105.097700,C:\Users\金阳\Documents\我的POPO\eggy_0.5s_0.6s.zip -> 0.6s/measurements.csv
外服0.6s,外服,实测,678,11.300000,105.097700,C:\Users\金阳\Documents\我的POPO\eggy_0.5s_0.6s.zip -> 0.6s/measurements.csv
外服0.6s,外服,实测,679,11.316667,105.547700,C:\Users\金阳\Documents\我的POPO\eggy_0.5s_0.6s.zip -> 0.6s/measurements.csv
外服0.6s,外服,实测,680,11.333333,105.547700,C:\Users\金阳\Documents\我的POPO\eggy_0.5s_0.6s.zip -> 0.6s/measurements.csv
外服0.6s,外服,实测,681,11.350000,105.997700,C:\Users\金阳\Documents\我的POPO\eggy_0.5s_0.6s.zip -> 0.6s/measurements.csv
外服0.6s,外服,实测,682,11.366667,105.997700,C:\Users\金阳\Documents\我的POPO\eggy_0.5s_0.6s.zip -> 0.6s/measurements.csv
外服0.6s,外服,实测,683,11.383333,106.447700,C:\Users\金阳\Documents\我的POPO\eggy_0.5s_0.6s.zip -> 0.6s/measurements.csv
外服0.6s,外服,实测,684,11.400000,106.447700,C:\Users\金阳\Documents\我的POPO\eggy_0.5s_0.6s.zip -> 0.6s/measurements.csv
外服0.6s,外服,实测,685,11.416667,106.897700,C:\Users\金阳\Documents\我的POPO\eggy_0.5s_0.6s.zip -> 0.6s/measurements.csv
外服0.6s,外服,实测,686,11.433333,106.897700,C:\Users\金阳\Documents\我的POPO\eggy_0.5s_0.6s.zip -> 0.6s/measurements.csv
外服0.6s,外服,实测,687,11.450000,107.327700,C:\Users\金阳\Documents\我的POPO\eggy_0.5s_0.6s.zip -> 0.6s/measurements.csv
外服0.6s,外服,实测,688,11.466667,107.327700,C:\Users\金阳\Documents\我的POPO\eggy_0.5s_0.6s.zip -> 0.6s/measurements.csv
外服0.6s,外服,实测,689,11.483333,107.767700,C:\Users\金阳\Documents\我的POPO\eggy_0.5s_0.6s.zip -> 0.6s/measurements.csv
外服0.6s,外服,实测,690,11.500000,107.767700,C:\Users\金阳\Documents\我的POPO\eggy_0.5s_0.6s.zip -> 0.6s/measurements.csv
外服0.6s,外服,实测,691,11.516667,108.197700,C:\Users\金阳\Documents\我的POPO\eggy_0.5s_0.6s.zip -> 0.6s/measurements.csv
外服0.6s,外服,实测,692,11.533333,108.197700,C:\Users\金阳\Documents\我的POPO\eggy_0.5s_0.6s.zip -> 0.6s/measurements.csv
外服0.6s,外服,实测,693,11.550000,108.617700,C:\Users\金阳\Documents\我的POPO\eggy_0.5s_0.6s.zip -> 0.6s/measurements.csv
外服0.6s,外服,实测,694,11.566667,108.617700,C:\Users\金阳\Documents\我的POPO\eggy_0.5s_0.6s.zip -> 0.6s/measurements.csv
外服0.6s,外服,实测,695,11.583333,109.047700,C:\Users\金阳\Documents\我的POPO\eggy_0.5s_0.6s.zip -> 0.6s/measurements.csv
外服0.6s,外服,实测,696,11.600000,109.047700,C:\Users\金阳\Documents\我的POPO\eggy_0.5s_0.6s.zip -> 0.6s/measurements.csv
外服0.6s,外服,实测,697,11.616667,109.457700,C:\Users\金阳\Documents\我的POPO\eggy_0.5s_0.6s.zip -> 0.6s/measurements.csv
外服0.6s,外服,实测,698,11.633333,109.457700,C:\Users\金阳\Documents\我的POPO\eggy_0.5s_0.6s.zip -> 0.6s/measurements.csv
外服0.6s,外服,实测,699,11.650000,109.867700,C:\Users\金阳\Documents\我的POPO\eggy_0.5s_0.6s.zip -> 0.6s/measurements.csv
外服0.6s,外服,实测,700,11.666667,109.867700,C:\Users\金阳\Documents\我的POPO\eggy_0.5s_0.6s.zip -> 0.6s/measurements.csv
外服0.6s,外服,实测,701,11.683333,110.277700,C:\Users\金阳\Documents\我的POPO\eggy_0.5s_0.6s.zip -> 0.6s/measurements.csv
外服0.6s,外服,实测,702,11.700000,110.277700,C:\Users\金阳\Documents\我的POPO\eggy_0.5s_0.6s.zip -> 0.6s/measurements.csv
外服0.6s,外服,实测,703,11.716667,110.687700,C:\Users\金阳\Documents\我的POPO\eggy_0.5s_0.6s.zip -> 0.6s/measurements.csv
外服0.6s,外服,实测,704,11.733333,110.687700,C:\Users\金阳\Documents\我的POPO\eggy_0.5s_0.6s.zip -> 0.6s/measurements.csv
外服0.6s,外服,实测,705,11.750000,111.077700,C:\Users\金阳\Documents\我的POPO\eggy_0.5s_0.6s.zip -> 0.6s/measurements.csv
外服0.6s,外服,实测,706,11.766667,111.077700,C:\Users\金阳\Documents\我的POPO\eggy_0.5s_0.6s.zip -> 0.6s/measurements.csv
外服0.6s,外服,实测,707,11.783333,111.477700,C:\Users\金阳\Documents\我的POPO\eggy_0.5s_0.6s.zip -> 0.6s/measurements.csv
外服0.6s,外服,实测,708,11.800000,111.477700,C:\Users\金阳\Documents\我的POPO\eggy_0.5s_0.6s.zip -> 0.6s/measurements.csv
外服0.6s,外服,实测,709,11.816667,111.867700,C:\Users\金阳\Documents\我的POPO\eggy_0.5s_0.6s.zip -> 0.6s/measurements.csv
外服0.6s,外服,实测,710,11.833333,111.867700,C:\Users\金阳\Documents\我的POPO\eggy_0.5s_0.6s.zip -> 0.6s/measurements.csv
外服0.6s,外服,实测,711,11.850000,112.247700,C:\Users\金阳\Documents\我的POPO\eggy_0.5s_0.6s.zip -> 0.6s/measurements.csv
外服0.6s,外服,实测,712,11.866667,112.247700,C:\Users\金阳\Documents\我的POPO\eggy_0.5s_0.6s.zip -> 0.6s/measurements.csv
外服0.6s,外服,实测,713,11.883333,112.637700,C:\Users\金阳\Documents\我的POPO\eggy_0.5s_0.6s.zip -> 0.6s/measurements.csv
外服0.6s,外服,实测,714,11.900000,112.637700,C:\Users\金阳\Documents\我的POPO\eggy_0.5s_0.6s.zip -> 0.6s/measurements.csv
外服0.6s,外服,实测,715,11.916667,113.007700,C:\Users\金阳\Documents\我的POPO\eggy_0.5s_0.6s.zip -> 0.6s/measurements.csv
外服0.6s,外服,实测,716,11.933333,113.007700,C:\Users\金阳\Documents\我的POPO\eggy_0.5s_0.6s.zip -> 0.6s/measurements.csv
外服0.6s,外服,实测,717,11.950000,113.337700,C:\Users\金阳\Documents\我的POPO\eggy_0.5s_0.6s.zip -> 0.6s/measurements.csv
外服0.6s,外服,实测,718,11.966667,113.337700,C:\Users\金阳\Documents\我的POPO\eggy_0.5s_0.6s.zip -> 0.6s/measurements.csv
外服0.6s,外服,实测,719,11.983333,113.627700,C:\Users\金阳\Documents\我的POPO\eggy_0.5s_0.6s.zip -> 0.6s/measurements.csv
外服0.6s,外服,实测,720,12.000000,113.627700,C:\Users\金阳\Documents\我的POPO\eggy_0.5s_0.6s.zip -> 0.6s/measurements.csv
外服0.6s,外服,实测,721,12.016667,113.897700,C:\Users\金阳\Documents\我的POPO\eggy_0.5s_0.6s.zip -> 0.6s/measurements.csv
外服0.6s,外服,实测,722,12.033333,113.897700,C:\Users\金阳\Documents\我的POPO\eggy_0.5s_0.6s.zip -> 0.6s/measurements.csv
外服0.6s,外服,实测,723,12.050000,114.167700,C:\Users\金阳\Documents\我的POPO\eggy_0.5s_0.6s.zip -> 0.6s/measurements.csv
外服0.6s,外服,实测,724,12.066667,114.167700,C:\Users\金阳\Documents\我的POPO\eggy_0.5s_0.6s.zip -> 0.6s/measurements.csv
外服0.6s,外服,外推,0,12.066667,114.167700,C:\Users\金阳\Documents\我的POPO\eggy_0.5s_0.6s.zip -> 0.6s/measurements.csv
外服0.6s,外服,外推,1,12.333333,116.690743,C:\Users\金阳\Documents\我的POPO\eggy_0.5s_0.6s.zip -> 0.6s/measurements.csv
外服0.6s,外服,外推,2,12.600000,119.213786,C:\Users\金阳\Documents\我的POPO\eggy_0.5s_0.6s.zip -> 0.6s/measurements.csv
外服0.6s,外服,外推,3,12.866667,121.736829,C:\Users\金阳\Documents\我的POPO\eggy_0.5s_0.6s.zip -> 0.6s/measurements.csv
外服0.6s,外服,外推,4,13.133333,124.259872,C:\Users\金阳\Documents\我的POPO\eggy_0.5s_0.6s.zip -> 0.6s/measurements.csv
外服0.6s,外服,外推,5,13.400000,126.782915,C:\Users\金阳\Documents\我的POPO\eggy_0.5s_0.6s.zip -> 0.6s/measurements.csv
外服0.6s,外服,外推,6,13.666667,129.305959,C:\Users\金阳\Documents\我的POPO\eggy_0.5s_0.6s.zip -> 0.6s/measurements.csv
外服0.6s,外服,外推,7,13.933333,131.829002,C:\Users\金阳\Documents\我的POPO\eggy_0.5s_0.6s.zip -> 0.6s/measurements.csv
外服0.6s,外服,外推,8,14.200000,134.352045,C:\Users\金阳\Documents\我的POPO\eggy_0.5s_0.6s.zip -> 0.6s/measurements.csv
外服0.6s,外服,外推,9,14.466667,136.875088,C:\Users\金阳\Documents\我的POPO\eggy_0.5s_0.6s.zip -> 0.6s/measurements.csv
外服0.6s,外服,外推,10,14.733333,139.398131,C:\Users\金阳\Documents\我的POPO\eggy_0.5s_0.6s.zip -> 0.6s/measurements.csv
外服0.6s,外服,外推,11,15.000000,141.921174,C:\Users\金阳\Documents\我的POPO\eggy_0.5s_0.6s.zip -> 0.6s/measurements.csv
外服0.0s,外服,实测,0,0.000000,0.000000,D:\Codex\video-editing\foreign_0_0_speed_curve\outputs\外服0.0s_距离曲线_源数据.csv
外服0.0s,外服,实测,1,0.016667,0.000000,D:\Codex\video-editing\foreign_0_0_speed_curve\outputs\外服0.0s_距离曲线_源数据.csv
外服0.0s,外服,实测,2,0.033333,0.000000,D:\Codex\video-editing\foreign_0_0_speed_curve\outputs\外服0.0s_距离曲线_源数据.csv
外服0.0s,外服,实测,3,0.050000,0.000000,D:\Codex\video-editing\foreign_0_0_speed_curve\outputs\外服0.0s_距离曲线_源数据.csv
外服0.0s,外服,实测,4,0.066667,0.000000,D:\Codex\video-editing\foreign_0_0_speed_curve\outputs\外服0.0s_距离曲线_源数据.csv
外服0.0s,外服,实测,5,0.083333,0.000000,D:\Codex\video-editing\foreign_0_0_speed_curve\outputs\外服0.0s_距离曲线_源数据.csv
外服0.0s,外服,实测,6,0.100000,0.000000,D:\Codex\video-editing\foreign_0_0_speed_curve\outputs\外服0.0s_距离曲线_源数据.csv
外服0.0s,外服,实测,7,0.116667,0.000000,D:\Codex\video-editing\foreign_0_0_speed_curve\outputs\外服0.0s_距离曲线_源数据.csv
外服0.0s,外服,实测,8,0.133333,0.000000,D:\Codex\video-editing\foreign_0_0_speed_curve\outputs\外服0.0s_距离曲线_源数据.csv
外服0.0s,外服,实测,9,0.150000,0.000000,D:\Codex\video-editing\foreign_0_0_speed_curve\outputs\外服0.0s_距离曲线_源数据.csv
外服0.0s,外服,实测,10,0.166667,0.000000,D:\Codex\video-editing\foreign_0_0_speed_curve\outputs\外服0.0s_距离曲线_源数据.csv
外服0.0s,外服,实测,11,0.183333,0.000000,D:\Codex\video-editing\foreign_0_0_speed_curve\outputs\外服0.0s_距离曲线_源数据.csv
外服0.0s,外服,实测,12,0.200000,0.000000,D:\Codex\video-editing\foreign_0_0_speed_curve\outputs\外服0.0s_距离曲线_源数据.csv
外服0.0s,外服,实测,13,0.216667,0.000000,D:\Codex\video-editing\foreign_0_0_speed_curve\outputs\外服0.0s_距离曲线_源数据.csv
外服0.0s,外服,实测,14,0.233333,0.000000,D:\Codex\video-editing\foreign_0_0_speed_curve\outputs\外服0.0s_距离曲线_源数据.csv
外服0.0s,外服,实测,15,0.250000,0.000000,D:\Codex\video-editing\foreign_0_0_speed_curve\outputs\外服0.0s_距离曲线_源数据.csv
外服0.0s,外服,实测,16,0.266667,0.000000,D:\Codex\video-editing\foreign_0_0_speed_curve\outputs\外服0.0s_距离曲线_源数据.csv
外服0.0s,外服,实测,17,0.283333,0.000000,D:\Codex\video-editing\foreign_0_0_speed_curve\outputs\外服0.0s_距离曲线_源数据.csv
外服0.0s,外服,实测,18,0.300000,0.000000,D:\Codex\video-editing\foreign_0_0_speed_curve\outputs\外服0.0s_距离曲线_源数据.csv
外服0.0s,外服,实测,19,0.316667,0.000000,D:\Codex\video-editing\foreign_0_0_speed_curve\outputs\外服0.0s_距离曲线_源数据.csv
外服0.0s,外服,实测,20,0.333333,0.000000,D:\Codex\video-editing\foreign_0_0_speed_curve\outputs\外服0.0s_距离曲线_源数据.csv
外服0.0s,外服,实测,21,0.350000,0.000000,D:\Codex\video-editing\foreign_0_0_speed_curve\outputs\外服0.0s_距离曲线_源数据.csv
外服0.0s,外服,实测,22,0.366667,0.000000,D:\Codex\video-editing\foreign_0_0_speed_curve\outputs\外服0.0s_距离曲线_源数据.csv
外服0.0s,外服,实测,23,0.383333,0.000000,D:\Codex\video-editing\foreign_0_0_speed_curve\outputs\外服0.0s_距离曲线_源数据.csv
外服0.0s,外服,实测,24,0.400000,0.000000,D:\Codex\video-editing\foreign_0_0_speed_curve\outputs\外服0.0s_距离曲线_源数据.csv
外服0.0s,外服,实测,25,0.416667,0.000000,D:\Codex\video-editing\foreign_0_0_speed_curve\outputs\外服0.0s_距离曲线_源数据.csv
外服0.0s,外服,实测,26,0.433333,0.000000,D:\Codex\video-editing\foreign_0_0_speed_curve\outputs\外服0.0s_距离曲线_源数据.csv
外服0.0s,外服,实测,27,0.450000,0.000000,D:\Codex\video-editing\foreign_0_0_speed_curve\outputs\外服0.0s_距离曲线_源数据.csv
外服0.0s,外服,实测,28,0.466667,0.000000,D:\Codex\video-editing\foreign_0_0_speed_curve\outputs\外服0.0s_距离曲线_源数据.csv
外服0.0s,外服,实测,29,0.483333,0.124600,D:\Codex\video-editing\foreign_0_0_speed_curve\outputs\外服0.0s_距离曲线_源数据.csv
外服0.0s,外服,实测,30,0.500000,0.124600,D:\Codex\video-editing\foreign_0_0_speed_curve\outputs\外服0.0s_距离曲线_源数据.csv
外服0.0s,外服,实测,31,0.516667,0.391200,D:\Codex\video-editing\foreign_0_0_speed_curve\outputs\外服0.0s_距离曲线_源数据.csv
外服0.0s,外服,实测,32,0.533333,0.657700,D:\Codex\video-editing\foreign_0_0_speed_curve\outputs\外服0.0s_距离曲线_源数据.csv
外服0.0s,外服,实测,33,0.550000,0.657700,D:\Codex\video-editing\foreign_0_0_speed_curve\outputs\外服0.0s_距离曲线_源数据.csv
外服0.0s,外服,实测,34,0.566667,0.657700,D:\Codex\video-editing\foreign_0_0_speed_curve\outputs\外服0.0s_距离曲线_源数据.csv
外服0.0s,外服,实测,35,0.583333,1.191000,D:\Codex\video-editing\foreign_0_0_speed_curve\outputs\外服0.0s_距离曲线_源数据.csv
外服0.0s,外服,实测,36,0.600000,1.191000,D:\Codex\video-editing\foreign_0_0_speed_curve\outputs\外服0.0s_距离曲线_源数据.csv
外服0.0s,外服,实测,37,0.616667,1.191000,D:\Codex\video-editing\foreign_0_0_speed_curve\outputs\外服0.0s_距离曲线_源数据.csv
外服0.0s,外服,实测,38,0.633333,1.457600,D:\Codex\video-editing\foreign_0_0_speed_curve\outputs\外服0.0s_距离曲线_源数据.csv
外服0.0s,外服,实测,39,0.650000,1.457600,D:\Codex\video-editing\foreign_0_0_speed_curve\outputs\外服0.0s_距离曲线_源数据.csv
外服0.0s,外服,实测,40,0.666667,1.457600,D:\Codex\video-editing\foreign_0_0_speed_curve\outputs\外服0.0s_距离曲线_源数据.csv
外服0.0s,外服,实测,41,0.683333,1.724200,D:\Codex\video-editing\foreign_0_0_speed_curve\outputs\外服0.0s_距离曲线_源数据.csv
外服0.0s,外服,实测,42,0.700000,1.990900,D:\Codex\video-editing\foreign_0_0_speed_curve\outputs\外服0.0s_距离曲线_源数据.csv
外服0.0s,外服,实测,43,0.716667,1.990900,D:\Codex\video-editing\foreign_0_0_speed_curve\outputs\外服0.0s_距离曲线_源数据.csv
外服0.0s,外服,实测,44,0.733333,2.257500,D:\Codex\video-editing\foreign_0_0_speed_curve\outputs\外服0.0s_距离曲线_源数据.csv
外服0.0s,外服,实测,45,0.750000,2.257500,D:\Codex\video-editing\foreign_0_0_speed_curve\outputs\外服0.0s_距离曲线_源数据.csv
外服0.0s,外服,实测,46,0.766667,2.257500,D:\Codex\video-editing\foreign_0_0_speed_curve\outputs\外服0.0s_距离曲线_源数据.csv
外服0.0s,外服,实测,47,0.783333,2.790800,D:\Codex\video-editing\foreign_0_0_speed_curve\outputs\外服0.0s_距离曲线_源数据.csv
外服0.0s,外服,实测,48,0.800000,2.790800,D:\Codex\video-editing\foreign_0_0_speed_curve\outputs\外服0.0s_距离曲线_源数据.csv
外服0.0s,外服,实测,49,0.816667,2.790800,D:\Codex\video-editing\foreign_0_0_speed_curve\outputs\外服0.0s_距离曲线_源数据.csv
外服0.0s,外服,实测,50,0.833333,3.057400,D:\Codex\video-editing\foreign_0_0_speed_curve\outputs\外服0.0s_距离曲线_源数据.csv
外服0.0s,外服,实测,51,0.850000,3.057400,D:\Codex\video-editing\foreign_0_0_speed_curve\outputs\外服0.0s_距离曲线_源数据.csv
外服0.0s,外服,实测,52,0.866667,3.548500,D:\Codex\video-editing\foreign_0_0_speed_curve\outputs\外服0.0s_距离曲线_源数据.csv
外服0.0s,外服,实测,53,0.883333,4.040700,D:\Codex\video-editing\foreign_0_0_speed_curve\outputs\外服0.0s_距离曲线_源数据.csv
外服0.0s,外服,实测,54,0.900000,4.040700,D:\Codex\video-editing\foreign_0_0_speed_curve\outputs\外服0.0s_距离曲线_源数据.csv
外服0.0s,外服,实测,55,0.916667,4.183200,D:\Codex\video-editing\foreign_0_0_speed_curve\outputs\外服0.0s_距离曲线_源数据.csv
外服0.0s,外服,实测,56,0.933333,4.504000,D:\Codex\video-editing\foreign_0_0_speed_curve\outputs\外服0.0s_距离曲线_源数据.csv
外服0.0s,外服,实测,57,0.950000,4.562780,D:\Codex\video-editing\foreign_0_0_speed_curve\outputs\外服0.0s_距离曲线_源数据.csv
外服0.0s,外服,实测,58,0.966667,4.916200,D:\Codex\video-editing\foreign_0_0_speed_curve\outputs\外服0.0s_距离曲线_源数据.csv
外服0.0s,外服,实测,59,0.983333,4.968510,D:\Codex\video-editing\foreign_0_0_speed_curve\outputs\外服0.0s_距离曲线_源数据.csv
外服0.0s,外服,实测,60,1.000000,5.427300,D:\Codex\video-editing\foreign_0_0_speed_curve\outputs\外服0.0s_距离曲线_源数据.csv
外服0.0s,外服,实测,61,1.016667,5.427300,D:\Codex\video-editing\foreign_0_0_speed_curve\outputs\外服0.0s_距离曲线_源数据.csv
外服0.0s,外服,实测,62,1.033333,5.880700,D:\Codex\video-editing\foreign_0_0_speed_curve\outputs\外服0.0s_距离曲线_源数据.csv
外服0.0s,外服,实测,63,1.050000,5.880700,D:\Codex\video-editing\foreign_0_0_speed_curve\outputs\外服0.0s_距离曲线_源数据.csv
外服0.0s,外服,实测,64,1.066667,5.880700,D:\Codex\video-editing\foreign_0_0_speed_curve\outputs\外服0.0s_距离曲线_源数据.csv
外服0.0s,外服,实测,65,1.083333,6.990300,D:\Codex\video-editing\foreign_0_0_speed_curve\outputs\外服0.0s_距离曲线_源数据.csv
外服0.0s,外服,实测,66,1.100000,6.990300,D:\Codex\video-editing\foreign_0_0_speed_curve\outputs\外服0.0s_距离曲线_源数据.csv
外服0.0s,外服,实测,67,1.116667,6.990300,D:\Codex\video-editing\foreign_0_0_speed_curve\outputs\外服0.0s_距离曲线_源数据.csv
外服0.0s,外服,实测,68,1.133333,8.246500,D:\Codex\video-editing\foreign_0_0_speed_curve\outputs\外服0.0s_距离曲线_源数据.csv
外服0.0s,外服,实测,69,1.150000,8.246500,D:\Codex\video-editing\foreign_0_0_speed_curve\outputs\外服0.0s_距离曲线_源数据.csv
外服0.0s,外服,实测,70,1.166667,8.587200,D:\Codex\video-editing\foreign_0_0_speed_curve\outputs\外服0.0s_距离曲线_源数据.csv
外服0.0s,外服,实测,71,1.183333,8.935200,D:\Codex\video-editing\foreign_0_0_speed_curve\outputs\外服0.0s_距离曲线_源数据.csv
外服0.0s,外服,实测,72,1.200000,8.935200,D:\Codex\video-editing\foreign_0_0_speed_curve\outputs\外服0.0s_距离曲线_源数据.csv
外服0.0s,外服,实测,73,1.216667,8.935200,D:\Codex\video-editing\foreign_0_0_speed_curve\outputs\外服0.0s_距离曲线_源数据.csv
外服0.0s,外服,实测,74,1.233333,9.218200,D:\Codex\video-editing\foreign_0_0_speed_curve\outputs\外服0.0s_距离曲线_源数据.csv
外服0.0s,外服,实测,75,1.250000,9.218200,D:\Codex\video-editing\foreign_0_0_speed_curve\outputs\外服0.0s_距离曲线_源数据.csv
外服0.0s,外服,实测,76,1.266667,9.422200,D:\Codex\video-editing\foreign_0_0_speed_curve\outputs\外服0.0s_距离曲线_源数据.csv
外服0.0s,外服,实测,77,1.283333,9.557200,D:\Codex\video-editing\foreign_0_0_speed_curve\outputs\外服0.0s_距离曲线_源数据.csv
外服0.0s,外服,实测,78,1.300000,9.557200,D:\Codex\video-editing\foreign_0_0_speed_curve\outputs\外服0.0s_距离曲线_源数据.csv
外服0.0s,外服,实测,79,1.316667,9.557200,D:\Codex\video-editing\foreign_0_0_speed_curve\outputs\外服0.0s_距离曲线_源数据.csv
外服0.0s,外服,实测,80,1.333333,9.636200,D:\Codex\video-editing\foreign_0_0_speed_curve\outputs\外服0.0s_距离曲线_源数据.csv
外服0.0s,外服,实测,81,1.350000,9.636200,D:\Codex\video-editing\foreign_0_0_speed_curve\outputs\外服0.0s_距离曲线_源数据.csv
外服0.0s,外服,实测,82,1.366667,9.668200,D:\Codex\video-editing\foreign_0_0_speed_curve\outputs\外服0.0s_距离曲线_源数据.csv
外服0.0s,外服,实测,83,1.383333,9.713200,D:\Codex\video-editing\foreign_0_0_speed_curve\outputs\外服0.0s_距离曲线_源数据.csv
外服0.0s,外服,实测,84,1.400000,9.713200,D:\Codex\video-editing\foreign_0_0_speed_curve\outputs\外服0.0s_距离曲线_源数据.csv
外服0.0s,外服,实测,85,1.416667,9.713200,D:\Codex\video-editing\foreign_0_0_speed_curve\outputs\外服0.0s_距离曲线_源数据.csv
外服0.0s,外服,实测,86,1.433333,9.812200,D:\Codex\video-editing\foreign_0_0_speed_curve\outputs\外服0.0s_距离曲线_源数据.csv
外服0.0s,外服,实测,87,1.450000,9.948200,D:\Codex\video-editing\foreign_0_0_speed_curve\outputs\外服0.0s_距离曲线_源数据.csv
外服0.0s,外服,实测,88,1.466667,9.948200,D:\Codex\video-editing\foreign_0_0_speed_curve\outputs\外服0.0s_距离曲线_源数据.csv
外服0.0s,外服,实测,89,1.483333,10.126200,D:\Codex\video-editing\foreign_0_0_speed_curve\outputs\外服0.0s_距离曲线_源数据.csv
外服0.0s,外服,实测,90,1.500000,10.126200,D:\Codex\video-editing\foreign_0_0_speed_curve\outputs\外服0.0s_距离曲线_源数据.csv
外服0.0s,外服,实测,91,1.516667,10.126200,D:\Codex\video-editing\foreign_0_0_speed_curve\outputs\外服0.0s_距离曲线_源数据.csv
外服0.0s,外服,实测,92,1.533333,10.342200,D:\Codex\video-editing\foreign_0_0_speed_curve\outputs\外服0.0s_距离曲线_源数据.csv
外服0.0s,外服,实测,93,1.550000,10.581200,D:\Codex\video-editing\foreign_0_0_speed_curve\outputs\外服0.0s_距离曲线_源数据.csv
外服0.0s,外服,实测,94,1.566667,10.581600,D:\Codex\video-editing\foreign_0_0_speed_curve\outputs\外服0.0s_距离曲线_源数据.csv
外服0.0s,外服,实测,95,1.583333,10.836000,D:\Codex\video-editing\foreign_0_0_speed_curve\outputs\外服0.0s_距离曲线_源数据.csv
外服0.0s,外服,实测,96,1.600000,10.835400,D:\Codex\video-editing\foreign_0_0_speed_curve\outputs\外服0.0s_距离曲线_源数据.csv
外服0.0s,外服,实测,97,1.616667,11.232200,D:\Codex\video-editing\foreign_0_0_speed_curve\outputs\外服0.0s_距离曲线_源数据.csv
外服0.0s,外服,实测,98,1.633333,11.339600,D:\Codex\video-editing\foreign_0_0_speed_curve\outputs\外服0.0s_距离曲线_源数据.csv
外服0.0s,外服,实测,99,1.650000,11.616330,D:\Codex\video-editing\foreign_0_0_speed_curve\outputs\外服0.0s_距离曲线_源数据.csv
外服0.0s,外服,实测,100,1.666667,11.616320,D:\Codex\video-editing\foreign_0_0_speed_curve\outputs\外服0.0s_距离曲线_源数据.csv
外服0.0s,外服,实测,101,1.683333,11.692200,D:\Codex\video-editing\foreign_0_0_speed_curve\outputs\外服0.0s_距离曲线_源数据.csv
外服0.0s,外服,实测,102,1.700000,12.081600,D:\Codex\video-editing\foreign_0_0_speed_curve\outputs\外服0.0s_距离曲线_源数据.csv
外服0.0s,外服,实测,103,1.716667,12.081200,D:\Codex\video-editing\foreign_0_0_speed_curve\outputs\外服0.0s_距离曲线_源数据.csv
外服0.0s,外服,实测,104,1.733333,12.542200,D:\Codex\video-editing\foreign_0_0_speed_curve\outputs\外服0.0s_距离曲线_源数据.csv
外服0.0s,外服,实测,105,1.750000,12.999200,D:\Codex\video-editing\foreign_0_0_speed_curve\outputs\外服0.0s_距离曲线_源数据.csv
外服0.0s,外服,实测,106,1.766667,12.999200,D:\Codex\video-editing\foreign_0_0_speed_curve\outputs\外服0.0s_距离曲线_源数据.csv
外服0.0s,外服,实测,107,1.783333,13.451200,D:\Codex\video-editing\foreign_0_0_speed_curve\outputs\外服0.0s_距离曲线_源数据.csv
外服0.0s,外服,实测,108,1.800000,13.451200,D:\Codex\video-editing\foreign_0_0_speed_curve\outputs\外服0.0s_距离曲线_源数据.csv
外服0.0s,外服,实测,109,1.816667,13.451200,D:\Codex\video-editing\foreign_0_0_speed_curve\outputs\外服0.0s_距离曲线_源数据.csv
外服0.0s,外服,实测,110,1.833333,13.899200,D:\Codex\video-editing\foreign_0_0_speed_curve\outputs\外服0.0s_距离曲线_源数据.csv
外服0.0s,外服,实测,111,1.850000,14.342200,D:\Codex\video-editing\foreign_0_0_speed_curve\outputs\外服0.0s_距离曲线_源数据.csv
外服0.0s,外服,实测,112,1.866667,14.342200,D:\Codex\video-editing\foreign_0_0_speed_curve\outputs\外服0.0s_距离曲线_源数据.csv
外服0.0s,外服,实测,113,1.883333,14.342200,D:\Codex\video-editing\foreign_0_0_speed_curve\outputs\外服0.0s_距离曲线_源数据.csv
外服0.0s,外服,实测,114,1.900000,14.748200,D:\Codex\video-editing\foreign_0_0_speed_curve\outputs\外服0.0s_距离曲线_源数据.csv
外服0.0s,外服,实测,115,1.916667,14.748200,D:\Codex\video-editing\foreign_0_0_speed_curve\outputs\外服0.0s_距离曲线_源数据.csv
外服0.0s,外服,实测,116,1.933333,15.149200,D:\Codex\video-editing\foreign_0_0_speed_curve\outputs\外服0.0s_距离曲线_源数据.csv
外服0.0s,外服,实测,117,1.950000,15.546300,D:\Codex\video-editing\foreign_0_0_speed_curve\outputs\外服0.0s_距离曲线_源数据.csv
外服0.0s,外服,实测,118,1.966667,15.546300,D:\Codex\video-editing\foreign_0_0_speed_curve\outputs\外服0.0s_距离曲线_源数据.csv
外服0.0s,外服,实测,119,1.983333,15.546300,D:\Codex\video-editing\foreign_0_0_speed_curve\outputs\外服0.0s_距离曲线_源数据.csv
外服0.0s,外服,实测,120,2.000000,15.938200,D:\Codex\video-editing\foreign_0_0_speed_curve\outputs\外服0.0s_距离曲线_源数据.csv
外服0.0s,外服,实测,121,2.016667,15.938200,D:\Codex\video-editing\foreign_0_0_speed_curve\outputs\外服0.0s_距离曲线_源数据.csv
外服0.0s,外服,实测,122,2.033333,16.326300,D:\Codex\video-editing\foreign_0_0_speed_curve\outputs\外服0.0s_距离曲线_源数据.csv
外服0.0s,外服,实测,123,2.050000,16.709200,D:\Codex\video-editing\foreign_0_0_speed_curve\outputs\外服0.0s_距离曲线_源数据.csv
外服0.0s,外服,实测,124,2.066667,16.709200,D:\Codex\video-editing\foreign_0_0_speed_curve\outputs\外服0.0s_距离曲线_源数据.csv
外服0.0s,外服,实测,125,2.083333,16.709200,D:\Codex\video-editing\foreign_0_0_speed_curve\outputs\外服0.0s_距离曲线_源数据.csv
外服0.0s,外服,实测,126,2.100000,17.088200,D:\Codex\video-editing\foreign_0_0_speed_curve\outputs\外服0.0s_距离曲线_源数据.csv
外服0.0s,外服,实测,127,2.116667,17.462200,D:\Codex\video-editing\foreign_0_0_speed_curve\outputs\外服0.0s_距离曲线_源数据.csv
外服0.0s,外服,实测,128,2.133333,17.462200,D:\Codex\video-editing\foreign_0_0_speed_curve\outputs\外服0.0s_距离曲线_源数据.csv
外服0.0s,外服,实测,129,2.150000,17.832200,D:\Codex\video-editing\foreign_0_0_speed_curve\outputs\外服0.0s_距离曲线_源数据.csv
外服0.0s,外服,实测,130,2.166667,17.832200,D:\Codex\video-editing\foreign_0_0_speed_curve\outputs\外服0.0s_距离曲线_源数据.csv
外服0.0s,外服,实测,131,2.183333,17.832200,D:\Codex\video-editing\foreign_0_0_speed_curve\outputs\外服0.0s_距离曲线_源数据.csv
外服0.0s,外服,实测,132,2.200000,18.198200,D:\Codex\video-editing\foreign_0_0_speed_curve\outputs\外服0.0s_距离曲线_源数据.csv
外服0.0s,外服,实测,133,2.216667,18.198200,D:\Codex\video-editing\foreign_0_0_speed_curve\outputs\外服0.0s_距离曲线_源数据.csv
外服0.0s,外服,实测,134,2.233333,18.612200,D:\Codex\video-editing\foreign_0_0_speed_curve\outputs\外服0.0s_距离曲线_源数据.csv
外服0.0s,外服,实测,135,2.250000,19.022300,D:\Codex\video-editing\foreign_0_0_speed_curve\outputs\外服0.0s_距离曲线_源数据.csv
外服0.0s,外服,实测,136,2.266667,19.022300,D:\Codex\video-editing\foreign_0_0_speed_curve\outputs\外服0.0s_距离曲线_源数据.csv
外服0.0s,外服,实测,137,2.283333,19.022300,D:\Codex\video-editing\foreign_0_0_speed_curve\outputs\外服0.0s_距离曲线_源数据.csv
外服0.0s,外服,实测,138,2.300000,19.426200,D:\Codex\video-editing\foreign_0_0_speed_curve\outputs\外服0.0s_距离曲线_源数据.csv
外服0.0s,外服,实测,139,2.316667,19.827200,D:\Codex\video-editing\foreign_0_0_speed_curve\outputs\外服0.0s_距离曲线_源数据.csv
外服0.0s,外服,实测,140,2.333333,19.827200,D:\Codex\video-editing\foreign_0_0_speed_curve\outputs\外服0.0s_距离曲线_源数据.csv
外服0.0s,外服,实测,141,2.350000,19.827200,D:\Codex\video-editing\foreign_0_0_speed_curve\outputs\外服0.0s_距离曲线_源数据.csv
外服0.0s,外服,实测,142,2.366667,20.223300,D:\Codex\video-editing\foreign_0_0_speed_curve\outputs\外服0.0s_距离曲线_源数据.csv
外服0.0s,外服,实测,143,2.383333,20.223300,D:\Codex\video-editing\foreign_0_0_speed_curve\outputs\外服0.0s_距离曲线_源数据.csv
外服0.0s,外服,实测,144,2.400000,20.614200,D:\Codex\video-editing\foreign_0_0_speed_curve\outputs\外服0.0s_距离曲线_源数据.csv
外服0.0s,外服,实测,145,2.416667,21.001200,D:\Codex\video-editing\foreign_0_0_speed_curve\outputs\外服0.0s_距离曲线_源数据.csv
外服0.0s,外服,实测,146,2.433333,21.001200,D:\Codex\video-editing\foreign_0_0_speed_curve\outputs\外服0.0s_距离曲线_源数据.csv
外服0.0s,外服,实测,147,2.450000,21.384300,D:\Codex\video-editing\foreign_0_0_speed_curve\outputs\外服0.0s_距离曲线_源数据.csv
外服0.0s,外服,实测,148,2.466667,21.384300,D:\Codex\video-editing\foreign_0_0_speed_curve\outputs\外服0.0s_距离曲线_源数据.csv
外服0.0s,外服,实测,149,2.483333,21.384300,D:\Codex\video-editing\foreign_0_0_speed_curve\outputs\外服0.0s_距离曲线_源数据.csv
外服0.0s,外服,实测,150,2.500000,21.762200,D:\Codex\video-editing\foreign_0_0_speed_curve\outputs\外服0.0s_距离曲线_源数据.csv
外服0.0s,外服,实测,151,2.516667,22.195200,D:\Codex\video-editing\foreign_0_0_speed_curve\outputs\外服0.0s_距离曲线_源数据.csv
外服0.0s,外服,实测,152,2.533333,22.195200,D:\Codex\video-editing\foreign_0_0_speed_curve\outputs\外服0.0s_距离曲线_源数据.csv
外服0.0s,外服,实测,153,2.550000,22.618200,D:\Codex\video-editing\foreign_0_0_speed_curve\outputs\外服0.0s_距离曲线_源数据.csv
外服0.0s,外服,实测,154,2.566667,23.049200,D:\Codex\video-editing\foreign_0_0_speed_curve\outputs\外服0.0s_距离曲线_源数据.csv
外服0.0s,外服,实测,155,2.583333,23.049200,D:\Codex\video-editing\foreign_0_0_speed_curve\outputs\外服0.0s_距离曲线_源数据.csv
外服0.0s,外服,实测,156,2.600000,23.049200,D:\Codex\video-editing\foreign_0_0_speed_curve\outputs\外服0.0s_距离曲线_源数据.csv
外服0.0s,外服,实测,157,2.616667,23.490200,D:\Codex\video-editing\foreign_0_0_speed_curve\outputs\外服0.0s_距离曲线_源数据.csv
外服0.0s,外服,实测,158,2.633333,23.490200,D:\Codex\video-editing\foreign_0_0_speed_curve\outputs\外服0.0s_距离曲线_源数据.csv
外服0.0s,外服,实测,159,2.650000,23.939200,D:\Codex\video-editing\foreign_0_0_speed_curve\outputs\外服0.0s_距离曲线_源数据.csv
外服0.0s,外服,实测,160,2.666667,24.397200,D:\Codex\video-editing\foreign_0_0_speed_curve\outputs\外服0.0s_距离曲线_源数据.csv
外服0.0s,外服,实测,161,2.683333,24.397200,D:\Codex\video-editing\foreign_0_0_speed_curve\outputs\外服0.0s_距离曲线_源数据.csv
外服0.0s,外服,实测,162,2.700000,24.397200,D:\Codex\video-editing\foreign_0_0_speed_curve\outputs\外服0.0s_距离曲线_源数据.csv
外服0.0s,外服,实测,163,2.716667,24.864200,D:\Codex\video-editing\foreign_0_0_speed_curve\outputs\外服0.0s_距离曲线_源数据.csv
外服0.0s,外服,实测,164,2.733333,24.864200,D:\Codex\video-editing\foreign_0_0_speed_curve\outputs\外服0.0s_距离曲线_源数据.csv
外服0.0s,外服,实测,165,2.750000,25.340200,D:\Codex\video-editing\foreign_0_0_speed_curve\outputs\外服0.0s_距离曲线_源数据.csv
外服0.0s,外服,实测,166,2.766667,25.825200,D:\Codex\video-editing\foreign_0_0_speed_curve\outputs\外服0.0s_距离曲线_源数据.csv
外服0.0s,外服,实测,167,2.783333,25.825200,D:\Codex\video-editing\foreign_0_0_speed_curve\outputs\外服0.0s_距离曲线_源数据.csv
外服0.0s,外服,实测,168,2.800000,25.825200,D:\Codex\video-editing\foreign_0_0_speed_curve\outputs\外服0.0s_距离曲线_源数据.csv
外服0.0s,外服,实测,169,2.816667,26.319200,D:\Codex\video-editing\foreign_0_0_speed_curve\outputs\外服0.0s_距离曲线_源数据.csv
外服0.0s,外服,实测,170,2.833333,26.319200,D:\Codex\video-editing\foreign_0_0_speed_curve\outputs\外服0.0s_距离曲线_源数据.csv
外服0.0s,外服,实测,171,2.850000,26.821200,D:\Codex\video-editing\foreign_0_0_speed_curve\outputs\外服0.0s_距离曲线_源数据.csv
外服0.0s,外服,实测,172,2.866667,27.333200,D:\Codex\video-editing\foreign_0_0_speed_curve\outputs\外服0.0s_距离曲线_源数据.csv
外服0.0s,外服,实测,173,2.883333,27.333200,D:\Codex\video-editing\foreign_0_0_speed_curve\outputs\外服0.0s_距离曲线_源数据.csv
外服0.0s,外服,实测,174,2.900000,27.333200,D:\Codex\video-editing\foreign_0_0_speed_curve\outputs\外服0.0s_距离曲线_源数据.csv
外服0.0s,外服,实测,175,2.916667,27.840200,D:\Codex\video-editing\foreign_0_0_speed_curve\outputs\外服0.0s_距离曲线_源数据.csv
外服0.0s,外服,实测,176,2.933333,27.840200,D:\Codex\video-editing\foreign_0_0_speed_curve\outputs\外服0.0s_距离曲线_源数据.csv
外服0.0s,外服,实测,177,2.950000,27.840200,D:\Codex\video-editing\foreign_0_0_speed_curve\outputs\外服0.0s_距离曲线_源数据.csv
外服0.0s,外服,实测,178,2.966667,28.282200,D:\Codex\video-editing\foreign_0_0_speed_curve\outputs\外服0.0s_距离曲线_源数据.csv
外服0.0s,外服,实测,179,2.983333,28.342600,D:\Codex\video-editing\foreign_0_0_speed_curve\outputs\外服0.0s_距离曲线_源数据.csv
外服0.0s,外服,实测,180,3.000000,28.342600,D:\Codex\video-editing\foreign_0_0_speed_curve\outputs\外服0.0s_距离曲线_源数据.csv
外服0.0s,外服,实测,181,3.016667,29.282200,D:\Codex\video-editing\foreign_0_0_speed_curve\outputs\外服0.0s_距离曲线_源数据.csv
外服0.0s,外服,实测,182,3.033333,29.282200,D:\Codex\video-editing\foreign_0_0_speed_curve\outputs\外服0.0s_距离曲线_源数据.csv
外服0.0s,外服,实测,183,3.050000,29.334600,D:\Codex\video-editing\foreign_0_0_speed_curve\outputs\外服0.0s_距离曲线_源数据.csv
外服0.0s,外服,实测,184,3.066667,30.117200,D:\Codex\video-editing\foreign_0_0_speed_curve\outputs\外服0.0s_距离曲线_源数据.csv
外服0.0s,外服,实测,185,3.083333,30.117200,D:\Codex\video-editing\foreign_0_0_speed_curve\outputs\外服0.0s_距离曲线_源数据.csv
外服0.0s,外服,实测,186,3.100000,30.117200,D:\Codex\video-editing\foreign_0_0_speed_curve\outputs\外服0.0s_距离曲线_源数据.csv
外服0.0s,外服,实测,187,3.116667,30.117200,D:\Codex\video-editing\foreign_0_0_speed_curve\outputs\外服0.0s_距离曲线_源数据.csv
外服0.0s,外服,实测,188,3.133333,30.308600,D:\Codex\video-editing\foreign_0_0_speed_curve\outputs\外服0.0s_距离曲线_源数据.csv
外服0.0s,外服,实测,189,3.150000,31.008300,D:\Codex\video-editing\foreign_0_0_speed_curve\outputs\外服0.0s_距离曲线_源数据.csv
外服0.0s,外服,实测,190,3.166667,31.691300,D:\Codex\video-editing\foreign_0_0_speed_curve\outputs\外服0.0s_距离曲线_源数据.csv
外服0.0s,外服,实测,191,3.183333,31.692500,D:\Codex\video-editing\foreign_0_0_speed_curve\outputs\外服0.0s_距离曲线_源数据.csv
外服0.0s,外服,实测,192,3.200000,31.690500,D:\Codex\video-editing\foreign_0_0_speed_curve\outputs\外服0.0s_距离曲线_源数据.csv
外服0.0s,外服,实测,193,3.216667,32.388200,D:\Codex\video-editing\foreign_0_0_speed_curve\outputs\外服0.0s_距离曲线_源数据.csv
外服0.0s,外服,实测,194,3.233333,33.003510,D:\Codex\video-editing\foreign_0_0_speed_curve\outputs\外服0.0s_距离曲线_源数据.csv
外服0.0s,外服,实测,195,3.250000,33.903300,D:\Codex\video-editing\foreign_0_0_speed_curve\outputs\外服0.0s_距离曲线_源数据.csv
外服0.0s,外服,实测,196,3.266667,33.458200,D:\Codex\video-editing\foreign_0_0_speed_curve\outputs\外服0.0s_距离曲线_源数据.csv
外服0.0s,外服,实测,197,3.283333,33.458200,D:\Codex\video-editing\foreign_0_0_speed_curve\outputs\外服0.0s_距离曲线_源数据.csv
外服0.0s,外服,实测,198,3.300000,33.458200,D:\Codex\video-editing\foreign_0_0_speed_curve\outputs\外服0.0s_距离曲线_源数据.csv
外服0.0s,外服,实测,199,3.316667,33.903300,D:\Codex\video-editing\foreign_0_0_speed_curve\outputs\外服0.0s_距离曲线_源数据.csv
外服0.0s,外服,实测,200,3.333333,35.458200,D:\Codex\video-editing\foreign_0_0_speed_curve\outputs\外服0.0s_距离曲线_源数据.csv
外服0.0s,外服,实测,201,3.350000,36.258200,D:\Codex\video-editing\foreign_0_0_speed_curve\outputs\外服0.0s_距离曲线_源数据.csv
外服0.0s,外服,实测,202,3.366667,36.258200,D:\Codex\video-editing\foreign_0_0_speed_curve\outputs\外服0.0s_距离曲线_源数据.csv
外服0.0s,外服,实测,203,3.383333,36.258200,D:\Codex\video-editing\foreign_0_0_speed_curve\outputs\外服0.0s_距离曲线_源数据.csv
外服0.0s,外服,实测,204,3.400000,34.758200,D:\Codex\video-editing\foreign_0_0_speed_curve\outputs\外服0.0s_距离曲线_源数据.csv
外服0.0s,外服,实测,205,3.416667,36.939200,D:\Codex\video-editing\foreign_0_0_speed_curve\outputs\外服0.0s_距离曲线_源数据.csv
外服0.0s,外服,实测,206,3.433333,37.427300,D:\Codex\video-editing\foreign_0_0_speed_curve\outputs\外服0.0s_距离曲线_源数据.csv
外服0.0s,外服,实测,207,3.450000,37.427300,D:\Codex\video-editing\foreign_0_0_speed_curve\outputs\外服0.0s_距离曲线_源数据.csv
外服0.0s,外服,实测,208,3.466667,37.427300,D:\Codex\video-editing\foreign_0_0_speed_curve\outputs\外服0.0s_距离曲线_源数据.csv
外服0.0s,外服,实测,209,3.483333,38.079200,D:\Codex\video-editing\foreign_0_0_speed_curve\outputs\外服0.0s_距离曲线_源数据.csv
外服0.0s,外服,实测,210,3.500000,38.079200,D:\Codex\video-editing\foreign_0_0_speed_curve\outputs\外服0.0s_距离曲线_源数据.csv
外服0.0s,外服,实测,211,3.516667,38.788200,D:\Codex\video-editing\foreign_0_0_speed_curve\outputs\外服0.0s_距离曲线_源数据.csv
外服0.0s,外服,实测,212,3.533333,39.485200,D:\Codex\video-editing\foreign_0_0_speed_curve\outputs\外服0.0s_距离曲线_源数据.csv
外服0.0s,外服,实测,213,3.550000,39.485200,D:\Codex\video-editing\foreign_0_0_speed_curve\outputs\外服0.0s_距离曲线_源数据.csv
外服0.0s,外服,实测,214,3.566667,39.485200,D:\Codex\video-editing\foreign_0_0_speed_curve\outputs\外服0.0s_距离曲线_源数据.csv
外服0.0s,外服,实测,215,3.583333,40.141200,D:\Codex\video-editing\foreign_0_0_speed_curve\outputs\外服0.0s_距离曲线_源数据.csv
外服0.0s,外服,实测,216,3.600000,40.141200,D:\Codex\video-editing\foreign_0_0_speed_curve\outputs\外服0.0s_距离曲线_源数据.csv
外服0.0s,外服,实测,217,3.616667,40.751200,D:\Codex\video-editing\foreign_0_0_speed_curve\outputs\外服0.0s_距离曲线_源数据.csv
外服0.0s,外服,实测,218,3.633333,41.307200,D:\Codex\video-editing\foreign_0_0_speed_curve\outputs\外服0.0s_距离曲线_源数据.csv
外服0.0s,外服,实测,219,3.650000,41.307200,D:\Codex\video-editing\foreign_0_0_speed_curve\outputs\外服0.0s_距离曲线_源数据.csv
外服0.0s,外服,实测,220,3.666667,41.307200,D:\Codex\video-editing\foreign_0_0_speed_curve\outputs\外服0.0s_距离曲线_源数据.csv
外服0.0s,外服,实测,221,3.683333,41.871200,D:\Codex\video-editing\foreign_0_0_speed_curve\outputs\外服0.0s_距离曲线_源数据.csv
外服0.0s,外服,实测,222,3.700000,41.871200,D:\Codex\video-editing\foreign_0_0_speed_curve\outputs\外服0.0s_距离曲线_源数据.csv
外服0.0s,外服,实测,223,3.716667,42.457300,D:\Codex\video-editing\foreign_0_0_speed_curve\outputs\外服0.0s_距离曲线_源数据.csv
外服0.0s,外服,实测,224,3.733333,43.045200,D:\Codex\video-editing\foreign_0_0_speed_curve\outputs\外服0.0s_距离曲线_源数据.csv
外服0.0s,外服,实测,225,3.750000,43.045200,D:\Codex\video-editing\foreign_0_0_speed_curve\outputs\外服0.0s_距离曲线_源数据.csv
外服0.0s,外服,实测,226,3.766667,43.045200,D:\Codex\video-editing\foreign_0_0_speed_curve\outputs\外服0.0s_距离曲线_源数据.csv
外服0.0s,外服,实测,227,3.783333,43.626200,D:\Codex\video-editing\foreign_0_0_speed_curve\outputs\外服0.0s_距离曲线_源数据.csv
外服0.0s,外服,实测,228,3.800000,44.202200,D:\Codex\video-editing\foreign_0_0_speed_curve\outputs\外服0.0s_距离曲线_源数据.csv
外服0.0s,外服,实测,229,3.816667,44.202200,D:\Codex\video-editing\foreign_0_0_speed_curve\outputs\外服0.0s_距离曲线_源数据.csv
外服0.0s,外服,实测,230,3.833333,44.781200,D:\Codex\video-editing\foreign_0_0_speed_curve\outputs\外服0.0s_距离曲线_源数据.csv
外服0.0s,外服,实测,231,3.850000,44.781200,D:\Codex\video-editing\foreign_0_0_speed_curve\outputs\外服0.0s_距离曲线_源数据.csv
外服0.0s,外服,实测,232,3.866667,45.369600,D:\Codex\video-editing\foreign_0_0_speed_curve\outputs\外服0.0s_距离曲线_源数据.csv
外服0.0s,外服,实测,233,3.883333,45.369600,D:\Codex\video-editing\foreign_0_0_speed_curve\outputs\外服0.0s_距离曲线_源数据.csv
外服0.0s,外服,实测,234,3.900000,45.369600,D:\Codex\video-editing\foreign_0_0_speed_curve\outputs\外服0.0s_距离曲线_源数据.csv
外服0.0s,外服,实测,235,3.916667,46.398200,D:\Codex\video-editing\foreign_0_0_speed_curve\outputs\外服0.0s_距离曲线_源数据.csv
外服0.0s,外服,实测,236,3.933333,46.810600,D:\Codex\video-editing\foreign_0_0_speed_curve\outputs\外服0.0s_距离曲线_源数据.csv
外服0.0s,外服,实测,237,3.950000,46.982200,D:\Codex\video-editing\foreign_0_0_speed_curve\outputs\外服0.0s_距离曲线_源数据.csv
外服0.0s,外服,实测,238,3.966667,46.982200,D:\Codex\video-editing\foreign_0_0_speed_curve\outputs\外服0.0s_距离曲线_源数据.csv
外服0.0s,外服,实测,239,3.983333,48.442600,D:\Codex\video-editing\foreign_0_0_speed_curve\outputs\外服0.0s_距离曲线_源数据.csv
外服0.0s,外服,实测,240,4.000000,48.442200,D:\Codex\video-editing\foreign_0_0_speed_curve\outputs\外服0.0s_距离曲线_源数据.csv
外服0.0s,外服,实测,241,4.016667,48.442200,D:\Codex\video-editing\foreign_0_0_speed_curve\outputs\外服0.0s_距离曲线_源数据.csv
外服0.0s,外服,实测,242,4.033333,49.251200,D:\Codex\video-editing\foreign_0_0_speed_curve\outputs\外服0.0s_距离曲线_源数据.csv
外服0.0s,外服,实测,243,4.050000,49.251200,D:\Codex\video-editing\foreign_0_0_speed_curve\outputs\外服0.0s_距离曲线_源数据.csv
外服0.0s,外服,实测,244,4.066667,49.251200,D:\Codex\video-editing\foreign_0_0_speed_curve\outputs\外服0.0s_距离曲线_源数据.csv
外服0.0s,外服,实测,245,4.083333,50.056200,D:\Codex\video-editing\foreign_0_0_speed_curve\outputs\外服0.0s_距离曲线_源数据.csv
外服0.0s,外服,实测,246,4.100000,50.056200,D:\Codex\video-editing\foreign_0_0_speed_curve\outputs\外服0.0s_距离曲线_源数据.csv
外服0.0s,外服,实测,247,4.116667,50.856200,D:\Codex\video-editing\foreign_0_0_speed_curve\outputs\外服0.0s_距离曲线_源数据.csv
外服0.0s,外服,实测,248,4.133333,51.652200,D:\Codex\video-editing\foreign_0_0_speed_curve\outputs\外服0.0s_距离曲线_源数据.csv
外服0.0s,外服,实测,249,4.150000,51.652200,D:\Codex\video-editing\foreign_0_0_speed_curve\outputs\外服0.0s_距离曲线_源数据.csv
外服0.0s,外服,实测,250,4.166667,52.410200,D:\Codex\video-editing\foreign_0_0_speed_curve\outputs\外服0.0s_距离曲线_源数据.csv
外服0.0s,外服,实测,251,4.183333,53.164200,D:\Codex\video-editing\foreign_0_0_speed_curve\outputs\外服0.0s_距离曲线_源数据.csv
外服0.0s,外服,实测,252,4.200000,53.164200,D:\Codex\video-editing\foreign_0_0_speed_curve\outputs\外服0.0s_距离曲线_源数据.csv
外服0.0s,外服,实测,253,4.216667,53.164200,D:\Codex\video-editing\foreign_0_0_speed_curve\outputs\外服0.0s_距离曲线_源数据.csv
外服0.0s,外服,实测,254,4.233333,53.164200,D:\Codex\video-editing\foreign_0_0_speed_curve\outputs\外服0.0s_距离曲线_源数据.csv
外服0.0s,外服,实测,255,4.250000,53.913200,D:\Codex\video-editing\foreign_0_0_speed_curve\outputs\外服0.0s_距离曲线_源数据.csv
外服0.0s,外服,实测,256,4.266667,54.658200,D:\Codex\video-editing\foreign_0_0_speed_curve\outputs\外服0.0s_距离曲线_源数据.csv
外服0.0s,外服,实测,257,4.283333,55.398200,D:\Codex\video-editing\foreign_0_0_speed_curve\outputs\外服0.0s_距离曲线_源数据.csv
外服0.0s,外服,实测,258,4.300000,55.398200,D:\Codex\video-editing\foreign_0_0_speed_curve\outputs\外服0.0s_距离曲线_源数据.csv
外服0.0s,外服,实测,259,4.316667,55.398200,D:\Codex\video-editing\foreign_0_0_speed_curve\outputs\外服0.0s_距离曲线_源数据.csv
外服0.0s,外服,实测,260,4.333333,56.134200,D:\Codex\video-editing\foreign_0_0_speed_curve\outputs\外服0.0s_距离曲线_源数据.csv
外服0.0s,外服,实测,261,4.350000,56.134200,D:\Codex\video-editing\foreign_0_0_speed_curve\outputs\外服0.0s_距离曲线_源数据.csv
外服0.0s,外服,实测,262,4.366667,56.866200,D:\Codex\video-editing\foreign_0_0_speed_curve\outputs\外服0.0s_距离曲线_源数据.csv
外服0.0s,外服,实测,263,4.383333,57.593200,D:\Codex\video-editing\foreign_0_0_speed_curve\outputs\外服0.0s_距离曲线_源数据.csv
外服0.0s,外服,实测,264,4.400000,57.593200,D:\Codex\video-editing\foreign_0_0_speed_curve\outputs\外服0.0s_距离曲线_源数据.csv
外服0.0s,外服,实测,265,4.416667,57.593200,D:\Codex\video-editing\foreign_0_0_speed_curve\outputs\外服0.0s_距离曲线_源数据.csv
外服0.0s,外服,实测,266,4.433333,58.315200,D:\Codex\video-editing\foreign_0_0_speed_curve\outputs\外服0.0s_距离曲线_源数据.csv
外服0.0s,外服,实测,267,4.450000,58.315200,D:\Codex\video-editing\foreign_0_0_speed_curve\outputs\外服0.0s_距离曲线_源数据.csv
外服0.0s,外服,实测,268,4.466667,59.033200,D:\Codex\video-editing\foreign_0_0_speed_curve\outputs\外服0.0s_距离曲线_源数据.csv
外服0.0s,外服,实测,269,4.483333,59.747200,D:\Codex\video-editing\foreign_0_0_speed_curve\outputs\外服0.0s_距离曲线_源数据.csv
外服0.0s,外服,实测,270,4.500000,59.747200,D:\Codex\video-editing\foreign_0_0_speed_curve\outputs\外服0.0s_距离曲线_源数据.csv
外服0.0s,外服,实测,271,4.516667,59.747200,D:\Codex\video-editing\foreign_0_0_speed_curve\outputs\外服0.0s_距离曲线_源数据.csv
外服0.0s,外服,实测,272,4.533333,60.456200,D:\Codex\video-editing\foreign_0_0_speed_curve\outputs\外服0.0s_距离曲线_源数据.csv
外服0.0s,外服,实测,273,4.550000,60.456200,D:\Codex\video-editing\foreign_0_0_speed_curve\outputs\外服0.0s_距离曲线_源数据.csv
外服0.0s,外服,实测,274,4.566667,61.161200,D:\Codex\video-editing\foreign_0_0_speed_curve\outputs\外服0.0s_距离曲线_源数据.csv
外服0.0s,外服,实测,275,4.583333,61.861200,D:\Codex\video-editing\foreign_0_0_speed_curve\outputs\外服0.0s_距离曲线_源数据.csv
外服0.0s,外服,实测,276,4.600000,61.861200,D:\Codex\video-editing\foreign_0_0_speed_curve\outputs\外服0.0s_距离曲线_源数据.csv
外服0.0s,外服,实测,277,4.616667,61.861600,D:\Codex\video-editing\foreign_0_0_speed_curve\outputs\外服0.0s_距离曲线_源数据.csv
外服0.0s,外服,实测,278,4.633333,62.557600,D:\Codex\video-editing\foreign_0_0_speed_curve\outputs\外服0.0s_距离曲线_源数据.csv
外服0.0s,外服,实测,279,4.650000,62.557200,D:\Codex\video-editing\foreign_0_0_speed_curve\outputs\外服0.0s_距离曲线_源数据.csv
外服0.0s,外服,实测,280,4.666667,63.249300,D:\Codex\video-editing\foreign_0_0_speed_curve\outputs\外服0.0s_距离曲线_源数据.csv
外服0.0s,外服,实测,281,4.683333,63.936300,D:\Codex\video-editing\foreign_0_0_speed_curve\outputs\外服0.0s_距离曲线_源数据.csv
外服0.0s,外服,实测,282,4.700000,63.936300,D:\Codex\video-editing\foreign_0_0_speed_curve\outputs\外服0.0s_距离曲线_源数据.csv
外服0.0s,外服,实测,283,4.716667,63.936300,D:\Codex\video-editing\foreign_0_0_speed_curve\outputs\外服0.0s_距离曲线_源数据.csv
外服0.0s,外服,实测,284,4.733333,64.618200,D:\Codex\video-editing\foreign_0_0_speed_curve\outputs\外服0.0s_距离曲线_源数据.csv
外服0.0s,外服,实测,285,4.750000,65.296200,D:\Codex\video-editing\foreign_0_0_speed_curve\outputs\外服0.0s_距离曲线_源数据.csv
外服0.0s,外服,实测,286,4.766667,65.296200,D:\Codex\video-editing\foreign_0_0_speed_curve\outputs\外服0.0s_距离曲线_源数据.csv
外服0.0s,外服,实测,287,4.783333,66.030200,D:\Codex\video-editing\foreign_0_0_speed_curve\outputs\外服0.0s_距离曲线_源数据.csv
外服0.0s,外服,实测,288,4.800000,66.030200,D:\Codex\video-editing\foreign_0_0_speed_curve\outputs\外服0.0s_距离曲线_源数据.csv
外服0.0s,外服,实测,289,4.816667,66.030200,D:\Codex\video-editing\foreign_0_0_speed_curve\outputs\外服0.0s_距离曲线_源数据.csv
外服0.0s,外服,实测,290,4.833333,66.753200,D:\Codex\video-editing\foreign_0_0_speed_curve\outputs\外服0.0s_距离曲线_源数据.csv
外服0.0s,外服,实测,291,4.850000,67.464200,D:\Codex\video-editing\foreign_0_0_speed_curve\outputs\外服0.0s_距离曲线_源数据.csv
外服0.0s,外服,实测,292,4.866667,67.464200,D:\Codex\video-editing\foreign_0_0_speed_curve\outputs\外服0.0s_距离曲线_源数据.csv
外服0.0s,外服,实测,293,4.883333,68.164200,D:\Codex\video-editing\foreign_0_0_speed_curve\outputs\外服0.0s_距离曲线_源数据.csv
外服0.0s,外服,实测,294,4.900000,68.164200,D:\Codex\video-editing\foreign_0_0_speed_curve\outputs\外服0.0s_距离曲线_源数据.csv
外服0.0s,外服,实测,295,4.916667,68.164200,D:\Codex\video-editing\foreign_0_0_speed_curve\outputs\外服0.0s_距离曲线_源数据.csv
外服0.0s,外服,实测,296,4.933333,68.874300,D:\Codex\video-editing\foreign_0_0_speed_curve\outputs\外服0.0s_距离曲线_源数据.csv
外服0.0s,外服,实测,297,4.950000,69.592200,D:\Codex\video-editing\foreign_0_0_speed_curve\outputs\外服0.0s_距离曲线_源数据.csv
外服0.0s,外服,实测,298,4.966667,69.592200,D:\Codex\video-editing\foreign_0_0_speed_curve\outputs\外服0.0s_距离曲线_源数据.csv
外服0.0s,外服,实测,299,4.983333,69.592200,D:\Codex\video-editing\foreign_0_0_speed_curve\outputs\外服0.0s_距离曲线_源数据.csv
外服0.0s,外服,实测,300,5.000000,70.068200,D:\Codex\video-editing\foreign_0_0_speed_curve\outputs\外服0.0s_距离曲线_源数据.csv
外服0.0s,外服,实测,301,5.016667,70.319200,D:\Codex\video-editing\foreign_0_0_speed_curve\outputs\外服0.0s_距离曲线_源数据.csv
外服0.0s,外服,实测,302,5.033333,71.050031,D:\Codex\video-editing\foreign_0_0_speed_curve\outputs\外服0.0s_距离曲线_源数据.csv
外服0.0s,外服,实测,303,5.050000,71.801300,D:\Codex\video-editing\foreign_0_0_speed_curve\outputs\外服0.0s_距离曲线_源数据.csv
外服0.0s,外服,实测,304,5.066667,71.799200,D:\Codex\video-editing\foreign_0_0_speed_curve\outputs\外服0.0s_距离曲线_源数据.csv
外服0.0s,外服,实测,305,5.083333,71.799200,D:\Codex\video-editing\foreign_0_0_speed_curve\outputs\外服0.0s_距离曲线_源数据.csv
外服0.0s,外服,实测,306,5.100000,72.540200,D:\Codex\video-editing\foreign_0_0_speed_curve\outputs\外服0.0s_距离曲线_源数据.csv
外服0.0s,外服,实测,307,5.116667,72.540200,D:\Codex\video-editing\foreign_0_0_speed_curve\outputs\外服0.0s_距离曲线_源数据.csv
外服0.0s,外服,实测,308,5.133333,73.276300,D:\Codex\video-editing\foreign_0_0_speed_curve\outputs\外服0.0s_距离曲线_源数据.csv
外服0.0s,外服,实测,309,5.150000,74.007200,D:\Codex\video-editing\foreign_0_0_speed_curve\outputs\外服0.0s_距离曲线_源数据.csv
外服0.0s,外服,实测,310,5.166667,74.007200,D:\Codex\video-editing\foreign_0_0_speed_curve\outputs\外服0.0s_距离曲线_源数据.csv
外服0.0s,外服,实测,311,5.183333,74.007200,D:\Codex\video-editing\foreign_0_0_speed_curve\outputs\外服0.0s_距离曲线_源数据.csv
外服0.0s,外服,实测,312,5.200000,74.734200,D:\Codex\video-editing\foreign_0_0_speed_curve\outputs\外服0.0s_距离曲线_源数据.csv
外服0.0s,外服,实测,313,5.216667,74.734200,D:\Codex\video-editing\foreign_0_0_speed_curve\outputs\外服0.0s_距离曲线_源数据.csv
外服0.0s,外服,实测,314,5.233333,75.457200,D:\Codex\video-editing\foreign_0_0_speed_curve\outputs\外服0.0s_距离曲线_源数据.csv
外服0.0s,外服,实测,315,5.250000,76.175200,D:\Codex\video-editing\foreign_0_0_speed_curve\outputs\外服0.0s_距离曲线_源数据.csv
外服0.0s,外服,实测,316,5.266667,76.175200,D:\Codex\video-editing\foreign_0_0_speed_curve\outputs\外服0.0s_距离曲线_源数据.csv
外服0.0s,外服,实测,317,5.283333,76.175200,D:\Codex\video-editing\foreign_0_0_speed_curve\outputs\外服0.0s_距离曲线_源数据.csv
外服0.0s,外服,实测,318,5.300000,76.889200,D:\Codex\video-editing\foreign_0_0_speed_curve\outputs\外服0.0s_距离曲线_源数据.csv
外服0.0s,外服,实测,319,5.316667,77.598200,D:\Codex\video-editing\foreign_0_0_speed_curve\outputs\外服0.0s_距离曲线_源数据.csv
外服0.0s,外服,实测,320,5.333333,77.598200,D:\Codex\video-editing\foreign_0_0_speed_curve\outputs\外服0.0s_距离曲线_源数据.csv
外服0.0s,外服,实测,321,5.350000,78.523200,D:\Codex\video-editing\foreign_0_0_speed_curve\outputs\外服0.0s_距离曲线_源数据.csv
外服0.0s,外服,实测,322,5.366667,78.523200,D:\Codex\video-editing\foreign_0_0_speed_curve\outputs\外服0.0s_距离曲线_源数据.csv
外服0.0s,外服,实测,323,5.383333,78.523200,D:\Codex\video-editing\foreign_0_0_speed_curve\outputs\外服0.0s_距离曲线_源数据.csv
外服0.0s,外服,实测,324,5.400000,79.430200,D:\Codex\video-editing\foreign_0_0_speed_curve\outputs\外服0.0s_距离曲线_源数据.csv
外服0.0s,外服,实测,325,5.416667,80.319200,D:\Codex\video-editing\foreign_0_0_speed_curve\outputs\外服0.0s_距离曲线_源数据.csv
外服0.0s,外服,实测,326,5.433333,80.319200,D:\Codex\video-editing\foreign_0_0_speed_curve\outputs\外服0.0s_距离曲线_源数据.csv
外服0.0s,外服,实测,327,5.450000,80.782200,D:\Codex\video-editing\foreign_0_0_speed_curve\outputs\外服0.0s_距离曲线_源数据.csv
外服0.0s,外服,实测,328,5.466667,81.190600,D:\Codex\video-editing\foreign_0_0_speed_curve\outputs\外服0.0s_距离曲线_源数据.csv
外服0.0s,外服,实测,329,5.483333,81.858200,D:\Codex\video-editing\foreign_0_0_speed_curve\outputs\外服0.0s_距离曲线_源数据.csv
外服0.0s,外服,实测,330,5.500000,82.342200,D:\Codex\video-editing\foreign_0_0_speed_curve\outputs\外服0.0s_距离曲线_源数据.csv
外服0.0s,外服,实测,331,5.516667,82.090400,D:\Codex\video-editing\foreign_0_0_speed_curve\outputs\外服0.0s_距离曲线_源数据.csv
外服0.0s,外服,实测,332,5.533333,84.781200,D:\Codex\video-editing\foreign_0_0_speed_curve\outputs\外服0.0s_距离曲线_源数据.csv
外服0.0s,外服,实测,333,5.550000,84.658200,D:\Codex\video-editing\foreign_0_0_speed_curve\outputs\外服0.0s_距离曲线_源数据.csv
外服0.0s,外服,实测,334,5.566667,84.658200,D:\Codex\video-editing\foreign_0_0_speed_curve\outputs\外服0.0s_距离曲线_源数据.csv
外服0.0s,外服,实测,335,5.583333,85.148200,D:\Codex\video-editing\foreign_0_0_speed_curve\outputs\外服0.0s_距离曲线_源数据.csv
外服0.0s,外服,实测,336,5.600000,85.692400,D:\Codex\video-editing\foreign_0_0_speed_curve\outputs\外服0.0s_距离曲线_源数据.csv
外服0.0s,外服,实测,337,5.616667,86.406200,D:\Codex\video-editing\foreign_0_0_speed_curve\outputs\外服0.0s_距离曲线_源数据.csv
外服0.0s,外服,实测,338,5.633333,86.406200,D:\Codex\video-editing\foreign_0_0_speed_curve\outputs\外服0.0s_距离曲线_源数据.csv
外服0.0s,外服,实测,339,5.650000,87.365200,D:\Codex\video-editing\foreign_0_0_speed_curve\outputs\外服0.0s_距离曲线_源数据.csv
外服0.0s,外服,实测,340,5.666667,87.365200,D:\Codex\video-editing\foreign_0_0_speed_curve\outputs\外服0.0s_距离曲线_源数据.csv
外服0.0s,外服,实测,341,5.683333,87.365200,D:\Codex\video-editing\foreign_0_0_speed_curve\outputs\外服0.0s_距离曲线_源数据.csv
外服0.0s,外服,实测,342,5.700000,88.407200,D:\Codex\video-editing\foreign_0_0_speed_curve\outputs\外服0.0s_距离曲线_源数据.csv
外服0.0s,外服,实测,343,5.716667,89.435200,D:\Codex\video-editing\foreign_0_0_speed_curve\outputs\外服0.0s_距离曲线_源数据.csv
外服0.0s,外服,实测,344,5.733333,89.435200,D:\Codex\video-editing\foreign_0_0_speed_curve\outputs\外服0.0s_距离曲线_源数据.csv
外服0.0s,外服,实测,345,5.750000,90.406300,D:\Codex\video-editing\foreign_0_0_speed_curve\outputs\外服0.0s_距离曲线_源数据.csv
外服0.0s,外服,实测,346,5.766667,90.406300,D:\Codex\video-editing\foreign_0_0_speed_curve\outputs\外服0.0s_距离曲线_源数据.csv
外服0.0s,外服,实测,347,5.783333,90.406300,D:\Codex\video-editing\foreign_0_0_speed_curve\outputs\外服0.0s_距离曲线_源数据.csv
外服0.0s,外服,实测,348,5.800000,91.310200,D:\Codex\video-editing\foreign_0_0_speed_curve\outputs\外服0.0s_距离曲线_源数据.csv
外服0.0s,外服,实测,349,5.816667,92.160200,D:\Codex\video-editing\foreign_0_0_speed_curve\outputs\外服0.0s_距离曲线_源数据.csv
外服0.0s,外服,实测,350,5.833333,92.160200,D:\Codex\video-editing\foreign_0_0_speed_curve\outputs\外服0.0s_距离曲线_源数据.csv
外服0.0s,外服,实测,351,5.850000,92.989300,D:\Codex\video-editing\foreign_0_0_speed_curve\outputs\外服0.0s_距离曲线_源数据.csv
外服0.0s,外服,实测,352,5.866667,93.826300,D:\Codex\video-editing\foreign_0_0_speed_curve\outputs\外服0.0s_距离曲线_源数据.csv
外服0.0s,外服,实测,353,5.883333,93.826300,D:\Codex\video-editing\foreign_0_0_speed_curve\outputs\外服0.0s_距离曲线_源数据.csv
外服0.0s,外服,实测,354,5.900000,93.826300,D:\Codex\video-editing\foreign_0_0_speed_curve\outputs\外服0.0s_距离曲线_源数据.csv
外服0.0s,外服,实测,355,5.916667,94.674200,D:\Codex\video-editing\foreign_0_0_speed_curve\outputs\外服0.0s_距离曲线_源数据.csv
外服0.0s,外服,实测,356,5.933333,94.674200,D:\Codex\video-editing\foreign_0_0_speed_curve\outputs\外服0.0s_距离曲线_源数据.csv
外服0.0s,外服,实测,357,5.950000,95.524200,D:\Codex\video-editing\foreign_0_0_speed_curve\outputs\外服0.0s_距离曲线_源数据.csv
外服0.0s,外服,实测,358,5.966667,96.367200,D:\Codex\video-editing\foreign_0_0_speed_curve\outputs\外服0.0s_距离曲线_源数据.csv
外服0.0s,外服,实测,359,5.983333,96.367200,D:\Codex\video-editing\foreign_0_0_speed_curve\outputs\外服0.0s_距离曲线_源数据.csv
外服0.0s,外服,实测,360,6.000000,96.367200,D:\Codex\video-editing\foreign_0_0_speed_curve\outputs\外服0.0s_距离曲线_源数据.csv
外服0.0s,外服,实测,361,6.016667,97.205200,D:\Codex\video-editing\foreign_0_0_speed_curve\outputs\外服0.0s_距离曲线_源数据.csv
外服0.0s,外服,实测,362,6.033333,97.205200,D:\Codex\video-editing\foreign_0_0_speed_curve\outputs\外服0.0s_距离曲线_源数据.csv
外服0.0s,外服,实测,363,6.050000,98.048200,D:\Codex\video-editing\foreign_0_0_speed_curve\outputs\外服0.0s_距离曲线_源数据.csv
外服0.0s,外服,实测,364,6.066667,98.598200,D:\Codex\video-editing\foreign_0_0_speed_curve\outputs\外服0.0s_距离曲线_源数据.csv
外服0.0s,外服,实测,365,6.083333,98.899600,D:\Codex\video-editing\foreign_0_0_speed_curve\outputs\外服0.0s_距离曲线_源数据.csv
外服0.0s,外服,实测,366,6.100000,98.899600,D:\Codex\video-editing\foreign_0_0_speed_curve\outputs\外服0.0s_距离曲线_源数据.csv
外服0.0s,外服,实测,367,6.116667,99.782200,D:\Codex\video-editing\foreign_0_0_speed_curve\outputs\外服0.0s_距离曲线_源数据.csv
外服0.0s,外服,实测,368,6.133333,100.858200,D:\Codex\video-editing\foreign_0_0_speed_curve\outputs\外服0.0s_距离曲线_源数据.csv
外服0.0s,外服,实测,369,6.150000,100.872200,D:\Codex\video-editing\foreign_0_0_speed_curve\outputs\外服0.0s_距离曲线_源数据.csv
外服0.0s,外服,实测,370,6.166667,101.952200,D:\Codex\video-editing\foreign_0_0_speed_curve\outputs\外服0.0s_距离曲线_源数据.csv
外服0.0s,外服,实测,371,6.183333,101.948200,D:\Codex\video-editing\foreign_0_0_speed_curve\outputs\外服0.0s_距离曲线_源数据.csv
外服0.0s,外服,实测,372,6.200000,101.948200,D:\Codex\video-editing\foreign_0_0_speed_curve\outputs\外服0.0s_距离曲线_源数据.csv
外服0.0s,外服,实测,373,6.216667,101.948200,D:\Codex\video-editing\foreign_0_0_speed_curve\outputs\外服0.0s_距离曲线_源数据.csv
外服0.0s,外服,实测,374,6.233333,103.028200,D:\Codex\video-editing\foreign_0_0_speed_curve\outputs\外服0.0s_距离曲线_源数据.csv
外服0.0s,外服,实测,375,6.250000,103.028200,D:\Codex\video-editing\foreign_0_0_speed_curve\outputs\外服0.0s_距离曲线_源数据.csv
外服0.0s,外服,实测,376,6.266667,104.098200,D:\Codex\video-editing\foreign_0_0_speed_curve\outputs\外服0.0s_距离曲线_源数据.csv
外服0.0s,外服,实测,377,6.283333,104.098200,D:\Codex\video-editing\foreign_0_0_speed_curve\outputs\外服0.0s_距离曲线_源数据.csv
外服0.0s,外服,实测,378,6.300000,104.098200,D:\Codex\video-editing\foreign_0_0_speed_curve\outputs\外服0.0s_距离曲线_源数据.csv
外服0.0s,外服,实测,379,6.316667,105.168200,D:\Codex\video-editing\foreign_0_0_speed_curve\outputs\外服0.0s_距离曲线_源数据.csv
外服0.0s,外服,实测,380,6.333333,105.168200,D:\Codex\video-editing\foreign_0_0_speed_curve\outputs\外服0.0s_距离曲线_源数据.csv
外服0.0s,外服,实测,381,6.350000,105.168200,D:\Codex\video-editing\foreign_0_0_speed_curve\outputs\外服0.0s_距离曲线_源数据.csv
外服0.0s,外服,实测,382,6.366667,106.198200,D:\Codex\video-editing\foreign_0_0_speed_curve\outputs\外服0.0s_距离曲线_源数据.csv
外服0.0s,外服,实测,383,6.383333,107.228200,D:\Codex\video-editing\foreign_0_0_speed_curve\outputs\外服0.0s_距离曲线_源数据.csv
外服0.0s,外服,实测,384,6.400000,107.228200,D:\Codex\video-editing\foreign_0_0_speed_curve\outputs\外服0.0s_距离曲线_源数据.csv
外服0.0s,外服,实测,385,6.416667,107.228200,D:\Codex\video-editing\foreign_0_0_speed_curve\outputs\外服0.0s_距离曲线_源数据.csv
外服0.0s,外服,实测,386,6.433333,108.248200,D:\Codex\video-editing\foreign_0_0_speed_curve\outputs\外服0.0s_距离曲线_源数据.csv
外服0.0s,外服,实测,387,6.450000,109.268200,D:\Codex\video-editing\foreign_0_0_speed_curve\outputs\外服0.0s_距离曲线_源数据.csv
外服0.0s,外服,实测,388,6.466667,110.278200,D:\Codex\video-editing\foreign_0_0_speed_curve\outputs\外服0.0s_距离曲线_源数据.csv
外服0.0s,外服,实测,389,6.483333,110.278200,D:\Codex\video-editing\foreign_0_0_speed_curve\outputs\外服0.0s_距离曲线_源数据.csv
外服0.0s,外服,实测,390,6.500000,110.278200,D:\Codex\video-editing\foreign_0_0_speed_curve\outputs\外服0.0s_距离曲线_源数据.csv
外服0.0s,外服,实测,391,6.516667,111.288200,D:\Codex\video-editing\foreign_0_0_speed_curve\outputs\外服0.0s_距离曲线_源数据.csv
外服0.0s,外服,实测,392,6.533333,112.298200,D:\Codex\video-editing\foreign_0_0_speed_curve\outputs\外服0.0s_距离曲线_源数据.csv
外服0.0s,外服,实测,393,6.550000,112.298200,D:\Codex\video-editing\foreign_0_0_speed_curve\outputs\外服0.0s_距离曲线_源数据.csv
外服0.0s,外服,实测,394,6.566667,112.298200,D:\Codex\video-editing\foreign_0_0_speed_curve\outputs\外服0.0s_距离曲线_源数据.csv
外服0.0s,外服,实测,395,6.583333,113.298200,D:\Codex\video-editing\foreign_0_0_speed_curve\outputs\外服0.0s_距离曲线_源数据.csv
外服0.0s,外服,实测,396,6.600000,113.298200,D:\Codex\video-editing\foreign_0_0_speed_curve\outputs\外服0.0s_距离曲线_源数据.csv
外服0.0s,外服,实测,397,6.616667,114.288200,D:\Codex\video-editing\foreign_0_0_speed_curve\outputs\外服0.0s_距离曲线_源数据.csv
外服0.0s,外服,实测,398,6.633333,115.288200,D:\Codex\video-editing\foreign_0_0_speed_curve\outputs\外服0.0s_距离曲线_源数据.csv
外服0.0s,外服,实测,399,6.650000,115.288200,D:\Codex\video-editing\foreign_0_0_speed_curve\outputs\外服0.0s_距离曲线_源数据.csv
外服0.0s,外服,实测,400,6.666667,115.292200,D:\Codex\video-editing\foreign_0_0_speed_curve\outputs\外服0.0s_距离曲线_源数据.csv
外服0.0s,外服,实测,401,6.683333,116.272200,D:\Codex\video-editing\foreign_0_0_speed_curve\outputs\外服0.0s_距离曲线_源数据.csv
外服0.0s,外服,实测,402,6.700000,116.598200,D:\Codex\video-editing\foreign_0_0_speed_curve\outputs\外服0.0s_距离曲线_源数据.csv
外服0.0s,外服,实测,403,6.716667,117.252200,D:\Codex\video-editing\foreign_0_0_speed_curve\outputs\外服0.0s_距离曲线_源数据.csv
外服0.0s,外服,实测,404,6.733333,117.858200,D:\Codex\video-editing\foreign_0_0_speed_curve\outputs\外服0.0s_距离曲线_源数据.csv
外服0.0s,外服,实测,405,6.750000,118.232200,D:\Codex\video-editing\foreign_0_0_speed_curve\outputs\外服0.0s_距离曲线_源数据.csv
外服0.0s,外服,实测,406,6.766667,118.232200,D:\Codex\video-editing\foreign_0_0_speed_curve\outputs\外服0.0s_距离曲线_源数据.csv
外服0.0s,外服,实测,407,6.783333,119.209600,D:\Codex\video-editing\foreign_0_0_speed_curve\outputs\外服0.0s_距离曲线_源数据.csv
外服0.0s,外服,实测,408,6.800000,119.858200,D:\Codex\video-editing\foreign_0_0_speed_curve\outputs\外服0.0s_距离曲线_源数据.csv
外服0.0s,外服,实测,409,6.816667,120.180200,D:\Codex\video-editing\foreign_0_0_speed_curve\outputs\外服0.0s_距离曲线_源数据.csv
外服0.0s,外服,实测,410,6.833333,121.142200,D:\Codex\video-editing\foreign_0_0_speed_curve\outputs\外服0.0s_距离曲线_源数据.csv
外服0.0s,外服,实测,411,6.850000,121.140200,D:\Codex\video-editing\foreign_0_0_speed_curve\outputs\外服0.0s_距离曲线_源数据.csv
外服0.0s,外服,实测,412,6.866667,121.948200,D:\Codex\video-editing\foreign_0_0_speed_curve\outputs\外服0.0s_距离曲线_源数据.csv
外服0.0s,外服,实测,413,6.883333,122.098200,D:\Codex\video-editing\foreign_0_0_speed_curve\outputs\外服0.0s_距离曲线_源数据.csv
外服0.0s,外服,实测,414,6.900000,122.858200,D:\Codex\video-editing\foreign_0_0_speed_curve\outputs\外服0.0s_距离曲线_源数据.csv
外服0.0s,外服,实测,415,6.916667,123.058300,D:\Codex\video-editing\foreign_0_0_speed_curve\outputs\外服0.0s_距离曲线_源数据.csv
外服0.0s,外服,实测,416,6.933333,123.983200,D:\Codex\video-editing\foreign_0_0_speed_curve\outputs\外服0.0s_距离曲线_源数据.csv
外服0.0s,外服,实测,417,6.950000,124.008200,D:\Codex\video-editing\foreign_0_0_speed_curve\outputs\外服0.0s_距离曲线_源数据.csv
外服0.0s,外服,实测,418,6.966667,124.998200,D:\Codex\video-editing\foreign_0_0_speed_curve\outputs\外服0.0s_距离曲线_源数据.csv
外服0.0s,外服,实测,419,6.983333,124.998200,D:\Codex\video-editing\foreign_0_0_speed_curve\outputs\外服0.0s_距离曲线_源数据.csv
外服0.0s,外服,实测,420,7.000000,124.998200,D:\Codex\video-editing\foreign_0_0_speed_curve\outputs\外服0.0s_距离曲线_源数据.csv
外服0.0s,外服,实测,421,7.016667,125.978200,D:\Codex\video-editing\foreign_0_0_speed_curve\outputs\外服0.0s_距离曲线_源数据.csv
外服0.0s,外服,实测,422,7.033333,126.959200,D:\Codex\video-editing\foreign_0_0_speed_curve\outputs\外服0.0s_距离曲线_源数据.csv
外服0.0s,外服,实测,423,7.050000,126.959200,D:\Codex\video-editing\foreign_0_0_speed_curve\outputs\外服0.0s_距离曲线_源数据.csv
外服0.0s,外服,实测,424,7.066667,127.939200,D:\Codex\video-editing\foreign_0_0_speed_curve\outputs\外服0.0s_距离曲线_源数据.csv
外服0.0s,外服,实测,425,7.083333,128.268200,D:\Codex\video-editing\foreign_0_0_speed_curve\outputs\外服0.0s_距离曲线_源数据.csv
外服0.0s,外服,实测,426,7.100000,128.268200,D:\Codex\video-editing\foreign_0_0_speed_curve\outputs\外服0.0s_距离曲线_源数据.csv
外服0.0s,外服,实测,427,7.116667,129.158200,D:\Codex\video-editing\foreign_0_0_speed_curve\outputs\外服0.0s_距离曲线_源数据.csv
外服0.0s,外服,实测,428,7.133333,129.918200,D:\Codex\video-editing\foreign_0_0_speed_curve\outputs\外服0.0s_距离曲线_源数据.csv
外服0.0s,外服,实测,429,7.150000,129.918200,D:\Codex\video-editing\foreign_0_0_speed_curve\outputs\外服0.0s_距离曲线_源数据.csv
外服0.0s,外服,实测,430,7.166667,130.928200,D:\Codex\video-editing\foreign_0_0_speed_curve\outputs\外服0.0s_距离曲线_源数据.csv
外服0.0s,外服,实测,431,7.183333,130.928200,D:\Codex\video-editing\foreign_0_0_speed_curve\outputs\外服0.0s_距离曲线_源数据.csv
外服0.0s,外服,实测,432,7.200000,130.928200,D:\Codex\video-editing\foreign_0_0_speed_curve\outputs\外服0.0s_距离曲线_源数据.csv
外服0.0s,外服,实测,433,7.216667,131.949200,D:\Codex\video-editing\foreign_0_0_speed_curve\outputs\外服0.0s_距离曲线_源数据.csv
外服0.0s,外服,实测,434,7.233333,132.968200,D:\Codex\video-editing\foreign_0_0_speed_curve\outputs\外服0.0s_距离曲线_源数据.csv
外服0.0s,外服,实测,435,7.250000,132.968200,D:\Codex\video-editing\foreign_0_0_speed_curve\outputs\外服0.0s_距离曲线_源数据.csv
外服0.0s,外服,实测,436,7.266667,134.008200,D:\Codex\video-editing\foreign_0_0_speed_curve\outputs\外服0.0s_距离曲线_源数据.csv
外服0.0s,外服,实测,437,7.283333,134.008200,D:\Codex\video-editing\foreign_0_0_speed_curve\outputs\外服0.0s_距离曲线_源数据.csv
外服0.0s,外服,实测,438,7.300000,134.008200,D:\Codex\video-editing\foreign_0_0_speed_curve\outputs\外服0.0s_距离曲线_源数据.csv
外服0.0s,外服,实测,439,7.316667,135.048200,D:\Codex\video-editing\foreign_0_0_speed_curve\outputs\外服0.0s_距离曲线_源数据.csv
外服0.0s,外服,实测,440,7.333333,135.898200,D:\Codex\video-editing\foreign_0_0_speed_curve\outputs\外服0.0s_距离曲线_源数据.csv
外服0.0s,外服,实测,441,7.350000,136.102200,D:\Codex\video-editing\foreign_0_0_speed_curve\outputs\外服0.0s_距离曲线_源数据.csv
外服0.0s,外服,实测,442,7.366667,136.498200,D:\Codex\video-editing\foreign_0_0_speed_curve\outputs\外服0.0s_距离曲线_源数据.csv
外服0.0s,外服,实测,443,7.383333,136.198200,D:\Codex\video-editing\foreign_0_0_speed_curve\outputs\外服0.0s_距离曲线_源数据.csv
外服0.0s,外服,实测,444,7.400000,137.658200,D:\Codex\video-editing\foreign_0_0_speed_curve\outputs\外服0.0s_距离曲线_源数据.csv
外服0.0s,外服,实测,445,7.416667,138.232200,D:\Codex\video-editing\foreign_0_0_speed_curve\outputs\外服0.0s_距离曲线_源数据.csv
外服0.0s,外服,实测,446,7.433333,138.898200,D:\Codex\video-editing\foreign_0_0_speed_curve\outputs\外服0.0s_距离曲线_源数据.csv
外服0.0s,外服,实测,447,7.450000,138.948200,D:\Codex\video-editing\foreign_0_0_speed_curve\outputs\外服0.0s_距离曲线_源数据.csv
外服0.0s,外服,实测,448,7.466667,139.468200,D:\Codex\video-editing\foreign_0_0_speed_curve\outputs\外服0.0s_距离曲线_源数据.csv
外服0.0s,外服,实测,449,7.483333,140.658200,D:\Codex\video-editing\foreign_0_0_speed_curve\outputs\外服0.0s_距离曲线_源数据.csv
外服0.0s,外服,实测,450,7.500000,140.928200,D:\Codex\video-editing\foreign_0_0_speed_curve\outputs\外服0.0s_距离曲线_源数据.csv
外服0.0s,外服,实测,451,7.516667,140.928200,D:\Codex\video-editing\foreign_0_0_speed_curve\outputs\外服0.0s_距离曲线_源数据.csv
外服0.0s,外服,实测,452,7.533333,141.428200,D:\Codex\video-editing\foreign_0_0_speed_curve\outputs\外服0.0s_距离曲线_源数据.csv
外服0.0s,外服,实测,453,7.550000,142.488200,D:\Codex\video-editing\foreign_0_0_speed_curve\outputs\外服0.0s_距离曲线_源数据.csv
外服0.0s,外服,实测,454,7.566667,143.538200,D:\Codex\video-editing\foreign_0_0_speed_curve\outputs\外服0.0s_距离曲线_源数据.csv
外服0.0s,外服,实测,455,7.583333,144.808200,D:\Codex\video-editing\foreign_0_0_speed_curve\outputs\外服0.0s_距离曲线_源数据.csv
外服0.0s,外服,实测,456,7.600000,144.808200,D:\Codex\video-editing\foreign_0_0_speed_curve\outputs\外服0.0s_距离曲线_源数据.csv
外服0.0s,外服,实测,457,7.616667,144.808200,D:\Codex\video-editing\foreign_0_0_speed_curve\outputs\外服0.0s_距离曲线_源数据.csv
外服0.0s,外服,实测,458,7.633333,146.058200,D:\Codex\video-editing\foreign_0_0_speed_curve\outputs\外服0.0s_距离曲线_源数据.csv
外服0.0s,外服,实测,459,7.650000,146.058200,D:\Codex\video-editing\foreign_0_0_speed_curve\outputs\外服0.0s_距离曲线_源数据.csv
外服0.0s,外服,实测,460,7.666667,147.299200,D:\Codex\video-editing\foreign_0_0_speed_curve\outputs\外服0.0s_距离曲线_源数据.csv
外服0.0s,外服,实测,461,7.683333,147.299200,D:\Codex\video-editing\foreign_0_0_speed_curve\outputs\外服0.0s_距离曲线_源数据.csv
外服0.0s,外服,实测,462,7.700000,148.508200,D:\Codex\video-editing\foreign_0_0_speed_curve\outputs\外服0.0s_距离曲线_源数据.csv
外服0.0s,外服,实测,463,7.716667,148.508200,D:\Codex\video-editing\foreign_0_0_speed_curve\outputs\外服0.0s_距离曲线_源数据.csv
外服0.0s,外服,实测,464,7.733333,149.008200,D:\Codex\video-editing\foreign_0_0_speed_curve\outputs\外服0.0s_距离曲线_源数据.csv
外服0.0s,外服,实测,465,7.750000,149.008200,D:\Codex\video-editing\foreign_0_0_speed_curve\outputs\外服0.0s_距离曲线_源数据.csv
外服0.0s,外服,实测,466,7.766667,149.008200,D:\Codex\video-editing\foreign_0_0_speed_curve\outputs\外服0.0s_距离曲线_源数据.csv
外服0.0s,外服,实测,467,7.783333,149.489200,D:\Codex\video-editing\foreign_0_0_speed_curve\outputs\外服0.0s_距离曲线_源数据.csv
外服0.0s,外服,实测,468,7.800000,149.948200,D:\Codex\video-editing\foreign_0_0_speed_curve\outputs\外服0.0s_距离曲线_源数据.csv
外服0.0s,外服,实测,469,7.816667,150.398200,D:\Codex\video-editing\foreign_0_0_speed_curve\outputs\外服0.0s_距离曲线_源数据.csv
外服0.0s,外服,实测,470,7.833333,151.858200,D:\Codex\video-editing\foreign_0_0_speed_curve\outputs\外服0.0s_距离曲线_源数据.csv
外服0.0s,外服,实测,471,7.850000,152.458200,D:\Codex\video-editing\foreign_0_0_speed_curve\outputs\外服0.0s_距离曲线_源数据.csv
外服0.0s,外服,实测,472,7.866667,153.858200,D:\Codex\video-editing\foreign_0_0_speed_curve\outputs\外服0.0s_距离曲线_源数据.csv
外服0.0s,外服,实测,473,7.883333,154.442200,D:\Codex\video-editing\foreign_0_0_speed_curve\outputs\外服0.0s_距离曲线_源数据.csv
外服0.0s,外服,实测,474,7.900000,155.720200,D:\Codex\video-editing\foreign_0_0_speed_curve\outputs\外服0.0s_距离曲线_源数据.csv
外服0.0s,外服,实测,475,7.916667,156.098200,D:\Codex\video-editing\foreign_0_0_speed_curve\outputs\外服0.0s_距离曲线_源数据.csv
外服0.0s,外服,实测,476,7.933333,156.998200,D:\Codex\video-editing\foreign_0_0_speed_curve\outputs\外服0.0s_距离曲线_源数据.csv
外服0.0s,外服,实测,477,7.950000,158.248200,D:\Codex\video-editing\foreign_0_0_speed_curve\outputs\外服0.0s_距离曲线_源数据.csv
外服0.0s,外服,实测,478,7.966667,158.248200,D:\Codex\video-editing\foreign_0_0_speed_curve\outputs\外服0.0s_距离曲线_源数据.csv
外服0.0s,外服,实测,479,7.983333,158.248200,D:\Codex\video-editing\foreign_0_0_speed_curve\outputs\外服0.0s_距离曲线_源数据.csv
外服0.0s,外服,实测,480,8.000000,158.248200,D:\Codex\video-editing\foreign_0_0_speed_curve\outputs\外服0.0s_距离曲线_源数据.csv
外服0.0s,外服,实测,481,8.016667,159.498200,D:\Codex\video-editing\foreign_0_0_speed_curve\outputs\外服0.0s_距离曲线_源数据.csv
外服0.0s,外服,实测,482,8.033333,160.778200,D:\Codex\video-editing\foreign_0_0_speed_curve\outputs\外服0.0s_距离曲线_源数据.csv
外服0.0s,外服,实测,483,8.050000,162.008200,D:\Codex\video-editing\foreign_0_0_speed_curve\outputs\外服0.0s_距离曲线_源数据.csv
外服0.0s,外服,实测,484,8.066667,162.008200,D:\Codex\video-editing\foreign_0_0_speed_curve\outputs\外服0.0s_距离曲线_源数据.csv
外服0.0s,外服,实测,485,8.083333,162.008200,D:\Codex\video-editing\foreign_0_0_speed_curve\outputs\外服0.0s_距离曲线_源数据.csv
外服0.0s,外服,实测,486,8.100000,162.008200,D:\Codex\video-editing\foreign_0_0_speed_curve\outputs\外服0.0s_距离曲线_源数据.csv
外服0.0s,外服,实测,487,8.116667,163.168200,D:\Codex\video-editing\foreign_0_0_speed_curve\outputs\外服0.0s_距离曲线_源数据.csv
外服0.0s,外服,实测,488,8.133333,164.298200,D:\Codex\video-editing\foreign_0_0_speed_curve\outputs\外服0.0s_距离曲线_源数据.csv
外服0.0s,外服,实测,489,8.150000,165.418200,D:\Codex\video-editing\foreign_0_0_speed_curve\outputs\外服0.0s_距离曲线_源数据.csv
外服0.0s,外服,实测,490,8.166667,165.418200,D:\Codex\video-editing\foreign_0_0_speed_curve\outputs\外服0.0s_距离曲线_源数据.csv
外服0.0s,外服,实测,491,8.183333,166.518200,D:\Codex\video-editing\foreign_0_0_speed_curve\outputs\外服0.0s_距离曲线_源数据.csv
外服0.0s,外服,实测,492,8.200000,166.518200,D:\Codex\video-editing\foreign_0_0_speed_curve\outputs\外服0.0s_距离曲线_源数据.csv
外服0.0s,外服,实测,493,8.216667,166.518200,D:\Codex\video-editing\foreign_0_0_speed_curve\outputs\外服0.0s_距离曲线_源数据.csv
外服0.0s,外服,实测,494,8.233333,167.628200,D:\Codex\video-editing\foreign_0_0_speed_curve\outputs\外服0.0s_距离曲线_源数据.csv
外服0.0s,外服,实测,495,8.250000,168.728200,D:\Codex\video-editing\foreign_0_0_speed_curve\outputs\外服0.0s_距离曲线_源数据.csv
外服0.0s,外服,实测,496,8.266667,168.728200,D:\Codex\video-editing\foreign_0_0_speed_curve\outputs\外服0.0s_距离曲线_源数据.csv
外服0.0s,外服,实测,497,8.283333,168.728200,D:\Codex\video-editing\foreign_0_0_speed_curve\outputs\外服0.0s_距离曲线_源数据.csv
外服0.0s,外服,实测,498,8.300000,169.848200,D:\Codex\video-editing\foreign_0_0_speed_curve\outputs\外服0.0s_距离曲线_源数据.csv
外服0.0s,外服,实测,499,8.316667,170.398200,D:\Codex\video-editing\foreign_0_0_speed_curve\outputs\外服0.0s_距离曲线_源数据.csv
外服0.0s,外服,实测,500,8.333333,170.982200,D:\Codex\video-editing\foreign_0_0_speed_curve\outputs\外服0.0s_距离曲线_源数据.csv
外服0.0s,外服,实测,501,8.350000,172.152200,D:\Codex\video-editing\foreign_0_0_speed_curve\outputs\外服0.0s_距离曲线_源数据.csv
外服0.0s,外服,实测,502,8.366667,172.152200,D:\Codex\video-editing\foreign_0_0_speed_curve\outputs\外服0.0s_距离曲线_源数据.csv
外服0.0s,外服,实测,503,8.383333,172.148200,D:\Codex\video-editing\foreign_0_0_speed_curve\outputs\外服0.0s_距离曲线_源数据.csv
外服0.0s,外服,实测,504,8.400000,173.478200,D:\Codex\video-editing\foreign_0_0_speed_curve\outputs\外服0.0s_距离曲线_源数据.csv
外服0.0s,外服,实测,505,8.416667,174.808200,D:\Codex\video-editing\foreign_0_0_speed_curve\outputs\外服0.0s_距离曲线_源数据.csv
外服0.0s,外服,实测,506,8.433333,174.808200,D:\Codex\video-editing\foreign_0_0_speed_curve\outputs\外服0.0s_距离曲线_源数据.csv
外服0.0s,外服,实测,507,8.450000,176.138200,D:\Codex\video-editing\foreign_0_0_speed_curve\outputs\外服0.0s_距离曲线_源数据.csv
外服0.0s,外服,实测,508,8.466667,176.138200,D:\Codex\video-editing\foreign_0_0_speed_curve\outputs\外服0.0s_距离曲线_源数据.csv
外服0.0s,外服,实测,509,8.483333,176.138200,D:\Codex\video-editing\foreign_0_0_speed_curve\outputs\外服0.0s_距离曲线_源数据.csv
外服0.0s,外服,实测,510,8.500000,177.468200,D:\Codex\video-editing\foreign_0_0_speed_curve\outputs\外服0.0s_距离曲线_源数据.csv
外服0.0s,外服,实测,511,8.516667,177.468200,D:\Codex\video-editing\foreign_0_0_speed_curve\outputs\外服0.0s_距离曲线_源数据.csv
外服0.0s,外服,实测,512,8.533333,178.689200,D:\Codex\video-editing\foreign_0_0_speed_curve\outputs\外服0.0s_距离曲线_源数据.csv
外服0.0s,外服,实测,513,8.550000,179.909200,D:\Codex\video-editing\foreign_0_0_speed_curve\outputs\外服0.0s_距离曲线_源数据.csv
外服0.0s,外服,实测,514,8.566667,179.909200,D:\Codex\video-editing\foreign_0_0_speed_curve\outputs\外服0.0s_距离曲线_源数据.csv
外服0.0s,外服,实测,515,8.583333,179.909200,D:\Codex\video-editing\foreign_0_0_speed_curve\outputs\外服0.0s_距离曲线_源数据.csv
外服0.0s,外服,实测,516,8.600000,181.168200,D:\Codex\video-editing\foreign_0_0_speed_curve\outputs\外服0.0s_距离曲线_源数据.csv
外服0.0s,外服,实测,517,8.616667,182.428200,D:\Codex\video-editing\foreign_0_0_speed_curve\outputs\外服0.0s_距离曲线_源数据.csv
外服0.0s,外服,实测,518,8.633333,182.428200,D:\Codex\video-editing\foreign_0_0_speed_curve\outputs\外服0.0s_距离曲线_源数据.csv
外服0.0s,外服,实测,519,8.650000,183.698200,D:\Codex\video-editing\foreign_0_0_speed_curve\outputs\外服0.0s_距离曲线_源数据.csv
外服0.0s,外服,实测,520,8.666667,183.698200,D:\Codex\video-editing\foreign_0_0_speed_curve\outputs\外服0.0s_距离曲线_源数据.csv
外服0.0s,外服,实测,521,8.683333,183.698200,D:\Codex\video-editing\foreign_0_0_speed_curve\outputs\外服0.0s_距离曲线_源数据.csv
外服0.0s,外服,实测,522,8.700000,184.978200,D:\Codex\video-editing\foreign_0_0_speed_curve\outputs\外服0.0s_距离曲线_源数据.csv
外服0.0s,外服,实测,523,8.716667,186.258200,D:\Codex\video-editing\foreign_0_0_speed_curve\outputs\外服0.0s_距离曲线_源数据.csv
外服0.0s,外服,实测,524,8.733333,186.258200,D:\Codex\video-editing\foreign_0_0_speed_curve\outputs\外服0.0s_距离曲线_源数据.csv
外服0.0s,外服,实测,525,8.750000,187.538200,D:\Codex\video-editing\foreign_0_0_speed_curve\outputs\外服0.0s_距离曲线_源数据.csv
外服0.0s,外服,实测,526,8.766667,187.538200,D:\Codex\video-editing\foreign_0_0_speed_curve\outputs\外服0.0s_距离曲线_源数据.csv
外服0.0s,外服,实测,527,8.783333,187.538200,D:\Codex\video-editing\foreign_0_0_speed_curve\outputs\外服0.0s_距离曲线_源数据.csv
外服0.0s,外服,实测,528,8.800000,188.828200,D:\Codex\video-editing\foreign_0_0_speed_curve\outputs\外服0.0s_距离曲线_源数据.csv
外服0.0s,外服,实测,529,8.816667,190.118200,D:\Codex\video-editing\foreign_0_0_speed_curve\outputs\外服0.0s_距离曲线_源数据.csv
外服0.0s,外服,实测,530,8.833333,190.118200,D:\Codex\video-editing\foreign_0_0_speed_curve\outputs\外服0.0s_距离曲线_源数据.csv
外服0.0s,外服,实测,531,8.850000,191.408200,D:\Codex\video-editing\foreign_0_0_speed_curve\outputs\外服0.0s_距离曲线_源数据.csv
外服0.0s,外服,实测,532,8.866667,191.408200,D:\Codex\video-editing\foreign_0_0_speed_curve\outputs\外服0.0s_距离曲线_源数据.csv
外服0.0s,外服,实测,533,8.883333,191.408200,D:\Codex\video-editing\foreign_0_0_speed_curve\outputs\外服0.0s_距离曲线_源数据.csv
外服0.0s,外服,实测,534,8.900000,192.688200,D:\Codex\video-editing\foreign_0_0_speed_curve\outputs\外服0.0s_距离曲线_源数据.csv
外服0.0s,外服,实测,535,8.916667,193.958200,D:\Codex\video-editing\foreign_0_0_speed_curve\outputs\外服0.0s_距离曲线_源数据.csv
外服0.0s,外服,实测,536,8.933333,193.958200,D:\Codex\video-editing\foreign_0_0_speed_curve\outputs\外服0.0s_距离曲线_源数据.csv
外服0.0s,外服,实测,537,8.950000,195.228200,D:\Codex\video-editing\foreign_0_0_speed_curve\outputs\外服0.0s_距离曲线_源数据.csv
外服0.0s,外服,实测,538,8.966667,195.228200,D:\Codex\video-editing\foreign_0_0_speed_curve\outputs\外服0.0s_距离曲线_源数据.csv
外服0.0s,外服,实测,539,8.983333,195.228200,D:\Codex\video-editing\foreign_0_0_speed_curve\outputs\外服0.0s_距离曲线_源数据.csv
外服0.0s,外服,实测,540,9.000000,196.478200,D:\Codex\video-editing\foreign_0_0_speed_curve\outputs\外服0.0s_距离曲线_源数据.csv
外服0.0s,外服,实测,541,9.016667,197.728200,D:\Codex\video-editing\foreign_0_0_speed_curve\outputs\外服0.0s_距离曲线_源数据.csv
外服0.0s,外服,实测,542,9.033333,197.728200,D:\Codex\video-editing\foreign_0_0_speed_curve\outputs\外服0.0s_距离曲线_源数据.csv
外服0.0s,外服,实测,543,9.050000,198.958200,D:\Codex\video-editing\foreign_0_0_speed_curve\outputs\外服0.0s_距离曲线_源数据.csv
外服0.0s,外服,实测,544,9.066667,198.958200,D:\Codex\video-editing\foreign_0_0_speed_curve\outputs\外服0.0s_距离曲线_源数据.csv
外服0.0s,外服,实测,545,9.083333,198.958200,D:\Codex\video-editing\foreign_0_0_speed_curve\outputs\外服0.0s_距离曲线_源数据.csv
外服0.0s,外服,实测,546,9.100000,200.188200,D:\Codex\video-editing\foreign_0_0_speed_curve\outputs\外服0.0s_距离曲线_源数据.csv
外服0.0s,外服,实测,547,9.116667,201.408200,D:\Codex\video-editing\foreign_0_0_speed_curve\outputs\外服0.0s_距离曲线_源数据.csv
外服0.0s,外服,实测,548,9.133333,201.408200,D:\Codex\video-editing\foreign_0_0_speed_curve\outputs\外服0.0s_距离曲线_源数据.csv
外服0.0s,外服,实测,549,9.150000,202.618200,D:\Codex\video-editing\foreign_0_0_speed_curve\outputs\外服0.0s_距离曲线_源数据.csv
外服0.0s,外服,实测,550,9.166667,203.818200,D:\Codex\video-editing\foreign_0_0_speed_curve\outputs\外服0.0s_距离曲线_源数据.csv
外服0.0s,外服,实测,551,9.183333,203.818200,D:\Codex\video-editing\foreign_0_0_speed_curve\outputs\外服0.0s_距离曲线_源数据.csv
外服0.0s,外服,实测,552,9.200000,203.818200,D:\Codex\video-editing\foreign_0_0_speed_curve\outputs\外服0.0s_距离曲线_源数据.csv
外服0.0s,外服,实测,553,9.216667,203.818200,D:\Codex\video-editing\foreign_0_0_speed_curve\outputs\外服0.0s_距离曲线_源数据.csv
外服0.0s,外服,实测,554,9.233333,205.008200,D:\Codex\video-editing\foreign_0_0_speed_curve\outputs\外服0.0s_距离曲线_源数据.csv
外服0.0s,外服,实测,555,9.250000,205.008200,D:\Codex\video-editing\foreign_0_0_speed_curve\outputs\外服0.0s_距离曲线_源数据.csv
外服0.0s,外服,实测,556,9.266667,207.368200,D:\Codex\video-editing\foreign_0_0_speed_curve\outputs\外服0.0s_距离曲线_源数据.csv
外服0.0s,外服,实测,557,9.283333,207.368200,D:\Codex\video-editing\foreign_0_0_speed_curve\outputs\外服0.0s_距离曲线_源数据.csv
外服0.0s,外服,实测,558,9.300000,207.368200,D:\Codex\video-editing\foreign_0_0_speed_curve\outputs\外服0.0s_距离曲线_源数据.csv
外服0.0s,外服,实测,559,9.316667,208.538200,D:\Codex\video-editing\foreign_0_0_speed_curve\outputs\外服0.0s_距离曲线_源数据.csv
外服0.0s,外服,实测,560,9.333333,208.538200,D:\Codex\video-editing\foreign_0_0_speed_curve\outputs\外服0.0s_距离曲线_源数据.csv
外服0.0s,外服,实测,561,9.350000,208.538200,D:\Codex\video-editing\foreign_0_0_speed_curve\outputs\外服0.0s_距离曲线_源数据.csv
外服0.0s,外服,实测,562,9.366667,210.838200,D:\Codex\video-editing\foreign_0_0_speed_curve\outputs\外服0.0s_距离曲线_源数据.csv
外服0.0s,外服,实测,563,9.383333,211.258200,D:\Codex\video-editing\foreign_0_0_speed_curve\outputs\外服0.0s_距离曲线_源数据.csv
外服0.0s,外服,实测,564,9.400000,211.298200,D:\Codex\video-editing\foreign_0_0_speed_curve\outputs\外服0.0s_距离曲线_源数据.csv
外服0.0s,外服,实测,565,9.416667,211.858200,D:\Codex\video-editing\foreign_0_0_speed_curve\outputs\外服0.0s_距离曲线_源数据.csv
外服0.0s,外服,实测,566,9.433333,212.020200,D:\Codex\video-editing\foreign_0_0_speed_curve\outputs\外服0.0s_距离曲线_源数据.csv
外服0.0s,外服,实测,567,9.450000,212.378200,D:\Codex\video-editing\foreign_0_0_speed_curve\outputs\外服0.0s_距离曲线_源数据.csv
外服0.0s,外服,实测,568,9.466667,212.958200,D:\Codex\video-editing\foreign_0_0_speed_curve\outputs\外服0.0s_距离曲线_源数据.csv
外服0.0s,外服,实测,569,9.483333,213.888200,D:\Codex\video-editing\foreign_0_0_speed_curve\outputs\外服0.0s_距离曲线_源数据.csv
外服0.0s,外服,实测,570,9.500000,213.488200,D:\Codex\video-editing\foreign_0_0_speed_curve\outputs\外服0.0s_距离曲线_源数据.csv
外服0.0s,外服,实测,571,9.516667,214.188200,D:\Codex\video-editing\foreign_0_0_speed_curve\outputs\外服0.0s_距离曲线_源数据.csv
外服0.0s,外服,实测,572,9.533333,214.758200,D:\Codex\video-editing\foreign_0_0_speed_curve\outputs\外服0.0s_距离曲线_源数据.csv
外服0.0s,外服,实测,573,9.550000,214.758200,D:\Codex\video-editing\foreign_0_0_speed_curve\outputs\外服0.0s_距离曲线_源数据.csv
外服0.0s,外服,实测,574,9.566667,214.658200,D:\Codex\video-editing\foreign_0_0_speed_curve\outputs\外服0.0s_距离曲线_源数据.csv
外服0.0s,外服,实测,575,9.583333,215.658200,D:\Codex\video-editing\foreign_0_0_speed_curve\outputs\外服0.0s_距离曲线_源数据.csv
外服0.0s,外服,实测,576,9.600000,215.658200,D:\Codex\video-editing\foreign_0_0_speed_curve\outputs\外服0.0s_距离曲线_源数据.csv
外服0.0s,外服,实测,577,9.616667,216.078200,D:\Codex\video-editing\foreign_0_0_speed_curve\outputs\外服0.0s_距离曲线_源数据.csv
外服0.0s,外服,实测,578,9.633333,216.978200,D:\Codex\video-editing\foreign_0_0_speed_curve\outputs\外服0.0s_距离曲线_源数据.csv
外服0.0s,外服,实测,579,9.650000,217.868200,D:\Codex\video-editing\foreign_0_0_speed_curve\outputs\外服0.0s_距离曲线_源数据.csv
外服0.0s,外服,实测,580,9.666667,218.748200,D:\Codex\video-editing\foreign_0_0_speed_curve\outputs\外服0.0s_距离曲线_源数据.csv
外服0.0s,外服,实测,581,9.683333,218.748200,D:\Codex\video-editing\foreign_0_0_speed_curve\outputs\外服0.0s_距离曲线_源数据.csv
外服0.0s,外服,实测,582,9.700000,218.748200,D:\Codex\video-editing\foreign_0_0_speed_curve\outputs\外服0.0s_距离曲线_源数据.csv
外服0.0s,外服,实测,583,9.716667,219.628200,D:\Codex\video-editing\foreign_0_0_speed_curve\outputs\外服0.0s_距离曲线_源数据.csv
外服0.0s,外服,实测,584,9.733333,219.628200,D:\Codex\video-editing\foreign_0_0_speed_curve\outputs\外服0.0s_距离曲线_源数据.csv
外服0.0s,外服,实测,585,9.750000,220.508200,D:\Codex\video-editing\foreign_0_0_speed_curve\outputs\外服0.0s_距离曲线_源数据.csv
外服0.0s,外服,实测,586,9.766667,221.378200,D:\Codex\video-editing\foreign_0_0_speed_curve\outputs\外服0.0s_距离曲线_源数据.csv
外服0.0s,外服,实测,587,9.783333,221.378200,D:\Codex\video-editing\foreign_0_0_speed_curve\outputs\外服0.0s_距离曲线_源数据.csv
外服0.0s,外服,实测,588,9.800000,221.378200,D:\Codex\video-editing\foreign_0_0_speed_curve\outputs\外服0.0s_距离曲线_源数据.csv
外服0.0s,外服,实测,589,9.816667,222.248200,D:\Codex\video-editing\foreign_0_0_speed_curve\outputs\外服0.0s_距离曲线_源数据.csv
外服0.0s,外服,实测,590,9.833333,222.252200,D:\Codex\video-editing\foreign_0_0_speed_curve\outputs\外服0.0s_距离曲线_源数据.csv
外服0.0s,外服,实测,591,9.850000,223.112200,D:\Codex\video-editing\foreign_0_0_speed_curve\outputs\外服0.0s_距离曲线_源数据.csv
外服0.0s,外服,实测,592,9.866667,223.598200,D:\Codex\video-editing\foreign_0_0_speed_curve\outputs\外服0.0s_距离曲线_源数据.csv
外服0.0s,外服,实测,593,9.883333,223.972200,D:\Codex\video-editing\foreign_0_0_speed_curve\outputs\外服0.0s_距离曲线_源数据.csv
外服0.0s,外服,实测,594,9.900000,223.972200,D:\Codex\video-editing\foreign_0_0_speed_curve\outputs\外服0.0s_距离曲线_源数据.csv
外服0.0s,外服,实测,595,9.916667,224.822200,D:\Codex\video-editing\foreign_0_0_speed_curve\outputs\外服0.0s_距离曲线_源数据.csv
外服0.0s,外服,实测,596,9.933333,225.672200,D:\Codex\video-editing\foreign_0_0_speed_curve\outputs\外服0.0s_距离曲线_源数据.csv
外服0.0s,外服,实测,597,9.950000,225.676200,D:\Codex\video-editing\foreign_0_0_speed_curve\outputs\外服0.0s_距离曲线_源数据.csv
外服0.0s,外服,实测,598,9.966667,226.522200,D:\Codex\video-editing\foreign_0_0_speed_curve\outputs\外服0.0s_距离曲线_源数据.csv
外服0.0s,外服,实测,599,9.983333,226.522200,D:\Codex\video-editing\foreign_0_0_speed_curve\outputs\外服0.0s_距离曲线_源数据.csv
外服0.0s,外服,实测,600,10.000000,227.098200,D:\Codex\video-editing\foreign_0_0_speed_curve\outputs\外服0.0s_距离曲线_源数据.csv
外服0.0s,外服,实测,601,10.016667,227.361200,D:\Codex\video-editing\foreign_0_0_speed_curve\outputs\外服0.0s_距离曲线_源数据.csv
外服0.0s,外服,实测,602,10.033333,227.798200,D:\Codex\video-editing\foreign_0_0_speed_curve\outputs\外服0.0s_距离曲线_源数据.csv
外服0.0s,外服,实测,603,10.050000,228.201200,D:\Codex\video-editing\foreign_0_0_speed_curve\outputs\外服0.0s_距离曲线_源数据.csv
外服0.0s,外服,实测,604,10.066667,229.032300,D:\Codex\video-editing\foreign_0_0_speed_curve\outputs\外服0.0s_距离曲线_源数据.csv
外服0.0s,外服,实测,605,10.083333,229.032300,D:\Codex\video-editing\foreign_0_0_speed_curve\outputs\外服0.0s_距离曲线_源数据.csv
外服0.0s,外服,实测,606,10.100000,229.030300,D:\Codex\video-editing\foreign_0_0_speed_curve\outputs\外服0.0s_距离曲线_源数据.csv
外服0.0s,外服,实测,607,10.116667,229.848200,D:\Codex\video-editing\foreign_0_0_speed_curve\outputs\外服0.0s_距离曲线_源数据.csv
外服0.0s,外服,实测,608,10.133333,230.679200,D:\Codex\video-editing\foreign_0_0_speed_curve\outputs\外服0.0s_距离曲线_源数据.csv
外服0.0s,外服,实测,609,10.150000,230.679200,D:\Codex\video-editing\foreign_0_0_speed_curve\outputs\外服0.0s_距离曲线_源数据.csv
外服0.0s,外服,实测,610,10.166667,231.498200,D:\Codex\video-editing\foreign_0_0_speed_curve\outputs\外服0.0s_距离曲线_源数据.csv
外服0.0s,外服,实测,611,10.183333,231.858200,D:\Codex\video-editing\foreign_0_0_speed_curve\outputs\外服0.0s_距离曲线_源数据.csv
外服0.0s,外服,实测,612,10.200000,231.858200,D:\Codex\video-editing\foreign_0_0_speed_curve\outputs\外服0.0s_距离曲线_源数据.csv
外服0.0s,外服,实测,613,10.216667,232.458200,D:\Codex\video-editing\foreign_0_0_speed_curve\outputs\外服0.0s_距离曲线_源数据.csv
外服0.0s,外服,实测,614,10.233333,233.118200,D:\Codex\video-editing\foreign_0_0_speed_curve\outputs\外服0.0s_距离曲线_源数据.csv
外服0.0s,外服,实测,615,10.250000,233.118200,D:\Codex\video-editing\foreign_0_0_speed_curve\outputs\外服0.0s_距离曲线_源数据.csv
外服0.0s,外服,实测,616,10.266667,233.918200,D:\Codex\video-editing\foreign_0_0_speed_curve\outputs\外服0.0s_距离曲线_源数据.csv
外服0.0s,外服,实测,617,10.283333,233.918200,D:\Codex\video-editing\foreign_0_0_speed_curve\outputs\外服0.0s_距离曲线_源数据.csv
外服0.0s,外服,实测,618,10.300000,233.918200,D:\Codex\video-editing\foreign_0_0_speed_curve\outputs\外服0.0s_距离曲线_源数据.csv
外服0.0s,外服,实测,619,10.316667,234.678200,D:\Codex\video-editing\foreign_0_0_speed_curve\outputs\外服0.0s_距离曲线_源数据.csv
外服0.0s,外服,实测,620,10.333333,235.398200,D:\Codex\video-editing\foreign_0_0_speed_curve\outputs\外服0.0s_距离曲线_源数据.csv
外服0.0s,外服,实测,621,10.350000,235.398200,D:\Codex\video-editing\foreign_0_0_speed_curve\outputs\外服0.0s_距离曲线_源数据.csv
外服0.0s,外服,实测,622,10.366667,235.398200,D:\Codex\video-editing\foreign_0_0_speed_curve\outputs\外服0.0s_距离曲线_源数据.csv
外服0.0s,外服,实测,623,10.383333,236.108200,D:\Codex\video-editing\foreign_0_0_speed_curve\outputs\外服0.0s_距离曲线_源数据.csv
外服0.0s,外服,实测,624,10.400000,236.818200,D:\Codex\video-editing\foreign_0_0_speed_curve\outputs\外服0.0s_距离曲线_源数据.csv
外服0.0s,外服,实测,625,10.416667,236.818200,D:\Codex\video-editing\foreign_0_0_speed_curve\outputs\外服0.0s_距离曲线_源数据.csv
外服0.0s,外服,实测,626,10.433333,237.518200,D:\Codex\video-editing\foreign_0_0_speed_curve\outputs\外服0.0s_距离曲线_源数据.csv
外服0.0s,外服,实测,627,10.450000,237.518200,D:\Codex\video-editing\foreign_0_0_speed_curve\outputs\外服0.0s_距离曲线_源数据.csv
外服0.0s,外服,实测,628,10.466667,238.218200,D:\Codex\video-editing\foreign_0_0_speed_curve\outputs\外服0.0s_距离曲线_源数据.csv
外服0.0s,外服,实测,629,10.483333,238.218200,D:\Codex\video-editing\foreign_0_0_speed_curve\outputs\外服0.0s_距离曲线_源数据.csv
外服0.0s,外服,实测,630,10.500000,238.908200,D:\Codex\video-editing\foreign_0_0_speed_curve\outputs\外服0.0s_距离曲线_源数据.csv
外服0.0s,外服,实测,631,10.516667,238.908200,D:\Codex\video-editing\foreign_0_0_speed_curve\outputs\外服0.0s_距离曲线_源数据.csv
外服0.0s,外服,实测,632,10.533333,239.598200,D:\Codex\video-editing\foreign_0_0_speed_curve\outputs\外服0.0s_距离曲线_源数据.csv
外服0.0s,外服,实测,633,10.550000,239.598200,D:\Codex\video-editing\foreign_0_0_speed_curve\outputs\外服0.0s_距离曲线_源数据.csv
外服0.0s,外服,实测,634,10.566667,240.288200,D:\Codex\video-editing\foreign_0_0_speed_curve\outputs\外服0.0s_距离曲线_源数据.csv
外服0.0s,外服,实测,635,10.583333,240.288200,D:\Codex\video-editing\foreign_0_0_speed_curve\outputs\外服0.0s_距离曲线_源数据.csv
外服0.0s,外服,实测,636,10.600000,240.968200,D:\Codex\video-editing\foreign_0_0_speed_curve\outputs\外服0.0s_距离曲线_源数据.csv
外服0.0s,外服,实测,637,10.616667,240.968200,D:\Codex\video-editing\foreign_0_0_speed_curve\outputs\外服0.0s_距离曲线_源数据.csv
外服0.0s,外服,实测,638,10.633333,241.650000,D:\Codex\video-editing\foreign_0_0_speed_curve\outputs\外服0.0s_距离曲线_源数据.csv
外服0.0s,外服,实测,639,10.650000,241.649600,D:\Codex\video-editing\foreign_0_0_speed_curve\outputs\外服0.0s_距离曲线_源数据.csv
外服0.0s,外服,实测,640,10.666667,242.098200,D:\Codex\video-editing\foreign_0_0_speed_curve\outputs\外服0.0s_距离曲线_源数据.csv
外服0.0s,外服,实测,641,10.683333,242.322200,D:\Codex\video-editing\foreign_0_0_speed_curve\outputs\外服0.0s_距离曲线_源数据.csv
外服0.0s,外服,实测,642,10.700000,242.798200,D:\Codex\video-editing\foreign_0_0_speed_curve\outputs\外服0.0s_距离曲线_源数据.csv
外服0.0s,外服,实测,643,10.716667,242.990200,D:\Codex\video-editing\foreign_0_0_speed_curve\outputs\外服0.0s_距离曲线_源数据.csv
外服0.0s,外服,实测,644,10.733333,243.652200,D:\Codex\video-editing\foreign_0_0_speed_curve\outputs\外服0.0s_距离曲线_源数据.csv
外服0.0s,外服,实测,645,10.750000,243.652200,D:\Codex\video-editing\foreign_0_0_speed_curve\outputs\外服0.0s_距离曲线_源数据.csv
外服0.0s,外服,实测,646,10.766667,244.308300,D:\Codex\video-editing\foreign_0_0_speed_curve\outputs\外服0.0s_距离曲线_源数据.csv
外服0.0s,外服,实测,647,10.783333,244.316300,D:\Codex\video-editing\foreign_0_0_speed_curve\outputs\外服0.0s_距离曲线_源数据.csv
外服0.0s,外服,实测,648,10.800000,244.961200,D:\Codex\video-editing\foreign_0_0_speed_curve\outputs\外服0.0s_距离曲线_源数据.csv
外服0.0s,外服,实测,649,10.816667,244.962200,D:\Codex\video-editing\foreign_0_0_speed_curve\outputs\外服0.0s_距离曲线_源数据.csv
外服0.0s,外服,实测,650,10.833333,245.643200,D:\Codex\video-editing\foreign_0_0_speed_curve\outputs\外服0.0s_距离曲线_源数据.csv
外服0.0s,外服,实测,651,10.850000,245.908200,D:\Codex\video-editing\foreign_0_0_speed_curve\outputs\外服0.0s_距离曲线_源数据.csv
外服0.0s,外服,实测,652,10.866667,246.278200,D:\Codex\video-editing\foreign_0_0_speed_curve\outputs\外服0.0s_距离曲线_源数据.csv
外服0.0s,外服,实测,653,10.883333,246.298200,D:\Codex\video-editing\foreign_0_0_speed_curve\outputs\外服0.0s_距离曲线_源数据.csv
外服0.0s,外服,实测,654,10.900000,246.898200,D:\Codex\video-editing\foreign_0_0_speed_curve\outputs\外服0.0s_距离曲线_源数据.csv
外服0.0s,外服,实测,655,10.916667,246.898200,D:\Codex\video-editing\foreign_0_0_speed_curve\outputs\外服0.0s_距离曲线_源数据.csv
外服0.0s,外服,实测,656,10.933333,247.528200,D:\Codex\video-editing\foreign_0_0_speed_curve\outputs\外服0.0s_距离曲线_源数据.csv
外服0.0s,外服,实测,657,10.950000,247.528200,D:\Codex\video-editing\foreign_0_0_speed_curve\outputs\外服0.0s_距离曲线_源数据.csv
外服0.0s,外服,实测,658,10.966667,248.158200,D:\Codex\video-editing\foreign_0_0_speed_curve\outputs\外服0.0s_距离曲线_源数据.csv
外服0.0s,外服,实测,659,10.983333,248.158200,D:\Codex\video-editing\foreign_0_0_speed_curve\outputs\外服0.0s_距离曲线_源数据.csv
外服0.0s,外服,实测,660,11.000000,248.788200,D:\Codex\video-editing\foreign_0_0_speed_curve\outputs\外服0.0s_距离曲线_源数据.csv
外服0.0s,外服,实测,661,11.016667,248.788200,D:\Codex\video-editing\foreign_0_0_speed_curve\outputs\外服0.0s_距离曲线_源数据.csv
外服0.0s,外服,实测,662,11.033333,249.408200,D:\Codex\video-editing\foreign_0_0_speed_curve\outputs\外服0.0s_距离曲线_源数据.csv
外服0.0s,外服,实测,663,11.050000,249.408200,D:\Codex\video-editing\foreign_0_0_speed_curve\outputs\外服0.0s_距离曲线_源数据.csv
外服0.0s,外服,实测,664,11.066667,250.028200,D:\Codex\video-editing\foreign_0_0_speed_curve\outputs\外服0.0s_距离曲线_源数据.csv
外服0.0s,外服,实测,665,11.083333,250.028200,D:\Codex\video-editing\foreign_0_0_speed_curve\outputs\外服0.0s_距离曲线_源数据.csv
外服0.0s,外服,实测,666,11.100000,250.649200,D:\Codex\video-editing\foreign_0_0_speed_curve\outputs\外服0.0s_距离曲线_源数据.csv
外服0.0s,外服,实测,667,11.116667,250.649200,D:\Codex\video-editing\foreign_0_0_speed_curve\outputs\外服0.0s_距离曲线_源数据.csv
外服0.0s,外服,实测,668,11.133333,251.058200,D:\Codex\video-editing\foreign_0_0_speed_curve\outputs\外服0.0s_距离曲线_源数据.csv
外服0.0s,外服,实测,669,11.150000,251.486200,D:\Codex\video-editing\foreign_0_0_speed_curve\outputs\外服0.0s_距离曲线_源数据.csv
外服0.0s,外服,实测,670,11.166667,251.886200,D:\Codex\video-editing\foreign_0_0_speed_curve\outputs\外服0.0s_距离曲线_源数据.csv
外服0.0s,外服,实测,671,11.183333,251.738200,D:\Codex\video-editing\foreign_0_0_speed_curve\outputs\外服0.0s_距离曲线_源数据.csv
外服0.0s,外服,实测,672,11.200000,252.058200,D:\Codex\video-editing\foreign_0_0_speed_curve\outputs\外服0.0s_距离曲线_源数据.csv
外服0.0s,外服,实测,673,11.216667,252.218200,D:\Codex\video-editing\foreign_0_0_speed_curve\outputs\外服0.0s_距离曲线_源数据.csv
外服0.0s,外服,实测,674,11.233333,252.698200,D:\Codex\video-editing\foreign_0_0_speed_curve\outputs\外服0.0s_距离曲线_源数据.csv
外服0.0s,外服,实测,675,11.250000,253.168200,D:\Codex\video-editing\foreign_0_0_speed_curve\outputs\外服0.0s_距离曲线_源数据.csv
外服0.0s,外服,实测,676,11.266667,253.168200,D:\Codex\video-editing\foreign_0_0_speed_curve\outputs\外服0.0s_距离曲线_源数据.csv
外服0.0s,外服,实测,677,11.283333,253.168200,D:\Codex\video-editing\foreign_0_0_speed_curve\outputs\外服0.0s_距离曲线_源数据.csv
外服0.0s,外服,实测,678,11.300000,253.639200,D:\Codex\video-editing\foreign_0_0_speed_curve\outputs\外服0.0s_距离曲线_源数据.csv
外服0.0s,外服,实测,679,11.316667,253.639200,D:\Codex\video-editing\foreign_0_0_speed_curve\outputs\外服0.0s_距离曲线_源数据.csv
外服0.0s,外服,实测,680,11.333333,254.098200,D:\Codex\video-editing\foreign_0_0_speed_curve\outputs\外服0.0s_距离曲线_源数据.csv
外服0.0s,外服,实测,681,11.350000,254.558200,D:\Codex\video-editing\foreign_0_0_speed_curve\outputs\外服0.0s_距离曲线_源数据.csv
外服0.0s,外服,实测,682,11.366667,254.558200,D:\Codex\video-editing\foreign_0_0_speed_curve\outputs\外服0.0s_距离曲线_源数据.csv
外服0.0s,外服,实测,683,11.383333,254.558200,D:\Codex\video-editing\foreign_0_0_speed_curve\outputs\外服0.0s_距离曲线_源数据.csv
外服0.0s,外服,实测,684,11.400000,255.008200,D:\Codex\video-editing\foreign_0_0_speed_curve\outputs\外服0.0s_距离曲线_源数据.csv
外服0.0s,外服,实测,685,11.416667,255.008200,D:\Codex\video-editing\foreign_0_0_speed_curve\outputs\外服0.0s_距离曲线_源数据.csv
外服0.0s,外服,实测,686,11.433333,255.458200,D:\Codex\video-editing\foreign_0_0_speed_curve\outputs\外服0.0s_距离曲线_源数据.csv
外服0.0s,外服,实测,687,11.450000,255.909200,D:\Codex\video-editing\foreign_0_0_speed_curve\outputs\外服0.0s_距离曲线_源数据.csv
外服0.0s,外服,实测,688,11.466667,255.909200,D:\Codex\video-editing\foreign_0_0_speed_curve\outputs\外服0.0s_距离曲线_源数据.csv
外服0.0s,外服,实测,689,11.483333,255.909200,D:\Codex\video-editing\foreign_0_0_speed_curve\outputs\外服0.0s_距离曲线_源数据.csv
外服0.0s,外服,实测,690,11.500000,256.349200,D:\Codex\video-editing\foreign_0_0_speed_curve\outputs\外服0.0s_距离曲线_源数据.csv
外服0.0s,外服,实测,691,11.516667,256.349200,D:\Codex\video-editing\foreign_0_0_speed_curve\outputs\外服0.0s_距离曲线_源数据.csv
外服0.0s,外服,实测,692,11.533333,256.778200,D:\Codex\video-editing\foreign_0_0_speed_curve\outputs\外服0.0s_距离曲线_源数据.csv
外服0.0s,外服,实测,693,11.550000,257.208200,D:\Codex\video-editing\foreign_0_0_speed_curve\outputs\外服0.0s_距离曲线_源数据.csv
外服0.0s,外服,实测,694,11.566667,257.208200,D:\Codex\video-editing\foreign_0_0_speed_curve\outputs\外服0.0s_距离曲线_源数据.csv
外服0.0s,外服,实测,695,11.583333,257.208200,D:\Codex\video-editing\foreign_0_0_speed_curve\outputs\外服0.0s_距离曲线_源数据.csv
外服0.0s,外服,实测,696,11.600000,257.638200,D:\Codex\video-editing\foreign_0_0_speed_curve\outputs\外服0.0s_距离曲线_源数据.csv
外服0.0s,外服,实测,697,11.616667,257.638200,D:\Codex\video-editing\foreign_0_0_speed_curve\outputs\外服0.0s_距离曲线_源数据.csv
外服0.0s,外服,实测,698,11.633333,258.062200,D:\Codex\video-editing\foreign_0_0_speed_curve\outputs\外服0.0s_距离曲线_源数据.csv
外服0.0s,外服,实测,699,11.650000,258.482200,D:\Codex\video-editing\foreign_0_0_speed_curve\outputs\外服0.0s_距离曲线_源数据.csv
外服0.0s,外服,实测,700,11.666667,258.482200,D:\Codex\video-editing\foreign_0_0_speed_curve\outputs\外服0.0s_距离曲线_源数据.csv
外服0.0s,外服,实测,701,11.683333,258.482200,D:\Codex\video-editing\foreign_0_0_speed_curve\outputs\外服0.0s_距离曲线_源数据.csv
外服0.0s,外服,实测,702,11.700000,258.902200,D:\Codex\video-editing\foreign_0_0_speed_curve\outputs\外服0.0s_距离曲线_源数据.csv
外服0.0s,外服,实测,703,11.716667,258.902200,D:\Codex\video-editing\foreign_0_0_speed_curve\outputs\外服0.0s_距离曲线_源数据.csv
外服0.0s,外服,实测,704,11.733333,259.309200,D:\Codex\video-editing\foreign_0_0_speed_curve\outputs\外服0.0s_距离曲线_源数据.csv
外服0.0s,外服,实测,705,11.750000,259.708200,D:\Codex\video-editing\foreign_0_0_speed_curve\outputs\外服0.0s_距离曲线_源数据.csv
外服0.0s,外服,实测,706,11.766667,259.708200,D:\Codex\video-editing\foreign_0_0_speed_curve\outputs\外服0.0s_距离曲线_源数据.csv
外服0.0s,外服,实测,707,11.783333,259.708200,D:\Codex\video-editing\foreign_0_0_speed_curve\outputs\外服0.0s_距离曲线_源数据.csv
外服0.0s,外服,实测,708,11.800000,260.108200,D:\Codex\video-editing\foreign_0_0_speed_curve\outputs\外服0.0s_距离曲线_源数据.csv
外服0.0s,外服,实测,709,11.816667,260.508200,D:\Codex\video-editing\foreign_0_0_speed_curve\outputs\外服0.0s_距离曲线_源数据.csv
外服0.0s,外服,实测,710,11.833333,260.508200,D:\Codex\video-editing\foreign_0_0_speed_curve\outputs\外服0.0s_距离曲线_源数据.csv
外服0.0s,外服,实测,711,11.850000,260.898200,D:\Codex\video-editing\foreign_0_0_speed_curve\outputs\外服0.0s_距离曲线_源数据.csv
外服0.0s,外服,实测,712,11.866667,260.898200,D:\Codex\video-editing\foreign_0_0_speed_curve\outputs\外服0.0s_距离曲线_源数据.csv
外服0.0s,外服,实测,713,11.883333,260.898200,D:\Codex\video-editing\foreign_0_0_speed_curve\outputs\外服0.0s_距离曲线_源数据.csv
外服0.0s,外服,实测,714,11.900000,261.288200,D:\Codex\video-editing\foreign_0_0_speed_curve\outputs\外服0.0s_距离曲线_源数据.csv
外服0.0s,外服,实测,715,11.916667,261.628200,D:\Codex\video-editing\foreign_0_0_speed_curve\outputs\外服0.0s_距离曲线_源数据.csv
外服0.0s,外服,实测,716,11.933333,261.628200,D:\Codex\video-editing\foreign_0_0_speed_curve\outputs\外服0.0s_距离曲线_源数据.csv
外服0.0s,外服,实测,717,11.950000,261.928200,D:\Codex\video-editing\foreign_0_0_speed_curve\outputs\外服0.0s_距离曲线_源数据.csv
外服0.0s,外服,实测,718,11.966667,261.928200,D:\Codex\video-editing\foreign_0_0_speed_curve\outputs\外服0.0s_距离曲线_源数据.csv
外服0.0s,外服,实测,719,11.983333,261.928200,D:\Codex\video-editing\foreign_0_0_speed_curve\outputs\外服0.0s_距离曲线_源数据.csv
外服0.0s,外服,实测,720,12.000000,262.198200,D:\Codex\video-editing\foreign_0_0_speed_curve\outputs\外服0.0s_距离曲线_源数据.csv
外服0.0s,外服,实测,721,12.016667,262.458200,D:\Codex\video-editing\foreign_0_0_speed_curve\outputs\外服0.0s_距离曲线_源数据.csv
外服0.0s,外服,实测,722,12.033333,262.458200,D:\Codex\video-editing\foreign_0_0_speed_curve\outputs\外服0.0s_距离曲线_源数据.csv
外服0.0s,外服,实测,723,12.050000,262.458200,D:\Codex\video-editing\foreign_0_0_speed_curve\outputs\外服0.0s_距离曲线_源数据.csv
外服0.0s,外服,实测,724,12.066667,262.728200,D:\Codex\video-editing\foreign_0_0_speed_curve\outputs\外服0.0s_距离曲线_源数据.csv
外服0.0s,外服,实测,725,12.083333,262.728200,D:\Codex\video-editing\foreign_0_0_speed_curve\outputs\外服0.0s_距离曲线_源数据.csv
外服0.0s,外服,实测,726,12.100000,262.998200,D:\Codex\video-editing\foreign_0_0_speed_curve\outputs\外服0.0s_距离曲线_源数据.csv
外服0.0s,外服,实测,727,12.116667,263.258200,D:\Codex\video-editing\foreign_0_0_speed_curve\outputs\外服0.0s_距离曲线_源数据.csv
外服0.0s,外服,实测,728,12.133333,263.258200,D:\Codex\video-editing\foreign_0_0_speed_curve\outputs\外服0.0s_距离曲线_源数据.csv
外服0.0s,外服,实测,729,12.150000,263.528200,D:\Codex\video-editing\foreign_0_0_speed_curve\outputs\外服0.0s_距离曲线_源数据.csv
外服0.0s,外服,实测,730,12.166667,263.528200,D:\Codex\video-editing\foreign_0_0_speed_curve\outputs\外服0.0s_距离曲线_源数据.csv
外服0.0s,外服,实测,731,12.183333,263.528200,D:\Codex\video-editing\foreign_0_0_speed_curve\outputs\外服0.0s_距离曲线_源数据.csv
外服0.0s,外服,实测,732,12.200000,263.798200,D:\Codex\video-editing\foreign_0_0_speed_curve\outputs\外服0.0s_距离曲线_源数据.csv
外服0.0s,外服,实测,733,12.216667,263.798200,D:\Codex\video-editing\foreign_0_0_speed_curve\outputs\外服0.0s_距离曲线_源数据.csv
外服0.0s,外服,实测,734,12.233333,264.058200,D:\Codex\video-editing\foreign_0_0_speed_curve\outputs\外服0.0s_距离曲线_源数据.csv
外服0.0s,外服,实测,735,12.250000,264.328200,D:\Codex\video-editing\foreign_0_0_speed_curve\outputs\外服0.0s_距离曲线_源数据.csv
外服0.0s,外服,实测,736,12.266667,264.328200,D:\Codex\video-editing\foreign_0_0_speed_curve\outputs\外服0.0s_距离曲线_源数据.csv
外服0.0s,外服,实测,737,12.283333,264.328200,D:\Codex\video-editing\foreign_0_0_speed_curve\outputs\外服0.0s_距离曲线_源数据.csv
外服0.0s,外服,实测,738,12.300000,264.598200,D:\Codex\video-editing\foreign_0_0_speed_curve\outputs\外服0.0s_距离曲线_源数据.csv
外服0.0s,外服,实测,739,12.316667,264.858200,D:\Codex\video-editing\foreign_0_0_speed_curve\outputs\外服0.0s_距离曲线_源数据.csv
外服0.0s,外服,实测,740,12.333333,264.858200,D:\Codex\video-editing\foreign_0_0_speed_curve\outputs\外服0.0s_距离曲线_源数据.csv
外服0.0s,外服,实测,741,12.350000,264.858200,D:\Codex\video-editing\foreign_0_0_speed_curve\outputs\外服0.0s_距离曲线_源数据.csv
外服0.0s,外服,实测,742,12.366667,265.128200,D:\Codex\video-editing\foreign_0_0_speed_curve\outputs\外服0.0s_距离曲线_源数据.csv
外服0.0s,外服,实测,743,12.383333,265.398200,D:\Codex\video-editing\foreign_0_0_speed_curve\outputs\外服0.0s_距离曲线_源数据.csv
外服0.0s,外服,实测,744,12.400000,265.398200,D:\Codex\video-editing\foreign_0_0_speed_curve\outputs\外服0.0s_距离曲线_源数据.csv
外服0.0s,外服,实测,745,12.416667,265.658200,D:\Codex\video-editing\foreign_0_0_speed_curve\outputs\外服0.0s_距离曲线_源数据.csv
外服0.0s,外服,实测,746,12.433333,265.658200,D:\Codex\video-editing\foreign_0_0_speed_curve\outputs\外服0.0s_距离曲线_源数据.csv
外服0.0s,外服,实测,747,12.450000,265.658200,D:\Codex\video-editing\foreign_0_0_speed_curve\outputs\外服0.0s_距离曲线_源数据.csv
外服0.0s,外服,实测,748,12.466667,265.928200,D:\Codex\video-editing\foreign_0_0_speed_curve\outputs\外服0.0s_距离曲线_源数据.csv
外服0.0s,外服,实测,749,12.483333,265.928200,D:\Codex\video-editing\foreign_0_0_speed_curve\outputs\外服0.0s_距离曲线_源数据.csv
外服0.0s,外服,实测,750,12.500000,266.198200,D:\Codex\video-editing\foreign_0_0_speed_curve\outputs\外服0.0s_距离曲线_源数据.csv
外服0.0s,外服,实测,751,12.516667,266.458200,D:\Codex\video-editing\foreign_0_0_speed_curve\outputs\外服0.0s_距离曲线_源数据.csv
外服0.0s,外服,实测,752,12.533333,266.458200,D:\Codex\video-editing\foreign_0_0_speed_curve\outputs\外服0.0s_距离曲线_源数据.csv
外服0.0s,外服,实测,753,12.550000,266.458200,D:\Codex\video-editing\foreign_0_0_speed_curve\outputs\外服0.0s_距离曲线_源数据.csv
内服0.3s,内服,实测,0,0.000000,0.000000,C:\Users\金阳\Documents\我的POPO\新0.3_0.4.zip -> 新0.3/measurements.csv
内服0.3s,内服,实测,1,0.016667,0.000000,C:\Users\金阳\Documents\我的POPO\新0.3_0.4.zip -> 新0.3/measurements.csv
内服0.3s,内服,实测,2,0.033333,0.000000,C:\Users\金阳\Documents\我的POPO\新0.3_0.4.zip -> 新0.3/measurements.csv
内服0.3s,内服,实测,3,0.050000,0.000000,C:\Users\金阳\Documents\我的POPO\新0.3_0.4.zip -> 新0.3/measurements.csv
内服0.3s,内服,实测,4,0.066667,0.000000,C:\Users\金阳\Documents\我的POPO\新0.3_0.4.zip -> 新0.3/measurements.csv
内服0.3s,内服,实测,5,0.083333,0.000000,C:\Users\金阳\Documents\我的POPO\新0.3_0.4.zip -> 新0.3/measurements.csv
内服0.3s,内服,实测,6,0.100000,0.000000,C:\Users\金阳\Documents\我的POPO\新0.3_0.4.zip -> 新0.3/measurements.csv
内服0.3s,内服,实测,7,0.116667,0.000000,C:\Users\金阳\Documents\我的POPO\新0.3_0.4.zip -> 新0.3/measurements.csv
内服0.3s,内服,实测,8,0.133333,0.000000,C:\Users\金阳\Documents\我的POPO\新0.3_0.4.zip -> 新0.3/measurements.csv
内服0.3s,内服,实测,9,0.150000,0.000000,C:\Users\金阳\Documents\我的POPO\新0.3_0.4.zip -> 新0.3/measurements.csv
内服0.3s,内服,实测,10,0.166667,0.000000,C:\Users\金阳\Documents\我的POPO\新0.3_0.4.zip -> 新0.3/measurements.csv
内服0.3s,内服,实测,11,0.183333,0.000000,C:\Users\金阳\Documents\我的POPO\新0.3_0.4.zip -> 新0.3/measurements.csv
内服0.3s,内服,实测,12,0.200000,0.000000,C:\Users\金阳\Documents\我的POPO\新0.3_0.4.zip -> 新0.3/measurements.csv
内服0.3s,内服,实测,13,0.216667,0.000000,C:\Users\金阳\Documents\我的POPO\新0.3_0.4.zip -> 新0.3/measurements.csv
内服0.3s,内服,实测,14,0.233333,0.000000,C:\Users\金阳\Documents\我的POPO\新0.3_0.4.zip -> 新0.3/measurements.csv
内服0.3s,内服,实测,15,0.250000,0.000000,C:\Users\金阳\Documents\我的POPO\新0.3_0.4.zip -> 新0.3/measurements.csv
内服0.3s,内服,实测,16,0.266667,0.000000,C:\Users\金阳\Documents\我的POPO\新0.3_0.4.zip -> 新0.3/measurements.csv
内服0.3s,内服,实测,17,0.283333,0.000000,C:\Users\金阳\Documents\我的POPO\新0.3_0.4.zip -> 新0.3/measurements.csv
内服0.3s,内服,实测,18,0.300000,0.000000,C:\Users\金阳\Documents\我的POPO\新0.3_0.4.zip -> 新0.3/measurements.csv
内服0.3s,内服,实测,19,0.316667,0.000000,C:\Users\金阳\Documents\我的POPO\新0.3_0.4.zip -> 新0.3/measurements.csv
内服0.3s,内服,实测,20,0.333333,0.000000,C:\Users\金阳\Documents\我的POPO\新0.3_0.4.zip -> 新0.3/measurements.csv
内服0.3s,内服,实测,21,0.350000,0.000000,C:\Users\金阳\Documents\我的POPO\新0.3_0.4.zip -> 新0.3/measurements.csv
内服0.3s,内服,实测,22,0.366667,0.000000,C:\Users\金阳\Documents\我的POPO\新0.3_0.4.zip -> 新0.3/measurements.csv
内服0.3s,内服,实测,23,0.383333,0.000000,C:\Users\金阳\Documents\我的POPO\新0.3_0.4.zip -> 新0.3/measurements.csv
内服0.3s,内服,实测,24,0.400000,0.000000,C:\Users\金阳\Documents\我的POPO\新0.3_0.4.zip -> 新0.3/measurements.csv
内服0.3s,内服,实测,25,0.416667,0.000000,C:\Users\金阳\Documents\我的POPO\新0.3_0.4.zip -> 新0.3/measurements.csv
内服0.3s,内服,实测,26,0.433333,0.000000,C:\Users\金阳\Documents\我的POPO\新0.3_0.4.zip -> 新0.3/measurements.csv
内服0.3s,内服,实测,27,0.450000,0.000000,C:\Users\金阳\Documents\我的POPO\新0.3_0.4.zip -> 新0.3/measurements.csv
内服0.3s,内服,实测,28,0.466667,0.124600,C:\Users\金阳\Documents\我的POPO\新0.3_0.4.zip -> 新0.3/measurements.csv
内服0.3s,内服,实测,29,0.483333,0.391200,C:\Users\金阳\Documents\我的POPO\新0.3_0.4.zip -> 新0.3/measurements.csv
内服0.3s,内服,实测,30,0.500000,0.391200,C:\Users\金阳\Documents\我的POPO\新0.3_0.4.zip -> 新0.3/measurements.csv
内服0.3s,内服,实测,31,0.516667,0.391200,C:\Users\金阳\Documents\我的POPO\新0.3_0.4.zip -> 新0.3/measurements.csv
内服0.3s,内服,实测,32,0.533333,0.657700,C:\Users\金阳\Documents\我的POPO\新0.3_0.4.zip -> 新0.3/measurements.csv
内服0.3s,内服,实测,33,0.550000,0.924300,C:\Users\金阳\Documents\我的POPO\新0.3_0.4.zip -> 新0.3/measurements.csv
内服0.3s,内服,实测,34,0.566667,0.924300,C:\Users\金阳\Documents\我的POPO\新0.3_0.4.zip -> 新0.3/measurements.csv
内服0.3s,内服,实测,35,0.583333,0.924300,C:\Users\金阳\Documents\我的POPO\新0.3_0.4.zip -> 新0.3/measurements.csv
内服0.3s,内服,实测,36,0.600000,1.191000,C:\Users\金阳\Documents\我的POPO\新0.3_0.4.zip -> 新0.3/measurements.csv
内服0.3s,内服,实测,37,0.616667,1.191000,C:\Users\金阳\Documents\我的POPO\新0.3_0.4.zip -> 新0.3/measurements.csv
内服0.3s,内服,实测,38,0.633333,1.457600,C:\Users\金阳\Documents\我的POPO\新0.3_0.4.zip -> 新0.3/measurements.csv
内服0.3s,内服,实测,39,0.650000,1.724200,C:\Users\金阳\Documents\我的POPO\新0.3_0.4.zip -> 新0.3/measurements.csv
内服0.3s,内服,实测,40,0.666667,1.724200,C:\Users\金阳\Documents\我的POPO\新0.3_0.4.zip -> 新0.3/measurements.csv
内服0.3s,内服,实测,41,0.683333,1.724200,C:\Users\金阳\Documents\我的POPO\新0.3_0.4.zip -> 新0.3/measurements.csv
内服0.3s,内服,实测,42,0.700000,1.724200,C:\Users\金阳\Documents\我的POPO\新0.3_0.4.zip -> 新0.3/measurements.csv
内服0.3s,内服,实测,43,0.716667,1.990900,C:\Users\金阳\Documents\我的POPO\新0.3_0.4.zip -> 新0.3/measurements.csv
内服0.3s,内服,实测,44,0.733333,1.990900,C:\Users\金阳\Documents\我的POPO\新0.3_0.4.zip -> 新0.3/measurements.csv
内服0.3s,内服,实测,45,0.750000,2.257500,C:\Users\金阳\Documents\我的POPO\新0.3_0.4.zip -> 新0.3/measurements.csv
内服0.3s,内服,实测,46,0.766667,2.257500,C:\Users\金阳\Documents\我的POPO\新0.3_0.4.zip -> 新0.3/measurements.csv
内服0.3s,内服,实测,47,0.783333,2.524100,C:\Users\金阳\Documents\我的POPO\新0.3_0.4.zip -> 新0.3/measurements.csv
内服0.3s,内服,实测,48,0.800000,2.524100,C:\Users\金阳\Documents\我的POPO\新0.3_0.4.zip -> 新0.3/measurements.csv
内服0.3s,内服,实测,49,0.816667,2.524100,C:\Users\金阳\Documents\我的POPO\新0.3_0.4.zip -> 新0.3/measurements.csv
内服0.3s,内服,实测,50,0.833333,2.790800,C:\Users\金阳\Documents\我的POPO\新0.3_0.4.zip -> 新0.3/measurements.csv
内服0.3s,内服,实测,51,0.850000,3.251910,C:\Users\金阳\Documents\我的POPO\新0.3_0.4.zip -> 新0.3/measurements.csv
内服0.3s,内服,实测,52,0.866667,3.251910,C:\Users\金阳\Documents\我的POPO\新0.3_0.4.zip -> 新0.3/measurements.csv
内服0.3s,内服,实测,53,0.883333,3.707400,C:\Users\金阳\Documents\我的POPO\新0.3_0.4.zip -> 新0.3/measurements.csv
内服0.3s,内服,实测,54,0.900000,3.707400,C:\Users\金阳\Documents\我的POPO\新0.3_0.4.zip -> 新0.3/measurements.csv
内服0.3s,内服,实测,55,0.916667,3.707400,C:\Users\金阳\Documents\我的POPO\新0.3_0.4.zip -> 新0.3/measurements.csv
内服0.3s,内服,实测,56,0.933333,3.988900,C:\Users\金阳\Documents\我的POPO\新0.3_0.4.zip -> 新0.3/measurements.csv
内服0.3s,内服,实测,57,0.950000,4.277400,C:\Users\金阳\Documents\我的POPO\新0.3_0.4.zip -> 新0.3/measurements.csv
内服0.3s,内服,实测,58,0.966667,4.277400,C:\Users\金阳\Documents\我的POPO\新0.3_0.4.zip -> 新0.3/measurements.csv
内服0.3s,内服,实测,59,0.983333,4.277400,C:\Users\金阳\Documents\我的POPO\新0.3_0.4.zip -> 新0.3/measurements.csv
内服0.3s,内服,实测,60,1.000000,4.565700,C:\Users\金阳\Documents\我的POPO\新0.3_0.4.zip -> 新0.3/measurements.csv
内服0.3s,内服,实测,61,1.016667,4.848400,C:\Users\金阳\Documents\我的POPO\新0.3_0.4.zip -> 新0.3/measurements.csv
内服0.3s,内服,实测,62,1.033333,4.848400,C:\Users\金阳\Documents\我的POPO\新0.3_0.4.zip -> 新0.3/measurements.csv
内服0.3s,内服,实测,63,1.050000,5.125600,C:\Users\金阳\Documents\我的POPO\新0.3_0.4.zip -> 新0.3/measurements.csv
内服0.3s,内服,实测,64,1.066667,5.125600,C:\Users\金阳\Documents\我的POPO\新0.3_0.4.zip -> 新0.3/measurements.csv
内服0.3s,内服,实测,65,1.083333,5.125600,C:\Users\金阳\Documents\我的POPO\新0.3_0.4.zip -> 新0.3/measurements.csv
内服0.3s,内服,实测,66,1.100000,5.363900,C:\Users\金阳\Documents\我的POPO\新0.3_0.4.zip -> 新0.3/measurements.csv
内服0.3s,内服,实测,67,1.116667,5.363900,C:\Users\金阳\Documents\我的POPO\新0.3_0.4.zip -> 新0.3/measurements.csv
内服0.3s,内服,实测,68,1.133333,8.172300,C:\Users\金阳\Documents\我的POPO\新0.3_0.4.zip -> 新0.3/measurements.csv
内服0.3s,内服,实测,69,1.150000,8.172300,C:\Users\金阳\Documents\我的POPO\新0.3_0.4.zip -> 新0.3/measurements.csv
内服0.3s,内服,实测,70,1.166667,8.172300,C:\Users\金阳\Documents\我的POPO\新0.3_0.4.zip -> 新0.3/measurements.csv
内服0.3s,内服,实测,71,1.183333,8.640200,C:\Users\金阳\Documents\我的POPO\新0.3_0.4.zip -> 新0.3/measurements.csv
内服0.3s,内服,实测,72,1.200000,8.640200,C:\Users\金阳\Documents\我的POPO\新0.3_0.4.zip -> 新0.3/measurements.csv
内服0.3s,内服,实测,73,1.216667,9.042300,C:\Users\金阳\Documents\我的POPO\新0.3_0.4.zip -> 新0.3/measurements.csv
内服0.3s,内服,实测,74,1.233333,9.042300,C:\Users\金阳\Documents\我的POPO\新0.3_0.4.zip -> 新0.3/measurements.csv
内服0.3s,内服,实测,75,1.250000,9.355200,C:\Users\金阳\Documents\我的POPO\新0.3_0.4.zip -> 新0.3/measurements.csv
内服0.3s,内服,实测,76,1.266667,9.593200,C:\Users\金阳\Documents\我的POPO\新0.3_0.4.zip -> 新0.3/measurements.csv
内服0.3s,内服,实测,77,1.283333,9.593200,C:\Users\金阳\Documents\我的POPO\新0.3_0.4.zip -> 新0.3/measurements.csv
内服0.3s,内服,实测,78,1.300000,9.593200,C:\Users\金阳\Documents\我的POPO\新0.3_0.4.zip -> 新0.3/measurements.csv
内服0.3s,内服,实测,79,1.316667,9.773300,C:\Users\金阳\Documents\我的POPO\新0.3_0.4.zip -> 新0.3/measurements.csv
内服0.3s,内服,实测,80,1.333333,9.773300,C:\Users\金阳\Documents\我的POPO\新0.3_0.4.zip -> 新0.3/measurements.csv
内服0.3s,内服,实测,81,1.350000,9.905300,C:\Users\金阳\Documents\我的POPO\新0.3_0.4.zip -> 新0.3/measurements.csv
内服0.3s,内服,实测,82,1.366667,9.905300,C:\Users\金阳\Documents\我的POPO\新0.3_0.4.zip -> 新0.3/measurements.csv
内服0.3s,内服,实测,83,1.383333,10.044200,C:\Users\金阳\Documents\我的POPO\新0.3_0.4.zip -> 新0.3/measurements.csv
内服0.3s,内服,实测,84,1.400000,10.044200,C:\Users\金阳\Documents\我的POPO\新0.3_0.4.zip -> 新0.3/measurements.csv
内服0.3s,内服,实测,85,1.416667,10.205200,C:\Users\金阳\Documents\我的POPO\新0.3_0.4.zip -> 新0.3/measurements.csv
内服0.3s,内服,实测,86,1.433333,10.368200,C:\Users\金阳\Documents\我的POPO\新0.3_0.4.zip -> 新0.3/measurements.csv
内服0.3s,内服,实测,87,1.450000,10.368200,C:\Users\金阳\Documents\我的POPO\新0.3_0.4.zip -> 新0.3/measurements.csv
内服0.3s,内服,实测,88,1.466667,10.534200,C:\Users\金阳\Documents\我的POPO\新0.3_0.4.zip -> 新0.3/measurements.csv
内服0.3s,内服,实测,89,1.483333,10.534200,C:\Users\金阳\Documents\我的POPO\新0.3_0.4.zip -> 新0.3/measurements.csv
内服0.3s,内服,实测,90,1.500000,10.534200,C:\Users\金阳\Documents\我的POPO\新0.3_0.4.zip -> 新0.3/measurements.csv
内服0.3s,内服,实测,91,1.516667,10.712200,C:\Users\金阳\Documents\我的POPO\新0.3_0.4.zip -> 新0.3/measurements.csv
内服0.3s,内服,实测,92,1.533333,10.907200,C:\Users\金阳\Documents\我的POPO\新0.3_0.4.zip -> 新0.3/measurements.csv
内服0.3s,内服,实测,93,1.550000,10.907200,C:\Users\金阳\Documents\我的POPO\新0.3_0.4.zip -> 新0.3/measurements.csv
内服0.3s,内服,实测,94,1.566667,10.907200,C:\Users\金阳\Documents\我的POPO\新0.3_0.4.zip -> 新0.3/measurements.csv
内服0.3s,内服,实测,95,1.583333,11.119200,C:\Users\金阳\Documents\我的POPO\新0.3_0.4.zip -> 新0.3/measurements.csv
内服0.3s,内服,实测,96,1.600000,11.119200,C:\Users\金阳\Documents\我的POPO\新0.3_0.4.zip -> 新0.3/measurements.csv
内服0.3s,内服,实测,97,1.616667,11.388200,C:\Users\金阳\Documents\我的POPO\新0.3_0.4.zip -> 新0.3/measurements.csv
内服0.3s,内服,实测,98,1.633333,11.388200,C:\Users\金阳\Documents\我的POPO\新0.3_0.4.zip -> 新0.3/measurements.csv
内服0.3s,内服,实测,99,1.650000,11.836300,C:\Users\金阳\Documents\我的POPO\新0.3_0.4.zip -> 新0.3/measurements.csv
内服0.3s,内服,实测,100,1.666667,11.836300,C:\Users\金阳\Documents\我的POPO\新0.3_0.4.zip -> 新0.3/measurements.csv
内服0.3s,内服,实测,101,1.683333,12.279200,C:\Users\金阳\Documents\我的POPO\新0.3_0.4.zip -> 新0.3/measurements.csv
内服0.3s,内服,实测,102,1.700000,12.279200,C:\Users\金阳\Documents\我的POPO\新0.3_0.4.zip -> 新0.3/measurements.csv
内服0.3s,内服,实测,103,1.716667,12.718200,C:\Users\金阳\Documents\我的POPO\新0.3_0.4.zip -> 新0.3/measurements.csv
内服0.3s,内服,实测,104,1.733333,12.718200,C:\Users\金阳\Documents\我的POPO\新0.3_0.4.zip -> 新0.3/measurements.csv
内服0.3s,内服,实测,105,1.750000,13.152200,C:\Users\金阳\Documents\我的POPO\新0.3_0.4.zip -> 新0.3/measurements.csv
内服0.3s,内服,实测,106,1.766667,13.582200,C:\Users\金阳\Documents\我的POPO\新0.3_0.4.zip -> 新0.3/measurements.csv
内服0.3s,内服,实测,107,1.783333,13.582200,C:\Users\金阳\Documents\我的POPO\新0.3_0.4.zip -> 新0.3/measurements.csv
内服0.3s,内服,实测,108,1.800000,13.582200,C:\Users\金阳\Documents\我的POPO\新0.3_0.4.zip -> 新0.3/measurements.csv
内服0.3s,内服,实测,109,1.816667,14.008200,C:\Users\金阳\Documents\我的POPO\新0.3_0.4.zip -> 新0.3/measurements.csv
内服0.3s,内服,实测,110,1.833333,14.396300,C:\Users\金阳\Documents\我的POPO\新0.3_0.4.zip -> 新0.3/measurements.csv
内服0.3s,内服,实测,111,1.850000,14.396300,C:\Users\金阳\Documents\我的POPO\新0.3_0.4.zip -> 新0.3/measurements.csv
内服0.3s,内服,实测,112,1.866667,14.396300,C:\Users\金阳\Documents\我的POPO\新0.3_0.4.zip -> 新0.3/measurements.csv
内服0.3s,内服,实测,113,1.883333,14.779200,C:\Users\金阳\Documents\我的POPO\新0.3_0.4.zip -> 新0.3/measurements.csv
内服0.3s,内服,实测,114,1.900000,14.779200,C:\Users\金阳\Documents\我的POPO\新0.3_0.4.zip -> 新0.3/measurements.csv
内服0.3s,内服,实测,115,1.916667,15.158200,C:\Users\金阳\Documents\我的POPO\新0.3_0.4.zip -> 新0.3/measurements.csv
内服0.3s,内服,实测,116,1.933333,15.158200,C:\Users\金阳\Documents\我的POPO\新0.3_0.4.zip -> 新0.3/measurements.csv
内服0.3s,内服,实测,117,1.950000,15.158200,C:\Users\金阳\Documents\我的POPO\新0.3_0.4.zip -> 新0.3/measurements.csv
内服0.3s,内服,实测,118,1.966667,15.532200,C:\Users\金阳\Documents\我的POPO\新0.3_0.4.zip -> 新0.3/measurements.csv
内服0.3s,内服,实测,119,1.983333,15.902200,C:\Users\金阳\Documents\我的POPO\新0.3_0.4.zip -> 新0.3/measurements.csv
内服0.3s,内服,实测,120,2.000000,16.268200,C:\Users\金阳\Documents\我的POPO\新0.3_0.4.zip -> 新0.3/measurements.csv
内服0.3s,内服,实测,121,2.016667,16.268200,C:\Users\金阳\Documents\我的POPO\新0.3_0.4.zip -> 新0.3/measurements.csv
内服0.3s,内服,实测,122,2.033333,16.268200,C:\Users\金阳\Documents\我的POPO\新0.3_0.4.zip -> 新0.3/measurements.csv
内服0.3s,内服,实测,123,2.050000,16.629200,C:\Users\金阳\Documents\我的POPO\新0.3_0.4.zip -> 新0.3/measurements.csv
内服0.3s,内服,实测,124,2.066667,16.629200,C:\Users\金阳\Documents\我的POPO\新0.3_0.4.zip -> 新0.3/measurements.csv
内服0.3s,内服,实测,125,2.083333,16.986300,C:\Users\金阳\Documents\我的POPO\新0.3_0.4.zip -> 新0.3/measurements.csv
内服0.3s,内服,实测,126,2.100000,17.338200,C:\Users\金阳\Documents\我的POPO\新0.3_0.4.zip -> 新0.3/measurements.csv
内服0.3s,内服,实测,127,2.116667,17.338200,C:\Users\金阳\Documents\我的POPO\新0.3_0.4.zip -> 新0.3/measurements.csv
内服0.3s,内服,实测,128,2.133333,17.338200,C:\Users\金阳\Documents\我的POPO\新0.3_0.4.zip -> 新0.3/measurements.csv
内服0.3s,内服,实测,129,2.150000,17.686300,C:\Users\金阳\Documents\我的POPO\新0.3_0.4.zip -> 新0.3/measurements.csv
内服0.3s,内服,实测,130,2.166667,18.073300,C:\Users\金阳\Documents\我的POPO\新0.3_0.4.zip -> 新0.3/measurements.csv
内服0.3s,内服,实测,131,2.183333,18.073300,C:\Users\金阳\Documents\我的POPO\新0.3_0.4.zip -> 新0.3/measurements.csv
内服0.3s,内服,实测,132,2.200000,18.073300,C:\Users\金阳\Documents\我的POPO\新0.3_0.4.zip -> 新0.3/measurements.csv
内服0.3s,内服,实测,133,2.216667,18.455200,C:\Users\金阳\Documents\我的POPO\新0.3_0.4.zip -> 新0.3/measurements.csv
内服0.3s,内服,实测,134,2.233333,18.833200,C:\Users\金阳\Documents\我的POPO\新0.3_0.4.zip -> 新0.3/measurements.csv
内服0.3s,内服,实测,135,2.250000,18.833200,C:\Users\金阳\Documents\我的POPO\新0.3_0.4.zip -> 新0.3/measurements.csv
内服0.3s,内服,实测,136,2.266667,19.207200,C:\Users\金阳\Documents\我的POPO\新0.3_0.4.zip -> 新0.3/measurements.csv
内服0.3s,内服,实测,137,2.283333,19.207200,C:\Users\金阳\Documents\我的POPO\新0.3_0.4.zip -> 新0.3/measurements.csv
内服0.3s,内服,实测,138,2.300000,19.207200,C:\Users\金阳\Documents\我的POPO\新0.3_0.4.zip -> 新0.3/measurements.csv
内服0.3s,内服,实测,139,2.316667,19.576200,C:\Users\金阳\Documents\我的POPO\新0.3_0.4.zip -> 新0.3/measurements.csv
内服0.3s,内服,实测,140,2.333333,19.941200,C:\Users\金阳\Documents\我的POPO\新0.3_0.4.zip -> 新0.3/measurements.csv
内服0.3s,内服,实测,141,2.350000,19.941200,C:\Users\金阳\Documents\我的POPO\新0.3_0.4.zip -> 新0.3/measurements.csv
内服0.3s,内服,实测,142,2.366667,19.941200,C:\Users\金阳\Documents\我的POPO\新0.3_0.4.zip -> 新0.3/measurements.csv
内服0.3s,内服,实测,143,2.383333,19.941200,C:\Users\金阳\Documents\我的POPO\新0.3_0.4.zip -> 新0.3/measurements.csv
内服0.3s,内服,实测,144,2.400000,20.658300,C:\Users\金阳\Documents\我的POPO\新0.3_0.4.zip -> 新0.3/measurements.csv
内服0.3s,内服,实测,145,2.416667,20.658300,C:\Users\金阳\Documents\我的POPO\新0.3_0.4.zip -> 新0.3/measurements.csv
内服0.3s,内服,实测,146,2.433333,21.009200,C:\Users\金阳\Documents\我的POPO\新0.3_0.4.zip -> 新0.3/measurements.csv
内服0.3s,内服,实测,147,2.450000,21.009200,C:\Users\金阳\Documents\我的POPO\新0.3_0.4.zip -> 新0.3/measurements.csv
内服0.3s,内服,实测,148,2.466667,21.009200,C:\Users\金阳\Documents\我的POPO\新0.3_0.4.zip -> 新0.3/measurements.csv
内服0.3s,内服,实测,149,2.483333,21.009200,C:\Users\金阳\Documents\我的POPO\新0.3_0.4.zip -> 新0.3/measurements.csv
内服0.3s,内服,实测,150,2.500000,21.785200,C:\Users\金阳\Documents\我的POPO\新0.3_0.4.zip -> 新0.3/measurements.csv
内服0.3s,内服,实测,151,2.516667,21.785200,C:\Users\金阳\Documents\我的POPO\新0.3_0.4.zip -> 新0.3/measurements.csv
内服0.3s,内服,实测,152,2.533333,21.785200,C:\Users\金阳\Documents\我的POPO\新0.3_0.4.zip -> 新0.3/measurements.csv
内服0.3s,内服,实测,153,2.550000,22.157200,C:\Users\金阳\Documents\我的POPO\新0.3_0.4.zip -> 新0.3/measurements.csv
内服0.3s,内服,实测,154,2.566667,22.157200,C:\Users\金阳\Documents\我的POPO\新0.3_0.4.zip -> 新0.3/measurements.csv
内服0.3s,内服,实测,155,2.583333,22.537200,C:\Users\金阳\Documents\我的POPO\新0.3_0.4.zip -> 新0.3/measurements.csv
内服0.3s,内服,实测,156,2.600000,22.927300,C:\Users\金阳\Documents\我的POPO\新0.3_0.4.zip -> 新0.3/measurements.csv
内服0.3s,内服,实测,157,2.616667,22.927300,C:\Users\金阳\Documents\我的POPO\新0.3_0.4.zip -> 新0.3/measurements.csv
内服0.3s,内服,实测,158,2.633333,22.927300,C:\Users\金阳\Documents\我的POPO\新0.3_0.4.zip -> 新0.3/measurements.csv
内服0.3s,内服,实测,159,2.650000,23.325200,C:\Users\金阳\Documents\我的POPO\新0.3_0.4.zip -> 新0.3/measurements.csv
内服0.3s,内服,实测,160,2.666667,23.732200,C:\Users\金阳\Documents\我的POPO\新0.3_0.4.zip -> 新0.3/measurements.csv
内服0.3s,内服,实测,161,2.683333,23.732200,C:\Users\金阳\Documents\我的POPO\新0.3_0.4.zip -> 新0.3/measurements.csv
内服0.3s,内服,实测,162,2.700000,24.148200,C:\Users\金阳\Documents\我的POPO\新0.3_0.4.zip -> 新0.3/measurements.csv
内服0.3s,内服,实测,163,2.716667,24.148200,C:\Users\金阳\Documents\我的POPO\新0.3_0.4.zip -> 新0.3/measurements.csv
内服0.3s,内服,实测,164,2.733333,24.148200,C:\Users\金阳\Documents\我的POPO\新0.3_0.4.zip -> 新0.3/measurements.csv
内服0.3s,内服,实测,165,2.750000,24.573300,C:\Users\金阳\Documents\我的POPO\新0.3_0.4.zip -> 新0.3/measurements.csv
内服0.3s,内服,实测,166,2.766667,25.006200,C:\Users\金阳\Documents\我的POPO\新0.3_0.4.zip -> 新0.3/measurements.csv
内服0.3s,内服,实测,167,2.783333,25.006200,C:\Users\金阳\Documents\我的POPO\新0.3_0.4.zip -> 新0.3/measurements.csv
内服0.3s,内服,实测,168,2.800000,25.449200,C:\Users\金阳\Documents\我的POPO\新0.3_0.4.zip -> 新0.3/measurements.csv
内服0.3s,内服,实测,169,2.816667,25.449200,C:\Users\金阳\Documents\我的POPO\新0.3_0.4.zip -> 新0.3/measurements.csv
内服0.3s,内服,实测,170,2.833333,25.901200,C:\Users\金阳\Documents\我的POPO\新0.3_0.4.zip -> 新0.3/measurements.csv
内服0.3s,内服,实测,171,2.850000,26.361200,C:\Users\金阳\Documents\我的POPO\新0.3_0.4.zip -> 新0.3/measurements.csv
内服0.3s,内服,实测,172,2.866667,26.361200,C:\Users\金阳\Documents\我的POPO\新0.3_0.4.zip -> 新0.3/measurements.csv
内服0.3s,内服,实测,173,2.883333,26.361200,C:\Users\金阳\Documents\我的POPO\新0.3_0.4.zip -> 新0.3/measurements.csv
内服0.3s,内服,实测,174,2.900000,26.361200,C:\Users\金阳\Documents\我的POPO\新0.3_0.4.zip -> 新0.3/measurements.csv
内服0.3s,内服,实测,175,2.916667,26.830200,C:\Users\金阳\Documents\我的POPO\新0.3_0.4.zip -> 新0.3/measurements.csv
内服0.3s,内服,实测,176,2.933333,26.830200,C:\Users\金阳\Documents\我的POPO\新0.3_0.4.zip -> 新0.3/measurements.csv
内服0.3s,内服,实测,177,2.950000,27.769200,C:\Users\金阳\Documents\我的POPO\新0.3_0.4.zip -> 新0.3/measurements.csv
内服0.3s,内服,实测,178,2.966667,27.769200,C:\Users\金阳\Documents\我的POPO\新0.3_0.4.zip -> 新0.3/measurements.csv
内服0.3s,内服,实测,179,2.983333,27.769200,C:\Users\金阳\Documents\我的POPO\新0.3_0.4.zip -> 新0.3/measurements.csv
内服0.3s,内服,实测,180,3.000000,28.231200,C:\Users\金阳\Documents\我的POPO\新0.3_0.4.zip -> 新0.3/measurements.csv
内服0.3s,内服,实测,181,3.016667,28.231200,C:\Users\金阳\Documents\我的POPO\新0.3_0.4.zip -> 新0.3/measurements.csv
内服0.3s,内服,实测,182,3.033333,28.687200,C:\Users\金阳\Documents\我的POPO\新0.3_0.4.zip -> 新0.3/measurements.csv
内服0.3s,内服,实测,183,3.050000,28.687200,C:\Users\金阳\Documents\我的POPO\新0.3_0.4.zip -> 新0.3/measurements.csv
内服0.3s,内服,实测,184,3.066667,29.131200,C:\Users\金阳\Documents\我的POPO\新0.3_0.4.zip -> 新0.3/measurements.csv
内服0.3s,内服,实测,185,3.083333,29.131200,C:\Users\金阳\Documents\我的POPO\新0.3_0.4.zip -> 新0.3/measurements.csv
内服0.3s,内服,实测,186,3.100000,29.565200,C:\Users\金阳\Documents\我的POPO\新0.3_0.4.zip -> 新0.3/measurements.csv
内服0.3s,内服,实测,187,3.116667,29.987200,C:\Users\金阳\Documents\我的POPO\新0.3_0.4.zip -> 新0.3/measurements.csv
内服0.3s,内服,实测,188,3.133333,29.987200,C:\Users\金阳\Documents\我的POPO\新0.3_0.4.zip -> 新0.3/measurements.csv
内服0.3s,内服,实测,189,3.150000,29.987200,C:\Users\金阳\Documents\我的POPO\新0.3_0.4.zip -> 新0.3/measurements.csv
内服0.3s,内服,实测,190,3.166667,30.398200,C:\Users\金阳\Documents\我的POPO\新0.3_0.4.zip -> 新0.3/measurements.csv
内服0.3s,内服,实测,191,3.183333,30.798200,C:\Users\金阳\Documents\我的POPO\新0.3_0.4.zip -> 新0.3/measurements.csv
内服0.3s,内服,实测,192,3.200000,30.798200,C:\Users\金阳\Documents\我的POPO\新0.3_0.4.zip -> 新0.3/measurements.csv
内服0.3s,内服,实测,193,3.216667,30.798200,C:\Users\金阳\Documents\我的POPO\新0.3_0.4.zip -> 新0.3/measurements.csv
内服0.3s,内服,实测,194,3.233333,31.187200,C:\Users\金阳\Documents\我的POPO\新0.3_0.4.zip -> 新0.3/measurements.csv
内服0.3s,内服,实测,195,3.250000,31.187200,C:\Users\金阳\Documents\我的POPO\新0.3_0.4.zip -> 新0.3/measurements.csv
内服0.3s,内服,实测,196,3.266667,33.567200,C:\Users\金阳\Documents\我的POPO\新0.3_0.4.zip -> 新0.3/measurements.csv
内服0.3s,内服,实测,197,3.283333,34.011200,C:\Users\金阳\Documents\我的POPO\新0.3_0.4.zip -> 新0.3/measurements.csv
内服0.3s,内服,实测,198,3.300000,34.011200,C:\Users\金阳\Documents\我的POPO\新0.3_0.4.zip -> 新0.3/measurements.csv
内服0.3s,内服,实测,199,3.316667,34.011200,C:\Users\金阳\Documents\我的POPO\新0.3_0.4.zip -> 新0.3/measurements.csv
内服0.3s,内服,实测,200,3.333333,34.606200,C:\Users\金阳\Documents\我的POPO\新0.3_0.4.zip -> 新0.3/measurements.csv
内服0.3s,内服,实测,201,3.350000,34.606200,C:\Users\金阳\Documents\我的POPO\新0.3_0.4.zip -> 新0.3/measurements.csv
内服0.3s,内服,实测,202,3.366667,35.251200,C:\Users\金阳\Documents\我的POPO\新0.3_0.4.zip -> 新0.3/measurements.csv
内服0.3s,内服,实测,203,3.383333,35.251200,C:\Users\金阳\Documents\我的POPO\新0.3_0.4.zip -> 新0.3/measurements.csv
内服0.3s,内服,实测,204,3.400000,35.886200,C:\Users\金阳\Documents\我的POPO\新0.3_0.4.zip -> 新0.3/measurements.csv
内服0.3s,内服,实测,205,3.416667,35.886200,C:\Users\金阳\Documents\我的POPO\新0.3_0.4.zip -> 新0.3/measurements.csv
内服0.3s,内服,实测,206,3.433333,36.482200,C:\Users\金阳\Documents\我的POPO\新0.3_0.4.zip -> 新0.3/measurements.csv
内服0.3s,内服,实测,207,3.450000,37.035200,C:\Users\金阳\Documents\我的POPO\新0.3_0.4.zip -> 新0.3/measurements.csv
内服0.3s,内服,实测,208,3.466667,37.035200,C:\Users\金阳\Documents\我的POPO\新0.3_0.4.zip -> 新0.3/measurements.csv
内服0.3s,内服,实测,209,3.483333,37.035200,C:\Users\金阳\Documents\我的POPO\新0.3_0.4.zip -> 新0.3/measurements.csv
内服0.3s,内服,实测,210,3.500000,37.553200,C:\Users\金阳\Documents\我的POPO\新0.3_0.4.zip -> 新0.3/measurements.csv
内服0.3s,内服,实测,211,3.516667,38.061200,C:\Users\金阳\Documents\我的POPO\新0.3_0.4.zip -> 新0.3/measurements.csv
内服0.3s,内服,实测,212,3.533333,38.061200,C:\Users\金阳\Documents\我的POPO\新0.3_0.4.zip -> 新0.3/measurements.csv
内服0.3s,内服,实测,213,3.550000,38.587200,C:\Users\金阳\Documents\我的POPO\新0.3_0.4.zip -> 新0.3/measurements.csv
内服0.3s,内服,实测,214,3.566667,38.587200,C:\Users\金阳\Documents\我的POPO\新0.3_0.4.zip -> 新0.3/measurements.csv
内服0.3s,内服,实测,215,3.583333,38.587200,C:\Users\金阳\Documents\我的POPO\新0.3_0.4.zip -> 新0.3/measurements.csv
内服0.3s,内服,实测,216,3.600000,39.121200,C:\Users\金阳\Documents\我的POPO\新0.3_0.4.zip -> 新0.3/measurements.csv
内服0.3s,内服,实测,217,3.616667,39.649200,C:\Users\金阳\Documents\我的POPO\新0.3_0.4.zip -> 新0.3/measurements.csv
内服0.3s,内服,实测,218,3.633333,39.649200,C:\Users\金阳\Documents\我的POPO\新0.3_0.4.zip -> 新0.3/measurements.csv
内服0.3s,内服,实测,219,3.650000,39.649200,C:\Users\金阳\Documents\我的POPO\新0.3_0.4.zip -> 新0.3/measurements.csv
内服0.3s,内服,实测,220,3.666667,40.162200,C:\Users\金阳\Documents\我的POPO\新0.3_0.4.zip -> 新0.3/measurements.csv
内服0.3s,内服,实测,221,3.683333,40.162200,C:\Users\金阳\Documents\我的POPO\新0.3_0.4.zip -> 新0.3/measurements.csv
内服0.3s,内服,实测,222,3.700000,40.664200,C:\Users\金阳\Documents\我的POPO\新0.3_0.4.zip -> 新0.3/measurements.csv
内服0.3s,内服,实测,223,3.716667,40.664200,C:\Users\金阳\Documents\我的POPO\新0.3_0.4.zip -> 新0.3/measurements.csv
内服0.3s,内服,实测,224,3.733333,41.166200,C:\Users\金阳\Documents\我的POPO\新0.3_0.4.zip -> 新0.3/measurements.csv
内服0.3s,内服,实测,225,3.750000,41.166200,C:\Users\金阳\Documents\我的POPO\新0.3_0.4.zip -> 新0.3/measurements.csv
内服0.3s,内服,实测,226,3.766667,41.676200,C:\Users\金阳\Documents\我的POPO\新0.3_0.4.zip -> 新0.3/measurements.csv
内服0.3s,内服,实测,227,3.783333,41.676200,C:\Users\金阳\Documents\我的POPO\新0.3_0.4.zip -> 新0.3/measurements.csv
内服0.3s,内服,实测,228,3.800000,41.676200,C:\Users\金阳\Documents\我的POPO\新0.3_0.4.zip -> 新0.3/measurements.csv
内服0.3s,内服,实测,229,3.816667,42.218200,C:\Users\金阳\Documents\我的POPO\新0.3_0.4.zip -> 新0.3/measurements.csv
内服0.3s,内服,实测,230,3.833333,43.015200,C:\Users\金阳\Documents\我的POPO\新0.3_0.4.zip -> 新0.3/measurements.csv
内服0.3s,内服,实测,231,3.850000,43.821200,C:\Users\金阳\Documents\我的POPO\新0.3_0.4.zip -> 新0.3/measurements.csv
内服0.3s,内服,实测,232,3.866667,43.821200,C:\Users\金阳\Documents\我的POPO\新0.3_0.4.zip -> 新0.3/measurements.csv
内服0.3s,内服,实测,233,3.883333,43.821200,C:\Users\金阳\Documents\我的POPO\新0.3_0.4.zip -> 新0.3/measurements.csv
内服0.3s,内服,实测,234,3.900000,44.635200,C:\Users\金阳\Documents\我的POPO\新0.3_0.4.zip -> 新0.3/measurements.csv
内服0.3s,内服,实测,235,3.916667,44.635200,C:\Users\金阳\Documents\我的POPO\新0.3_0.4.zip -> 新0.3/measurements.csv
内服0.3s,内服,实测,236,3.933333,45.459200,C:\Users\金阳\Documents\我的POPO\新0.3_0.4.zip -> 新0.3/measurements.csv
内服0.3s,内服,实测,237,3.950000,46.292200,C:\Users\金阳\Documents\我的POPO\新0.3_0.4.zip -> 新0.3/measurements.csv
内服0.3s,内服,实测,238,3.966667,46.292200,C:\Users\金阳\Documents\我的POPO\新0.3_0.4.zip -> 新0.3/measurements.csv
内服0.3s,内服,实测,239,3.983333,46.292200,C:\Users\金阳\Documents\我的POPO\新0.3_0.4.zip -> 新0.3/measurements.csv
内服0.3s,内服,实测,240,4.000000,46.292200,C:\Users\金阳\Documents\我的POPO\新0.3_0.4.zip -> 新0.3/measurements.csv
内服0.3s,内服,实测,241,4.016667,47.133200,C:\Users\金阳\Documents\我的POPO\新0.3_0.4.zip -> 新0.3/measurements.csv
内服0.3s,内服,实测,242,4.033333,47.133200,C:\Users\金阳\Documents\我的POPO\新0.3_0.4.zip -> 新0.3/measurements.csv
内服0.3s,内服,实测,243,4.050000,47.133200,C:\Users\金阳\Documents\我的POPO\新0.3_0.4.zip -> 新0.3/measurements.csv
内服0.3s,内服,实测,244,4.066667,47.133200,C:\Users\金阳\Documents\我的POPO\新0.3_0.4.zip -> 新0.3/measurements.csv
内服0.3s,内服,实测,245,4.083333,47.984300,C:\Users\金阳\Documents\我的POPO\新0.3_0.4.zip -> 新0.3/measurements.csv
内服0.3s,内服,实测,246,4.100000,48.843200,C:\Users\金阳\Documents\我的POPO\新0.3_0.4.zip -> 新0.3/measurements.csv
内服0.3s,内服,实测,247,4.116667,49.711200,C:\Users\金阳\Documents\我的POPO\新0.3_0.4.zip -> 新0.3/measurements.csv
内服0.3s,内服,实测,248,4.133333,49.711200,C:\Users\金阳\Documents\我的POPO\新0.3_0.4.zip -> 新0.3/measurements.csv
内服0.3s,内服,实测,249,4.150000,49.711200,C:\Users\金阳\Documents\我的POPO\新0.3_0.4.zip -> 新0.3/measurements.csv
内服0.3s,内服,实测,250,4.166667,50.588200,C:\Users\金阳\Documents\我的POPO\新0.3_0.4.zip -> 新0.3/measurements.csv
内服0.3s,内服,实测,251,4.183333,51.474200,C:\Users\金阳\Documents\我的POPO\新0.3_0.4.zip -> 新0.3/measurements.csv
内服0.3s,内服,实测,252,4.200000,51.474200,C:\Users\金阳\Documents\我的POPO\新0.3_0.4.zip -> 新0.3/measurements.csv
内服0.3s,内服,实测,253,4.216667,51.474200,C:\Users\金阳\Documents\我的POPO\新0.3_0.4.zip -> 新0.3/measurements.csv
内服0.3s,内服,实测,254,4.233333,52.369200,C:\Users\金阳\Documents\我的POPO\新0.3_0.4.zip -> 新0.3/measurements.csv
内服0.3s,内服,实测,255,4.250000,53.273300,C:\Users\金阳\Documents\我的POPO\新0.3_0.4.zip -> 新0.3/measurements.csv
内服0.3s,内服,实测,256,4.266667,53.273300,C:\Users\金阳\Documents\我的POPO\新0.3_0.4.zip -> 新0.3/measurements.csv
内服0.3s,内服,实测,257,4.283333,54.185200,C:\Users\金阳\Documents\我的POPO\新0.3_0.4.zip -> 新0.3/measurements.csv
内服0.3s,内服,实测,258,4.300000,54.185200,C:\Users\金阳\Documents\我的POPO\新0.3_0.4.zip -> 新0.3/measurements.csv
内服0.3s,内服,实测,259,4.316667,54.185200,C:\Users\金阳\Documents\我的POPO\新0.3_0.4.zip -> 新0.3/measurements.csv
内服0.3s,内服,实测,260,4.333333,55.107200,C:\Users\金阳\Documents\我的POPO\新0.3_0.4.zip -> 新0.3/measurements.csv
内服0.3s,内服,实测,261,4.350000,56.037200,C:\Users\金阳\Documents\我的POPO\新0.3_0.4.zip -> 新0.3/measurements.csv
内服0.3s,内服,实测,262,4.366667,56.037200,C:\Users\金阳\Documents\我的POPO\新0.3_0.4.zip -> 新0.3/measurements.csv
内服0.3s,内服,实测,263,4.383333,56.037200,C:\Users\金阳\Documents\我的POPO\新0.3_0.4.zip -> 新0.3/measurements.csv
内服0.3s,内服,实测,264,4.400000,56.976200,C:\Users\金阳\Documents\我的POPO\新0.3_0.4.zip -> 新0.3/measurements.csv
内服0.3s,内服,实测,265,4.416667,56.976200,C:\Users\金阳\Documents\我的POPO\新0.3_0.4.zip -> 新0.3/measurements.csv
内服0.3s,内服,实测,266,4.433333,57.918200,C:\Users\金阳\Documents\我的POPO\新0.3_0.4.zip -> 新0.3/measurements.csv
内服0.3s,内服,实测,267,4.450000,58.855200,C:\Users\金阳\Documents\我的POPO\新0.3_0.4.zip -> 新0.3/measurements.csv
内服0.3s,内服,实测,268,4.466667,58.855200,C:\Users\金阳\Documents\我的POPO\新0.3_0.4.zip -> 新0.3/measurements.csv
内服0.3s,内服,实测,269,4.483333,58.855200,C:\Users\金阳\Documents\我的POPO\新0.3_0.4.zip -> 新0.3/measurements.csv
内服0.3s,内服,实测,270,4.500000,59.788300,C:\Users\金阳\Documents\我的POPO\新0.3_0.4.zip -> 新0.3/measurements.csv
内服0.3s,内服,实测,271,4.516667,60.716200,C:\Users\金阳\Documents\我的POPO\新0.3_0.4.zip -> 新0.3/measurements.csv
内服0.3s,内服,实测,272,4.533333,61.640200,C:\Users\金阳\Documents\我的POPO\新0.3_0.4.zip -> 新0.3/measurements.csv
内服0.3s,内服,实测,273,4.550000,61.640200,C:\Users\金阳\Documents\我的POPO\新0.3_0.4.zip -> 新0.3/measurements.csv
内服0.3s,内服,实测,274,4.566667,61.640200,C:\Users\金阳\Documents\我的POPO\新0.3_0.4.zip -> 新0.3/measurements.csv
内服0.3s,内服,实测,275,4.583333,61.640200,C:\Users\金阳\Documents\我的POPO\新0.3_0.4.zip -> 新0.3/measurements.csv
内服0.3s,内服,实测,276,4.600000,63.474300,C:\Users\金阳\Documents\我的POPO\新0.3_0.4.zip -> 新0.3/measurements.csv
内服0.3s,内服,实测,277,4.616667,63.474300,C:\Users\金阳\Documents\我的POPO\新0.3_0.4.zip -> 新0.3/measurements.csv
内服0.3s,内服,实测,278,4.633333,63.474300,C:\Users\金阳\Documents\我的POPO\新0.3_0.4.zip -> 新0.3/measurements.csv
内服0.3s,内服,实测,279,4.650000,64.384200,C:\Users\金阳\Documents\我的POPO\新0.3_0.4.zip -> 新0.3/measurements.csv
内服0.3s,内服,实测,280,4.666667,64.384200,C:\Users\金阳\Documents\我的POPO\新0.3_0.4.zip -> 新0.3/measurements.csv
内服0.3s,内服,实测,281,4.683333,65.290200,C:\Users\金阳\Documents\我的POPO\新0.3_0.4.zip -> 新0.3/measurements.csv
内服0.3s,内服,实测,282,4.700000,65.290200,C:\Users\金阳\Documents\我的POPO\新0.3_0.4.zip -> 新0.3/measurements.csv
内服0.3s,内服,实测,283,4.716667,66.151200,C:\Users\金阳\Documents\我的POPO\新0.3_0.4.zip -> 新0.3/measurements.csv
内服0.3s,内服,实测,284,4.733333,66.969200,C:\Users\金阳\Documents\我的POPO\新0.3_0.4.zip -> 新0.3/measurements.csv
内服0.3s,内服,实测,285,4.750000,66.969200,C:\Users\金阳\Documents\我的POPO\新0.3_0.4.zip -> 新0.3/measurements.csv
内服0.3s,内服,实测,286,4.766667,66.969200,C:\Users\金阳\Documents\我的POPO\新0.3_0.4.zip -> 新0.3/measurements.csv
内服0.3s,内服,实测,287,4.783333,67.741200,C:\Users\金阳\Documents\我的POPO\新0.3_0.4.zip -> 新0.3/measurements.csv
内服0.3s,内服,实测,288,4.800000,68.509200,C:\Users\金阳\Documents\我的POPO\新0.3_0.4.zip -> 新0.3/measurements.csv
内服0.3s,内服,实测,289,4.816667,68.509200,C:\Users\金阳\Documents\我的POPO\新0.3_0.4.zip -> 新0.3/measurements.csv
内服0.3s,内服,实测,290,4.833333,68.509200,C:\Users\金阳\Documents\我的POPO\新0.3_0.4.zip -> 新0.3/measurements.csv
内服0.3s,内服,实测,291,4.850000,69.273200,C:\Users\金阳\Documents\我的POPO\新0.3_0.4.zip -> 新0.3/measurements.csv
内服0.3s,内服,实测,292,4.866667,69.273200,C:\Users\金阳\Documents\我的POPO\新0.3_0.4.zip -> 新0.3/measurements.csv
内服0.3s,内服,实测,293,4.883333,70.032200,C:\Users\金阳\Documents\我的POPO\新0.3_0.4.zip -> 新0.3/measurements.csv
内服0.3s,内服,实测,294,4.900000,70.787200,C:\Users\金阳\Documents\我的POPO\新0.3_0.4.zip -> 新0.3/measurements.csv
内服0.3s,内服,实测,295,4.916667,70.787200,C:\Users\金阳\Documents\我的POPO\新0.3_0.4.zip -> 新0.3/measurements.csv
内服0.3s,内服,实测,296,4.933333,70.787200,C:\Users\金阳\Documents\我的POPO\新0.3_0.4.zip -> 新0.3/measurements.csv
内服0.3s,内服,实测,297,4.950000,71.538200,C:\Users\金阳\Documents\我的POPO\新0.3_0.4.zip -> 新0.3/measurements.csv
内服0.3s,内服,实测,298,4.966667,72.284200,C:\Users\金阳\Documents\我的POPO\新0.3_0.4.zip -> 新0.3/measurements.csv
内服0.3s,内服,实测,299,4.983333,72.284200,C:\Users\金阳\Documents\我的POPO\新0.3_0.4.zip -> 新0.3/measurements.csv
内服0.3s,内服,实测,300,5.000000,72.284200,C:\Users\金阳\Documents\我的POPO\新0.3_0.4.zip -> 新0.3/measurements.csv
内服0.3s,内服,实测,301,5.016667,73.025200,C:\Users\金阳\Documents\我的POPO\新0.3_0.4.zip -> 新0.3/measurements.csv
内服0.3s,内服,实测,302,5.033333,73.025200,C:\Users\金阳\Documents\我的POPO\新0.3_0.4.zip -> 新0.3/measurements.csv
内服0.3s,内服,实测,303,5.050000,73.762200,C:\Users\金阳\Documents\我的POPO\新0.3_0.4.zip -> 新0.3/measurements.csv
内服0.3s,内服,实测,304,5.066667,74.495200,C:\Users\金阳\Documents\我的POPO\新0.3_0.4.zip -> 新0.3/measurements.csv
内服0.3s,内服,实测,305,5.083333,74.495200,C:\Users\金阳\Documents\我的POPO\新0.3_0.4.zip -> 新0.3/measurements.csv
内服0.3s,内服,实测,306,5.100000,74.495200,C:\Users\金阳\Documents\我的POPO\新0.3_0.4.zip -> 新0.3/measurements.csv
内服0.3s,内服,实测,307,5.116667,75.223200,C:\Users\金阳\Documents\我的POPO\新0.3_0.4.zip -> 新0.3/measurements.csv
内服0.3s,内服,实测,308,5.133333,75.947300,C:\Users\金阳\Documents\我的POPO\新0.3_0.4.zip -> 新0.3/measurements.csv
内服0.3s,内服,实测,309,5.150000,75.947300,C:\Users\金阳\Documents\我的POPO\新0.3_0.4.zip -> 新0.3/measurements.csv
内服0.3s,内服,实测,310,5.166667,75.947300,C:\Users\金阳\Documents\我的POPO\新0.3_0.4.zip -> 新0.3/measurements.csv
内服0.3s,内服,实测,311,5.183333,76.666200,C:\Users\金阳\Documents\我的POPO\新0.3_0.4.zip -> 新0.3/measurements.csv
内服0.3s,内服,实测,312,5.200000,76.666200,C:\Users\金阳\Documents\我的POPO\新0.3_0.4.zip -> 新0.3/measurements.csv
内服0.3s,内服,实测,313,5.216667,77.381200,C:\Users\金阳\Documents\我的POPO\新0.3_0.4.zip -> 新0.3/measurements.csv
内服0.3s,内服,实测,314,5.233333,78.091200,C:\Users\金阳\Documents\我的POPO\新0.3_0.4.zip -> 新0.3/measurements.csv
内服0.3s,内服,实测,315,5.250000,78.091200,C:\Users\金阳\Documents\我的POPO\新0.3_0.4.zip -> 新0.3/measurements.csv
内服0.3s,内服,实测,316,5.266667,78.091200,C:\Users\金阳\Documents\我的POPO\新0.3_0.4.zip -> 新0.3/measurements.csv
内服0.3s,内服,实测,317,5.283333,78.797200,C:\Users\金阳\Documents\我的POPO\新0.3_0.4.zip -> 新0.3/measurements.csv
内服0.3s,内服,实测,318,5.300000,79.499200,C:\Users\金阳\Documents\我的POPO\新0.3_0.4.zip -> 新0.3/measurements.csv
内服0.3s,内服,实测,319,5.316667,79.499200,C:\Users\金阳\Documents\我的POPO\新0.3_0.4.zip -> 新0.3/measurements.csv
内服0.3s,内服,实测,320,5.333333,79.499200,C:\Users\金阳\Documents\我的POPO\新0.3_0.4.zip -> 新0.3/measurements.csv
内服0.3s,内服,实测,321,5.350000,80.196300,C:\Users\金阳\Documents\我的POPO\新0.3_0.4.zip -> 新0.3/measurements.csv
内服0.3s,内服,实测,322,5.366667,80.196300,C:\Users\金阳\Documents\我的POPO\新0.3_0.4.zip -> 新0.3/measurements.csv
内服0.3s,内服,实测,323,5.383333,80.888200,C:\Users\金阳\Documents\我的POPO\新0.3_0.4.zip -> 新0.3/measurements.csv
内服0.3s,内服,实测,324,5.400000,81.576200,C:\Users\金阳\Documents\我的POPO\新0.3_0.4.zip -> 新0.3/measurements.csv
内服0.3s,内服,实测,325,5.416667,81.576200,C:\Users\金阳\Documents\我的POPO\新0.3_0.4.zip -> 新0.3/measurements.csv
内服0.3s,内服,实测,326,5.433333,81.576200,C:\Users\金阳\Documents\我的POPO\新0.3_0.4.zip -> 新0.3/measurements.csv
内服0.3s,内服,实测,327,5.450000,82.260200,C:\Users\金阳\Documents\我的POPO\新0.3_0.4.zip -> 新0.3/measurements.csv
内服0.3s,内服,实测,328,5.466667,82.260200,C:\Users\金阳\Documents\我的POPO\新0.3_0.4.zip -> 新0.3/measurements.csv
内服0.3s,内服,实测,329,5.483333,82.939200,C:\Users\金阳\Documents\我的POPO\新0.3_0.4.zip -> 新0.3/measurements.csv
内服0.3s,内服,实测,330,5.500000,83.574200,C:\Users\金阳\Documents\我的POPO\新0.3_0.4.zip -> 新0.3/measurements.csv
内服0.3s,内服,实测,331,5.516667,83.574200,C:\Users\金阳\Documents\我的POPO\新0.3_0.4.zip -> 新0.3/measurements.csv
内服0.3s,内服,实测,332,5.533333,83.574200,C:\Users\金阳\Documents\我的POPO\新0.3_0.4.zip -> 新0.3/measurements.csv
内服0.3s,内服,实测,333,5.550000,84.165300,C:\Users\金阳\Documents\我的POPO\新0.3_0.4.zip -> 新0.3/measurements.csv
内服0.3s,内服,实测,334,5.566667,84.165300,C:\Users\金阳\Documents\我的POPO\新0.3_0.4.zip -> 新0.3/measurements.csv
内服0.3s,内服,实测,335,5.583333,84.711300,C:\Users\金阳\Documents\我的POPO\新0.3_0.4.zip -> 新0.3/measurements.csv
内服0.3s,内服,实测,336,5.600000,85.252200,C:\Users\金阳\Documents\我的POPO\新0.3_0.4.zip -> 新0.3/measurements.csv
内服0.3s,内服,实测,337,5.616667,85.252200,C:\Users\金阳\Documents\我的POPO\新0.3_0.4.zip -> 新0.3/measurements.csv
内服0.3s,内服,实测,338,5.633333,85.252200,C:\Users\金阳\Documents\我的POPO\新0.3_0.4.zip -> 新0.3/measurements.csv
内服0.3s,内服,实测,339,5.650000,85.789200,C:\Users\金阳\Documents\我的POPO\新0.3_0.4.zip -> 新0.3/measurements.csv
内服0.3s,内服,实测,340,5.666667,86.322200,C:\Users\金阳\Documents\我的POPO\新0.3_0.4.zip -> 新0.3/measurements.csv
内服0.3s,内服,实测,341,5.683333,86.322200,C:\Users\金阳\Documents\我的POPO\新0.3_0.4.zip -> 新0.3/measurements.csv
内服0.3s,内服,实测,342,5.700000,86.322200,C:\Users\金阳\Documents\我的POPO\新0.3_0.4.zip -> 新0.3/measurements.csv
内服0.3s,内服,实测,343,5.716667,86.850200,C:\Users\金阳\Documents\我的POPO\新0.3_0.4.zip -> 新0.3/measurements.csv
内服0.3s,内服,实测,344,5.733333,87.374200,C:\Users\金阳\Documents\我的POPO\新0.3_0.4.zip -> 新0.3/measurements.csv
内服0.3s,内服,实测,345,5.750000,87.374200,C:\Users\金阳\Documents\我的POPO\新0.3_0.4.zip -> 新0.3/measurements.csv
内服0.3s,内服,实测,346,5.766667,87.374200,C:\Users\金阳\Documents\我的POPO\新0.3_0.4.zip -> 新0.3/measurements.csv
内服0.3s,内服,实测,347,5.783333,87.893200,C:\Users\金阳\Documents\我的POPO\新0.3_0.4.zip -> 新0.3/measurements.csv
内服0.3s,内服,实测,348,5.800000,88.408200,C:\Users\金阳\Documents\我的POPO\新0.3_0.4.zip -> 新0.3/measurements.csv
内服0.3s,内服,实测,349,5.816667,88.408200,C:\Users\金阳\Documents\我的POPO\新0.3_0.4.zip -> 新0.3/measurements.csv
内服0.3s,内服,实测,350,5.833333,88.408200,C:\Users\金阳\Documents\我的POPO\新0.3_0.4.zip -> 新0.3/measurements.csv
内服0.3s,内服,实测,351,5.850000,88.918200,C:\Users\金阳\Documents\我的POPO\新0.3_0.4.zip -> 新0.3/measurements.csv
内服0.3s,内服,实测,352,5.866667,88.918200,C:\Users\金阳\Documents\我的POPO\新0.3_0.4.zip -> 新0.3/measurements.csv
内服0.3s,内服,实测,353,5.883333,89.424200,C:\Users\金阳\Documents\我的POPO\新0.3_0.4.zip -> 新0.3/measurements.csv
内服0.3s,内服,实测,354,5.900000,89.926300,C:\Users\金阳\Documents\我的POPO\新0.3_0.4.zip -> 新0.3/measurements.csv
内服0.3s,内服,实测,355,5.916667,89.926300,C:\Users\金阳\Documents\我的POPO\新0.3_0.4.zip -> 新0.3/measurements.csv
内服0.3s,内服,实测,356,5.933333,89.926300,C:\Users\金阳\Documents\我的POPO\新0.3_0.4.zip -> 新0.3/measurements.csv
内服0.3s,内服,实测,357,5.950000,90.423200,C:\Users\金阳\Documents\我的POPO\新0.3_0.4.zip -> 新0.3/measurements.csv
内服0.3s,内服,实测,358,5.966667,90.915200,C:\Users\金阳\Documents\我的POPO\新0.3_0.4.zip -> 新0.3/measurements.csv
内服0.3s,内服,实测,359,5.983333,90.915200,C:\Users\金阳\Documents\我的POPO\新0.3_0.4.zip -> 新0.3/measurements.csv
内服0.3s,内服,实测,360,6.000000,90.915200,C:\Users\金阳\Documents\我的POPO\新0.3_0.4.zip -> 新0.3/measurements.csv
内服0.3s,内服,实测,361,6.016667,91.404200,C:\Users\金阳\Documents\我的POPO\新0.3_0.4.zip -> 新0.3/measurements.csv
内服0.3s,内服,实测,362,6.033333,91.887200,C:\Users\金阳\Documents\我的POPO\新0.3_0.4.zip -> 新0.3/measurements.csv
内服0.3s,内服,实测,363,6.050000,92.367200,C:\Users\金阳\Documents\我的POPO\新0.3_0.4.zip -> 新0.3/measurements.csv
内服0.3s,内服,实测,364,6.066667,92.367200,C:\Users\金阳\Documents\我的POPO\新0.3_0.4.zip -> 新0.3/measurements.csv
内服0.3s,内服,实测,365,6.083333,92.367200,C:\Users\金阳\Documents\我的POPO\新0.3_0.4.zip -> 新0.3/measurements.csv
内服0.3s,内服,实测,366,6.100000,92.367200,C:\Users\金阳\Documents\我的POPO\新0.3_0.4.zip -> 新0.3/measurements.csv
内服0.3s,内服,实测,367,6.116667,92.841200,C:\Users\金阳\Documents\我的POPO\新0.3_0.4.zip -> 新0.3/measurements.csv
内服0.3s,内服,实测,368,6.133333,93.312200,C:\Users\金阳\Documents\我的POPO\新0.3_0.4.zip -> 新0.3/measurements.csv
内服0.3s,内服,实测,369,6.150000,93.312200,C:\Users\金阳\Documents\我的POPO\新0.3_0.4.zip -> 新0.3/measurements.csv
内服0.3s,内服,实测,370,6.166667,93.312200,C:\Users\金阳\Documents\我的POPO\新0.3_0.4.zip -> 新0.3/measurements.csv
内服0.3s,内服,实测,371,6.183333,93.778200,C:\Users\金阳\Documents\我的POPO\新0.3_0.4.zip -> 新0.3/measurements.csv
内服0.3s,内服,实测,372,6.200000,94.239200,C:\Users\金阳\Documents\我的POPO\新0.3_0.4.zip -> 新0.3/measurements.csv
内服0.3s,内服,实测,373,6.216667,94.239200,C:\Users\金阳\Documents\我的POPO\新0.3_0.4.zip -> 新0.3/measurements.csv
内服0.3s,内服,实测,374,6.233333,94.696200,C:\Users\金阳\Documents\我的POPO\新0.3_0.4.zip -> 新0.3/measurements.csv
内服0.3s,内服,实测,375,6.250000,94.696200,C:\Users\金阳\Documents\我的POPO\新0.3_0.4.zip -> 新0.3/measurements.csv
内服0.3s,内服,实测,376,6.266667,95.149200,C:\Users\金阳\Documents\我的POPO\新0.3_0.4.zip -> 新0.3/measurements.csv
内服0.3s,内服,实测,377,6.283333,95.149200,C:\Users\金阳\Documents\我的POPO\新0.3_0.4.zip -> 新0.3/measurements.csv
内服0.3s,内服,实测,378,6.300000,95.557200,C:\Users\金阳\Documents\我的POPO\新0.3_0.4.zip -> 新0.3/measurements.csv
内服0.3s,内服,实测,379,6.316667,95.921200,C:\Users\金阳\Documents\我的POPO\新0.3_0.4.zip -> 新0.3/measurements.csv
内服0.3s,内服,实测,380,6.333333,95.921200,C:\Users\金阳\Documents\我的POPO\新0.3_0.4.zip -> 新0.3/measurements.csv
内服0.3s,内服,实测,381,6.350000,95.921200,C:\Users\金阳\Documents\我的POPO\新0.3_0.4.zip -> 新0.3/measurements.csv
内服0.3s,内服,实测,382,6.366667,95.921200,C:\Users\金阳\Documents\我的POPO\新0.3_0.4.zip -> 新0.3/measurements.csv
内服0.3s,内服,实测,383,6.383333,96.555200,C:\Users\金阳\Documents\我的POPO\新0.3_0.4.zip -> 新0.3/measurements.csv
内服0.3s,内服,实测,384,6.400000,96.555200,C:\Users\金阳\Documents\我的POPO\新0.3_0.4.zip -> 新0.3/measurements.csv
内服0.3s,内服,实测,385,6.416667,96.555200,C:\Users\金阳\Documents\我的POPO\新0.3_0.4.zip -> 新0.3/measurements.csv
内服0.3s,内服,实测,386,6.433333,96.865200,C:\Users\金阳\Documents\我的POPO\新0.3_0.4.zip -> 新0.3/measurements.csv
内服0.3s,内服,实测,387,6.450000,96.865200,C:\Users\金阳\Documents\我的POPO\新0.3_0.4.zip -> 新0.3/measurements.csv
内服0.3s,内服,实测,388,6.466667,97.171200,C:\Users\金阳\Documents\我的POPO\新0.3_0.4.zip -> 新0.3/measurements.csv
内服0.3s,内服,实测,389,6.483333,97.473200,C:\Users\金阳\Documents\我的POPO\新0.3_0.4.zip -> 新0.3/measurements.csv
内服0.3s,内服,实测,390,6.500000,97.473200,C:\Users\金阳\Documents\我的POPO\新0.3_0.4.zip -> 新0.3/measurements.csv
内服0.3s,内服,实测,391,6.516667,97.473200,C:\Users\金阳\Documents\我的POPO\新0.3_0.4.zip -> 新0.3/measurements.csv
内服0.3s,内服,实测,392,6.533333,97.770200,C:\Users\金阳\Documents\我的POPO\新0.3_0.4.zip -> 新0.3/measurements.csv
内服0.3s,内服,实测,393,6.550000,98.062200,C:\Users\金阳\Documents\我的POPO\新0.3_0.4.zip -> 新0.3/measurements.csv
内服0.3s,内服,实测,394,6.566667,98.062200,C:\Users\金阳\Documents\我的POPO\新0.3_0.4.zip -> 新0.3/measurements.csv
内服0.3s,内服,实测,395,6.583333,98.062200,C:\Users\金阳\Documents\我的POPO\新0.3_0.4.zip -> 新0.3/measurements.csv
内服0.3s,内服,实测,396,6.600000,98.351300,C:\Users\金阳\Documents\我的POPO\新0.3_0.4.zip -> 新0.3/measurements.csv
内服0.3s,内服,实测,397,6.616667,98.351300,C:\Users\金阳\Documents\我的POPO\新0.3_0.4.zip -> 新0.3/measurements.csv
内服0.3s,内服,实测,398,6.633333,98.628200,C:\Users\金阳\Documents\我的POPO\新0.3_0.4.zip -> 新0.3/measurements.csv
内服0.3s,内服,实测,399,6.650000,98.908200,C:\Users\金阳\Documents\我的POPO\新0.3_0.4.zip -> 新0.3/measurements.csv
内服0.3s,内服,实测,400,6.666667,98.908200,C:\Users\金阳\Documents\我的POPO\新0.3_0.4.zip -> 新0.3/measurements.csv
内服0.3s,内服,实测,401,6.683333,98.908200,C:\Users\金阳\Documents\我的POPO\新0.3_0.4.zip -> 新0.3/measurements.csv
内服0.3s,内服,实测,402,6.700000,99.189200,C:\Users\金阳\Documents\我的POPO\新0.3_0.4.zip -> 新0.3/measurements.csv
内服0.3s,内服,实测,403,6.716667,99.189200,C:\Users\金阳\Documents\我的POPO\新0.3_0.4.zip -> 新0.3/measurements.csv
内服0.3s,内服,实测,404,6.733333,99.459200,C:\Users\金阳\Documents\我的POPO\新0.3_0.4.zip -> 新0.3/measurements.csv
内服0.3s,内服,实测,405,6.750000,99.459200,C:\Users\金阳\Documents\我的POPO\新0.3_0.4.zip -> 新0.3/measurements.csv
内服0.3s,内服,外推,0,6.750000,99.459200,C:\Users\金阳\Documents\我的POPO\新0.3_0.4.zip -> 新0.3/measurements.csv
内服0.3s,内服,外推,1,7.000000,101.459200,C:\Users\金阳\Documents\我的POPO\新0.3_0.4.zip -> 新0.3/measurements.csv
内服0.3s,内服,外推,2,7.250000,103.459200,C:\Users\金阳\Documents\我的POPO\新0.3_0.4.zip -> 新0.3/measurements.csv
内服0.3s,内服,外推,3,7.500000,105.459200,C:\Users\金阳\Documents\我的POPO\新0.3_0.4.zip -> 新0.3/measurements.csv
内服0.3s,内服,外推,4,7.750000,107.459200,C:\Users\金阳\Documents\我的POPO\新0.3_0.4.zip -> 新0.3/measurements.csv
内服0.3s,内服,外推,5,8.000000,109.459200,C:\Users\金阳\Documents\我的POPO\新0.3_0.4.zip -> 新0.3/measurements.csv
内服0.3s,内服,外推,6,8.250000,111.459200,C:\Users\金阳\Documents\我的POPO\新0.3_0.4.zip -> 新0.3/measurements.csv
内服0.3s,内服,外推,7,8.500000,113.459200,C:\Users\金阳\Documents\我的POPO\新0.3_0.4.zip -> 新0.3/measurements.csv
内服0.3s,内服,外推,8,8.750000,115.459200,C:\Users\金阳\Documents\我的POPO\新0.3_0.4.zip -> 新0.3/measurements.csv
内服0.3s,内服,外推,9,9.000000,117.459200,C:\Users\金阳\Documents\我的POPO\新0.3_0.4.zip -> 新0.3/measurements.csv
内服0.3s,内服,外推,10,9.250000,119.459200,C:\Users\金阳\Documents\我的POPO\新0.3_0.4.zip -> 新0.3/measurements.csv
内服0.3s,内服,外推,11,9.500000,121.459200,C:\Users\金阳\Documents\我的POPO\新0.3_0.4.zip -> 新0.3/measurements.csv
内服0.3s,内服,外推,12,9.750000,123.459200,C:\Users\金阳\Documents\我的POPO\新0.3_0.4.zip -> 新0.3/measurements.csv
内服0.3s,内服,外推,13,10.000000,125.459200,C:\Users\金阳\Documents\我的POPO\新0.3_0.4.zip -> 新0.3/measurements.csv
内服0.3s,内服,外推,14,10.250000,127.459200,C:\Users\金阳\Documents\我的POPO\新0.3_0.4.zip -> 新0.3/measurements.csv
内服0.3s,内服,外推,15,10.500000,129.459200,C:\Users\金阳\Documents\我的POPO\新0.3_0.4.zip -> 新0.3/measurements.csv
内服0.3s,内服,外推,16,10.750000,131.459200,C:\Users\金阳\Documents\我的POPO\新0.3_0.4.zip -> 新0.3/measurements.csv
内服0.3s,内服,外推,17,11.000000,133.459200,C:\Users\金阳\Documents\我的POPO\新0.3_0.4.zip -> 新0.3/measurements.csv
内服0.3s,内服,外推,18,11.250000,135.459200,C:\Users\金阳\Documents\我的POPO\新0.3_0.4.zip -> 新0.3/measurements.csv
内服0.3s,内服,外推,19,11.500000,137.459200,C:\Users\金阳\Documents\我的POPO\新0.3_0.4.zip -> 新0.3/measurements.csv
内服0.3s,内服,外推,20,11.750000,139.459200,C:\Users\金阳\Documents\我的POPO\新0.3_0.4.zip -> 新0.3/measurements.csv
内服0.3s,内服,外推,21,12.000000,141.459200,C:\Users\金阳\Documents\我的POPO\新0.3_0.4.zip -> 新0.3/measurements.csv
内服0.3s,内服,外推,22,12.250000,143.459200,C:\Users\金阳\Documents\我的POPO\新0.3_0.4.zip -> 新0.3/measurements.csv
内服0.3s,内服,外推,23,12.500000,145.459200,C:\Users\金阳\Documents\我的POPO\新0.3_0.4.zip -> 新0.3/measurements.csv
内服0.3s,内服,外推,24,12.750000,147.459200,C:\Users\金阳\Documents\我的POPO\新0.3_0.4.zip -> 新0.3/measurements.csv
内服0.3s,内服,外推,25,13.000000,149.459200,C:\Users\金阳\Documents\我的POPO\新0.3_0.4.zip -> 新0.3/measurements.csv
内服0.3s,内服,外推,26,13.250000,151.459200,C:\Users\金阳\Documents\我的POPO\新0.3_0.4.zip -> 新0.3/measurements.csv
内服0.3s,内服,外推,27,13.500000,153.459200,C:\Users\金阳\Documents\我的POPO\新0.3_0.4.zip -> 新0.3/measurements.csv
内服0.3s,内服,外推,28,13.750000,155.459200,C:\Users\金阳\Documents\我的POPO\新0.3_0.4.zip -> 新0.3/measurements.csv
内服0.3s,内服,外推,29,14.000000,157.459200,C:\Users\金阳\Documents\我的POPO\新0.3_0.4.zip -> 新0.3/measurements.csv
内服0.3s,内服,外推,30,14.250000,159.459200,C:\Users\金阳\Documents\我的POPO\新0.3_0.4.zip -> 新0.3/measurements.csv
内服0.3s,内服,外推,31,14.500000,161.459200,C:\Users\金阳\Documents\我的POPO\新0.3_0.4.zip -> 新0.3/measurements.csv
内服0.3s,内服,外推,32,14.750000,163.459200,C:\Users\金阳\Documents\我的POPO\新0.3_0.4.zip -> 新0.3/measurements.csv
内服0.3s,内服,外推,33,15.000000,165.459200,C:\Users\金阳\Documents\我的POPO\新0.3_0.4.zip -> 新0.3/measurements.csv
内服0.4s,内服,实测,0,0.000000,0.000000,C:\Users\金阳\Documents\我的POPO\新0.3_0.4.zip -> 新0.4/measurements.csv
内服0.4s,内服,实测,1,0.016667,0.000000,C:\Users\金阳\Documents\我的POPO\新0.3_0.4.zip -> 新0.4/measurements.csv
内服0.4s,内服,实测,2,0.033333,0.000000,C:\Users\金阳\Documents\我的POPO\新0.3_0.4.zip -> 新0.4/measurements.csv
内服0.4s,内服,实测,3,0.050000,0.000000,C:\Users\金阳\Documents\我的POPO\新0.3_0.4.zip -> 新0.4/measurements.csv
内服0.4s,内服,实测,4,0.066667,0.000000,C:\Users\金阳\Documents\我的POPO\新0.3_0.4.zip -> 新0.4/measurements.csv
内服0.4s,内服,实测,5,0.083333,0.000000,C:\Users\金阳\Documents\我的POPO\新0.3_0.4.zip -> 新0.4/measurements.csv
内服0.4s,内服,实测,6,0.100000,0.000000,C:\Users\金阳\Documents\我的POPO\新0.3_0.4.zip -> 新0.4/measurements.csv
内服0.4s,内服,实测,7,0.116667,0.000000,C:\Users\金阳\Documents\我的POPO\新0.3_0.4.zip -> 新0.4/measurements.csv
内服0.4s,内服,实测,8,0.133333,0.000000,C:\Users\金阳\Documents\我的POPO\新0.3_0.4.zip -> 新0.4/measurements.csv
内服0.4s,内服,实测,9,0.150000,0.000000,C:\Users\金阳\Documents\我的POPO\新0.3_0.4.zip -> 新0.4/measurements.csv
内服0.4s,内服,实测,10,0.166667,0.000000,C:\Users\金阳\Documents\我的POPO\新0.3_0.4.zip -> 新0.4/measurements.csv
内服0.4s,内服,实测,11,0.183333,0.000000,C:\Users\金阳\Documents\我的POPO\新0.3_0.4.zip -> 新0.4/measurements.csv
内服0.4s,内服,实测,12,0.200000,0.000000,C:\Users\金阳\Documents\我的POPO\新0.3_0.4.zip -> 新0.4/measurements.csv
内服0.4s,内服,实测,13,0.216667,0.000000,C:\Users\金阳\Documents\我的POPO\新0.3_0.4.zip -> 新0.4/measurements.csv
内服0.4s,内服,实测,14,0.233333,0.000000,C:\Users\金阳\Documents\我的POPO\新0.3_0.4.zip -> 新0.4/measurements.csv
内服0.4s,内服,实测,15,0.250000,0.000000,C:\Users\金阳\Documents\我的POPO\新0.3_0.4.zip -> 新0.4/measurements.csv
内服0.4s,内服,实测,16,0.266667,0.000000,C:\Users\金阳\Documents\我的POPO\新0.3_0.4.zip -> 新0.4/measurements.csv
内服0.4s,内服,实测,17,0.283333,0.000000,C:\Users\金阳\Documents\我的POPO\新0.3_0.4.zip -> 新0.4/measurements.csv
内服0.4s,内服,实测,18,0.300000,0.000000,C:\Users\金阳\Documents\我的POPO\新0.3_0.4.zip -> 新0.4/measurements.csv
内服0.4s,内服,实测,19,0.316667,0.000000,C:\Users\金阳\Documents\我的POPO\新0.3_0.4.zip -> 新0.4/measurements.csv
内服0.4s,内服,实测,20,0.333333,0.000000,C:\Users\金阳\Documents\我的POPO\新0.3_0.4.zip -> 新0.4/measurements.csv
内服0.4s,内服,实测,21,0.350000,0.000000,C:\Users\金阳\Documents\我的POPO\新0.3_0.4.zip -> 新0.4/measurements.csv
内服0.4s,内服,实测,22,0.366667,0.000000,C:\Users\金阳\Documents\我的POPO\新0.3_0.4.zip -> 新0.4/measurements.csv
内服0.4s,内服,实测,23,0.383333,0.000000,C:\Users\金阳\Documents\我的POPO\新0.3_0.4.zip -> 新0.4/measurements.csv
内服0.4s,内服,实测,24,0.400000,0.000000,C:\Users\金阳\Documents\我的POPO\新0.3_0.4.zip -> 新0.4/measurements.csv
内服0.4s,内服,实测,25,0.416667,0.000000,C:\Users\金阳\Documents\我的POPO\新0.3_0.4.zip -> 新0.4/measurements.csv
内服0.4s,内服,实测,26,0.433333,0.000000,C:\Users\金阳\Documents\我的POPO\新0.3_0.4.zip -> 新0.4/measurements.csv
内服0.4s,内服,实测,27,0.450000,0.124600,C:\Users\金阳\Documents\我的POPO\新0.3_0.4.zip -> 新0.4/measurements.csv
内服0.4s,内服,实测,28,0.466667,0.124600,C:\Users\金阳\Documents\我的POPO\新0.3_0.4.zip -> 新0.4/measurements.csv
内服0.4s,内服,实测,29,0.483333,0.124600,C:\Users\金阳\Documents\我的POPO\新0.3_0.4.zip -> 新0.4/measurements.csv
内服0.4s,内服,实测,30,0.500000,0.391200,C:\Users\金阳\Documents\我的POPO\新0.3_0.4.zip -> 新0.4/measurements.csv
内服0.4s,内服,实测,31,0.516667,0.391200,C:\Users\金阳\Documents\我的POPO\新0.3_0.4.zip -> 新0.4/measurements.csv
内服0.4s,内服,实测,32,0.533333,0.657700,C:\Users\金阳\Documents\我的POPO\新0.3_0.4.zip -> 新0.4/measurements.csv
内服0.4s,内服,实测,33,0.550000,0.924300,C:\Users\金阳\Documents\我的POPO\新0.3_0.4.zip -> 新0.4/measurements.csv
内服0.4s,内服,实测,34,0.566667,0.924300,C:\Users\金阳\Documents\我的POPO\新0.3_0.4.zip -> 新0.4/measurements.csv
内服0.4s,内服,实测,35,0.583333,1.191000,C:\Users\金阳\Documents\我的POPO\新0.3_0.4.zip -> 新0.4/measurements.csv
内服0.4s,内服,实测,36,0.600000,1.191000,C:\Users\金阳\Documents\我的POPO\新0.3_0.4.zip -> 新0.4/measurements.csv
内服0.4s,内服,实测,37,0.616667,1.457600,C:\Users\金阳\Documents\我的POPO\新0.3_0.4.zip -> 新0.4/measurements.csv
内服0.4s,内服,实测,38,0.633333,1.457600,C:\Users\金阳\Documents\我的POPO\新0.3_0.4.zip -> 新0.4/measurements.csv
内服0.4s,内服,实测,39,0.650000,1.724200,C:\Users\金阳\Documents\我的POPO\新0.3_0.4.zip -> 新0.4/measurements.csv
内服0.4s,内服,实测,40,0.666667,1.724200,C:\Users\金阳\Documents\我的POPO\新0.3_0.4.zip -> 新0.4/measurements.csv
内服0.4s,内服,实测,41,0.683333,1.724200,C:\Users\金阳\Documents\我的POPO\新0.3_0.4.zip -> 新0.4/measurements.csv
内服0.4s,内服,实测,42,0.700000,1.990900,C:\Users\金阳\Documents\我的POPO\新0.3_0.4.zip -> 新0.4/measurements.csv
内服0.4s,内服,实测,43,0.716667,2.257500,C:\Users\金阳\Documents\我的POPO\新0.3_0.4.zip -> 新0.4/measurements.csv
内服0.4s,内服,实测,44,0.733333,2.257500,C:\Users\金阳\Documents\我的POPO\新0.3_0.4.zip -> 新0.4/measurements.csv
内服0.4s,内服,实测,45,0.750000,2.524100,C:\Users\金阳\Documents\我的POPO\新0.3_0.4.zip -> 新0.4/measurements.csv
内服0.4s,内服,实测,46,0.766667,2.524100,C:\Users\金阳\Documents\我的POPO\新0.3_0.4.zip -> 新0.4/measurements.csv
内服0.4s,内服,实测,47,0.783333,2.524100,C:\Users\金阳\Documents\我的POPO\新0.3_0.4.zip -> 新0.4/measurements.csv
内服0.4s,内服,实测,48,0.800000,2.790800,C:\Users\金阳\Documents\我的POPO\新0.3_0.4.zip -> 新0.4/measurements.csv
内服0.4s,内服,实测,49,0.816667,3.057400,C:\Users\金阳\Documents\我的POPO\新0.3_0.4.zip -> 新0.4/measurements.csv
内服0.4s,内服,实测,50,0.833333,3.057400,C:\Users\金阳\Documents\我的POPO\新0.3_0.4.zip -> 新0.4/measurements.csv
内服0.4s,内服,实测,51,0.850000,3.057400,C:\Users\金阳\Documents\我的POPO\新0.3_0.4.zip -> 新0.4/measurements.csv
内服0.4s,内服,实测,52,0.866667,3.324100,C:\Users\金阳\Documents\我的POPO\新0.3_0.4.zip -> 新0.4/measurements.csv
内服0.4s,内服,实测,53,0.883333,3.590700,C:\Users\金阳\Documents\我的POPO\新0.3_0.4.zip -> 新0.4/measurements.csv
内服0.4s,内服,实测,54,0.900000,3.590700,C:\Users\金阳\Documents\我的POPO\新0.3_0.4.zip -> 新0.4/measurements.csv
内服0.4s,内服,实测,55,0.916667,4.081800,C:\Users\金阳\Documents\我的POPO\新0.3_0.4.zip -> 新0.4/measurements.csv
内服0.4s,内服,实测,56,0.933333,4.081800,C:\Users\金阳\Documents\我的POPO\新0.3_0.4.zip -> 新0.4/measurements.csv
内服0.4s,内服,实测,57,0.950000,4.081800,C:\Users\金阳\Documents\我的POPO\新0.3_0.4.zip -> 新0.4/measurements.csv
内服0.4s,内服,实测,58,0.966667,4.564000,C:\Users\金阳\Documents\我的POPO\新0.3_0.4.zip -> 新0.4/measurements.csv
内服0.4s,内服,实测,59,0.983333,4.564000,C:\Users\金阳\Documents\我的POPO\新0.3_0.4.zip -> 新0.4/measurements.csv
内服0.4s,内服,实测,60,1.000000,5.037300,C:\Users\金阳\Documents\我的POPO\新0.3_0.4.zip -> 新0.4/measurements.csv
内服0.4s,内服,实测,61,1.016667,5.037300,C:\Users\金阳\Documents\我的POPO\新0.3_0.4.zip -> 新0.4/measurements.csv
内服0.4s,内服,实测,62,1.033333,5.501800,C:\Users\金阳\Documents\我的POPO\新0.3_0.4.zip -> 新0.4/measurements.csv
内服0.4s,内服,实测,63,1.050000,5.927300,C:\Users\金阳\Documents\我的POPO\新0.3_0.4.zip -> 新0.4/measurements.csv
内服0.4s,内服,实测,64,1.066667,5.927300,C:\Users\金阳\Documents\我的POPO\新0.3_0.4.zip -> 新0.4/measurements.csv
内服0.4s,内服,实测,65,1.083333,5.927300,C:\Users\金阳\Documents\我的POPO\新0.3_0.4.zip -> 新0.4/measurements.csv
内服0.4s,内服,实测,66,1.100000,6.314000,C:\Users\金阳\Documents\我的POPO\新0.3_0.4.zip -> 新0.4/measurements.csv
内服0.4s,内服,实测,67,1.116667,6.661800,C:\Users\金阳\Documents\我的POPO\新0.3_0.4.zip -> 新0.4/measurements.csv
内服0.4s,内服,实测,68,1.133333,6.661800,C:\Users\金阳\Documents\我的POPO\新0.3_0.4.zip -> 新0.4/measurements.csv
内服0.4s,内服,实测,69,1.150000,6.661800,C:\Users\金阳\Documents\我的POPO\新0.3_0.4.zip -> 新0.4/measurements.csv
内服0.4s,内服,实测,70,1.166667,6.970600,C:\Users\金阳\Documents\我的POPO\新0.3_0.4.zip -> 新0.4/measurements.csv
内服0.4s,内服,实测,71,1.183333,8.711200,C:\Users\金阳\Documents\我的POPO\新0.3_0.4.zip -> 新0.4/measurements.csv
内服0.4s,内服,实测,72,1.200000,8.898200,C:\Users\金阳\Documents\我的POPO\新0.3_0.4.zip -> 新0.4/measurements.csv
内服0.4s,内服,实测,73,1.216667,8.898200,C:\Users\金阳\Documents\我的POPO\新0.3_0.4.zip -> 新0.4/measurements.csv
内服0.4s,内服,实测,74,1.233333,8.898200,C:\Users\金阳\Documents\我的POPO\新0.3_0.4.zip -> 新0.4/measurements.csv
内服0.4s,内服,实测,75,1.250000,8.898200,C:\Users\金阳\Documents\我的POPO\新0.3_0.4.zip -> 新0.4/measurements.csv
内服0.4s,内服,实测,76,1.266667,9.068200,C:\Users\金阳\Documents\我的POPO\新0.3_0.4.zip -> 新0.4/measurements.csv
内服0.4s,内服,实测,77,1.283333,9.179200,C:\Users\金阳\Documents\我的POPO\新0.3_0.4.zip -> 新0.4/measurements.csv
内服0.4s,内服,实测,78,1.300000,9.179200,C:\Users\金阳\Documents\我的POPO\新0.3_0.4.zip -> 新0.4/measurements.csv
内服0.4s,内服,实测,79,1.316667,9.179200,C:\Users\金阳\Documents\我的POPO\新0.3_0.4.zip -> 新0.4/measurements.csv
内服0.4s,内服,实测,80,1.333333,9.223200,C:\Users\金阳\Documents\我的POPO\新0.3_0.4.zip -> 新0.4/measurements.csv
内服0.4s,内服,实测,81,1.350000,9.223200,C:\Users\金阳\Documents\我的POPO\新0.3_0.4.zip -> 新0.4/measurements.csv
内服0.4s,内服,实测,82,1.366667,9.217200,C:\Users\金阳\Documents\我的POPO\新0.3_0.4.zip -> 新0.4/measurements.csv
内服0.4s,内服,实测,83,1.383333,9.194200,C:\Users\金阳\Documents\我的POPO\新0.3_0.4.zip -> 新0.4/measurements.csv
内服0.4s,内服,实测,84,1.400000,9.175200,C:\Users\金阳\Documents\我的POPO\新0.3_0.4.zip -> 新0.4/measurements.csv
内服0.4s,内服,实测,85,1.416667,9.175200,C:\Users\金阳\Documents\我的POPO\新0.3_0.4.zip -> 新0.4/measurements.csv
内服0.4s,内服,实测,86,1.433333,9.175200,C:\Users\金阳\Documents\我的POPO\新0.3_0.4.zip -> 新0.4/measurements.csv
内服0.4s,内服,实测,87,1.450000,9.215200,C:\Users\金阳\Documents\我的POPO\新0.3_0.4.zip -> 新0.4/measurements.csv
内服0.4s,内服,实测,88,1.466667,9.325200,C:\Users\金阳\Documents\我的POPO\新0.3_0.4.zip -> 新0.4/measurements.csv
内服0.4s,内服,实测,89,1.483333,9.325200,C:\Users\金阳\Documents\我的POPO\新0.3_0.4.zip -> 新0.4/measurements.csv
内服0.4s,内服,实测,90,1.500000,9.325200,C:\Users\金阳\Documents\我的POPO\新0.3_0.4.zip -> 新0.4/measurements.csv
内服0.4s,内服,实测,91,1.516667,9.465200,C:\Users\金阳\Documents\我的POPO\新0.3_0.4.zip -> 新0.4/measurements.csv
内服0.4s,内服,实测,92,1.533333,9.636300,C:\Users\金阳\Documents\我的POPO\新0.3_0.4.zip -> 新0.4/measurements.csv
内服0.4s,内服,实测,93,1.550000,9.636300,C:\Users\金阳\Documents\我的POPO\新0.3_0.4.zip -> 新0.4/measurements.csv
内服0.4s,内服,实测,94,1.566667,9.636300,C:\Users\金阳\Documents\我的POPO\新0.3_0.4.zip -> 新0.4/measurements.csv
内服0.4s,内服,实测,95,1.583333,9.833200,C:\Users\金阳\Documents\我的POPO\新0.3_0.4.zip -> 新0.4/measurements.csv
内服0.4s,内服,实测,96,1.600000,10.048200,C:\Users\金阳\Documents\我的POPO\新0.3_0.4.zip -> 新0.4/measurements.csv
内服0.4s,内服,实测,97,1.616667,10.048200,C:\Users\金阳\Documents\我的POPO\新0.3_0.4.zip -> 新0.4/measurements.csv
内服0.4s,内服,实测,98,1.633333,10.048200,C:\Users\金阳\Documents\我的POPO\新0.3_0.4.zip -> 新0.4/measurements.csv
内服0.4s,内服,实测,99,1.650000,10.277200,C:\Users\金阳\Documents\我的POPO\新0.3_0.4.zip -> 新0.4/measurements.csv
内服0.4s,内服,实测,100,1.666667,10.555200,C:\Users\金阳\Documents\我的POPO\新0.3_0.4.zip -> 新0.4/measurements.csv
内服0.4s,内服,实测,101,1.683333,10.555200,C:\Users\金阳\Documents\我的POPO\新0.3_0.4.zip -> 新0.4/measurements.csv
内服0.4s,内服,实测,102,1.700000,10.555200,C:\Users\金阳\Documents\我的POPO\新0.3_0.4.zip -> 新0.4/measurements.csv
内服0.4s,内服,实测,103,1.716667,11.003200,C:\Users\金阳\Documents\我的POPO\新0.3_0.4.zip -> 新0.4/measurements.csv
内服0.4s,内服,实测,104,1.733333,11.003200,C:\Users\金阳\Documents\我的POPO\新0.3_0.4.zip -> 新0.4/measurements.csv
内服0.4s,内服,实测,105,1.750000,11.447200,C:\Users\金阳\Documents\我的POPO\新0.3_0.4.zip -> 新0.4/measurements.csv
内服0.4s,内服,实测,106,1.766667,11.447200,C:\Users\金阳\Documents\我的POPO\新0.3_0.4.zip -> 新0.4/measurements.csv
内服0.4s,内服,实测,107,1.783333,11.885200,C:\Users\金阳\Documents\我的POPO\新0.3_0.4.zip -> 新0.4/measurements.csv
内服0.4s,内服,实测,108,1.800000,12.320200,C:\Users\金阳\Documents\我的POPO\新0.3_0.4.zip -> 新0.4/measurements.csv
内服0.4s,内服,实测,109,1.816667,12.320200,C:\Users\金阳\Documents\我的POPO\新0.3_0.4.zip -> 新0.4/measurements.csv
内服0.4s,内服,实测,110,1.833333,12.750200,C:\Users\金阳\Documents\我的POPO\新0.3_0.4.zip -> 新0.4/measurements.csv
内服0.4s,内服,实测,111,1.850000,12.750200,C:\Users\金阳\Documents\我的POPO\新0.3_0.4.zip -> 新0.4/measurements.csv
内服0.4s,内服,实测,112,1.866667,12.750200,C:\Users\金阳\Documents\我的POPO\新0.3_0.4.zip -> 新0.4/measurements.csv
内服0.4s,内服,实测,113,1.883333,13.175200,C:\Users\金阳\Documents\我的POPO\新0.3_0.4.zip -> 新0.4/measurements.csv
内服0.4s,内服,实测,114,1.900000,13.597200,C:\Users\金阳\Documents\我的POPO\新0.3_0.4.zip -> 新0.4/measurements.csv
内服0.4s,内服,实测,115,1.916667,13.597200,C:\Users\金阳\Documents\我的POPO\新0.3_0.4.zip -> 新0.4/measurements.csv
内服0.4s,内服,实测,116,1.933333,13.597200,C:\Users\金阳\Documents\我的POPO\新0.3_0.4.zip -> 新0.4/measurements.csv
内服0.4s,内服,实测,117,1.950000,14.013200,C:\Users\金阳\Documents\我的POPO\新0.3_0.4.zip -> 新0.4/measurements.csv
内服0.4s,内服,实测,118,1.966667,14.425200,C:\Users\金阳\Documents\我的POPO\新0.3_0.4.zip -> 新0.4/measurements.csv
内服0.4s,内服,实测,119,1.983333,14.425200,C:\Users\金阳\Documents\我的POPO\新0.3_0.4.zip -> 新0.4/measurements.csv
内服0.4s,内服,实测,120,2.000000,14.425200,C:\Users\金阳\Documents\我的POPO\新0.3_0.4.zip -> 新0.4/measurements.csv
内服0.4s,内服,实测,121,2.016667,14.425200,C:\Users\金阳\Documents\我的POPO\新0.3_0.4.zip -> 新0.4/measurements.csv
内服0.4s,内服,实测,122,2.033333,14.800200,C:\Users\金阳\Documents\我的POPO\新0.3_0.4.zip -> 新0.4/measurements.csv
内服0.4s,内服,实测,123,2.050000,15.170200,C:\Users\金阳\Documents\我的POPO\新0.3_0.4.zip -> 新0.4/measurements.csv
内服0.4s,内服,实测,124,2.066667,15.535200,C:\Users\金阳\Documents\我的POPO\新0.3_0.4.zip -> 新0.4/measurements.csv
内服0.4s,内服,实测,125,2.083333,15.535200,C:\Users\金阳\Documents\我的POPO\新0.3_0.4.zip -> 新0.4/measurements.csv
内服0.4s,内服,实测,126,2.100000,15.535200,C:\Users\金阳\Documents\我的POPO\新0.3_0.4.zip -> 新0.4/measurements.csv
内服0.4s,内服,实测,127,2.116667,15.897200,C:\Users\金阳\Documents\我的POPO\新0.3_0.4.zip -> 新0.4/measurements.csv
内服0.4s,内服,实测,128,2.133333,16.253200,C:\Users\金阳\Documents\我的POPO\新0.3_0.4.zip -> 新0.4/measurements.csv
内服0.4s,内服,实测,129,2.150000,16.253200,C:\Users\金阳\Documents\我的POPO\新0.3_0.4.zip -> 新0.4/measurements.csv
内服0.4s,内服,实测,130,2.166667,16.605200,C:\Users\金阳\Documents\我的POPO\新0.3_0.4.zip -> 新0.4/measurements.csv
内服0.4s,内服,实测,131,2.183333,16.605200,C:\Users\金阳\Documents\我的POPO\新0.3_0.4.zip -> 新0.4/measurements.csv
内服0.4s,内服,实测,132,2.200000,16.605200,C:\Users\金阳\Documents\我的POPO\新0.3_0.4.zip -> 新0.4/measurements.csv
内服0.4s,内服,实测,133,2.216667,16.953200,C:\Users\金阳\Documents\我的POPO\新0.3_0.4.zip -> 新0.4/measurements.csv
内服0.4s,内服,实测,134,2.233333,17.297200,C:\Users\金阳\Documents\我的POPO\新0.3_0.4.zip -> 新0.4/measurements.csv
内服0.4s,内服,实测,135,2.250000,17.297200,C:\Users\金阳\Documents\我的POPO\新0.3_0.4.zip -> 新0.4/measurements.csv
内服0.4s,内服,实测,136,2.266667,17.635200,C:\Users\金阳\Documents\我的POPO\新0.3_0.4.zip -> 新0.4/measurements.csv
内服0.4s,内服,实测,137,2.283333,17.635200,C:\Users\金阳\Documents\我的POPO\新0.3_0.4.zip -> 新0.4/measurements.csv
内服0.4s,内服,实测,138,2.300000,17.635200,C:\Users\金阳\Documents\我的POPO\新0.3_0.4.zip -> 新0.4/measurements.csv
内服0.4s,内服,实测,139,2.316667,17.970200,C:\Users\金阳\Documents\我的POPO\新0.3_0.4.zip -> 新0.4/measurements.csv
内服0.4s,内服,实测,140,2.333333,18.300200,C:\Users\金阳\Documents\我的POPO\新0.3_0.4.zip -> 新0.4/measurements.csv
内服0.4s,内服,实测,141,2.350000,18.300200,C:\Users\金阳\Documents\我的POPO\新0.3_0.4.zip -> 新0.4/measurements.csv
内服0.4s,内服,实测,142,2.366667,18.300200,C:\Users\金阳\Documents\我的POPO\新0.3_0.4.zip -> 新0.4/measurements.csv
内服0.4s,内服,实测,143,2.383333,18.625200,C:\Users\金阳\Documents\我的POPO\新0.3_0.4.zip -> 新0.4/measurements.csv
内服0.4s,内服,实测,144,2.400000,18.947200,C:\Users\金阳\Documents\我的POPO\新0.3_0.4.zip -> 新0.4/measurements.csv
内服0.4s,内服,实测,145,2.416667,18.947200,C:\Users\金阳\Documents\我的POPO\新0.3_0.4.zip -> 新0.4/measurements.csv
内服0.4s,内服,实测,146,2.433333,18.947200,C:\Users\金阳\Documents\我的POPO\新0.3_0.4.zip -> 新0.4/measurements.csv
内服0.4s,内服,实测,147,2.450000,19.263200,C:\Users\金阳\Documents\我的POPO\新0.3_0.4.zip -> 新0.4/measurements.csv
内服0.4s,内服,实测,148,2.466667,19.263200,C:\Users\金阳\Documents\我的POPO\新0.3_0.4.zip -> 新0.4/measurements.csv
内服0.4s,内服,实测,149,2.483333,19.575200,C:\Users\金阳\Documents\我的POPO\新0.3_0.4.zip -> 新0.4/measurements.csv
内服0.4s,内服,实测,150,2.500000,19.883200,C:\Users\金阳\Documents\我的POPO\新0.3_0.4.zip -> 新0.4/measurements.csv
内服0.4s,内服,实测,151,2.516667,19.883200,C:\Users\金阳\Documents\我的POPO\新0.3_0.4.zip -> 新0.4/measurements.csv
内服0.4s,内服,实测,152,2.533333,19.883200,C:\Users\金阳\Documents\我的POPO\新0.3_0.4.zip -> 新0.4/measurements.csv
内服0.4s,内服,实测,153,2.550000,20.187200,C:\Users\金阳\Documents\我的POPO\新0.3_0.4.zip -> 新0.4/measurements.csv
内服0.4s,内服,实测,154,2.566667,20.445200,C:\Users\金阳\Documents\我的POPO\新0.3_0.4.zip -> 新0.4/measurements.csv
内服0.4s,内服,实测,155,2.583333,20.445200,C:\Users\金阳\Documents\我的POPO\新0.3_0.4.zip -> 新0.4/measurements.csv
内服0.4s,内服,实测,156,2.600000,20.445200,C:\Users\金阳\Documents\我的POPO\新0.3_0.4.zip -> 新0.4/measurements.csv
内服0.4s,内服,实测,157,2.616667,20.660200,C:\Users\金阳\Documents\我的POPO\新0.3_0.4.zip -> 新0.4/measurements.csv
内服0.4s,内服,实测,158,2.633333,20.660200,C:\Users\金阳\Documents\我的POPO\新0.3_0.4.zip -> 新0.4/measurements.csv
内服0.4s,内服,实测,159,2.650000,21.189200,C:\Users\金阳\Documents\我的POPO\新0.3_0.4.zip -> 新0.4/measurements.csv
内服0.4s,内服,实测,160,2.666667,21.189200,C:\Users\金阳\Documents\我的POPO\新0.3_0.4.zip -> 新0.4/measurements.csv
内服0.4s,内服,实测,161,2.683333,21.189200,C:\Users\金阳\Documents\我的POPO\新0.3_0.4.zip -> 新0.4/measurements.csv
内服0.4s,内服,实测,162,2.700000,21.189200,C:\Users\金阳\Documents\我的POPO\新0.3_0.4.zip -> 新0.4/measurements.csv
内服0.4s,内服,实测,163,2.716667,21.437200,C:\Users\金阳\Documents\我的POPO\新0.3_0.4.zip -> 新0.4/measurements.csv
内服0.4s,内服,实测,164,2.733333,21.673200,C:\Users\金阳\Documents\我的POPO\新0.3_0.4.zip -> 新0.4/measurements.csv
内服0.4s,内服,实测,165,2.750000,21.673200,C:\Users\金阳\Documents\我的POPO\新0.3_0.4.zip -> 新0.4/measurements.csv
内服0.4s,内服,实测,166,2.766667,21.673200,C:\Users\金阳\Documents\我的POPO\新0.3_0.4.zip -> 新0.4/measurements.csv
内服0.4s,内服,实测,167,2.783333,21.919200,C:\Users\金阳\Documents\我的POPO\新0.3_0.4.zip -> 新0.4/measurements.csv
内服0.4s,内服,实测,168,2.800000,22.173200,C:\Users\金阳\Documents\我的POPO\新0.3_0.4.zip -> 新0.4/measurements.csv
内服0.4s,内服,实测,169,2.816667,22.173200,C:\Users\金阳\Documents\我的POPO\新0.3_0.4.zip -> 新0.4/measurements.csv
内服0.4s,内服,实测,170,2.833333,22.437200,C:\Users\金阳\Documents\我的POPO\新0.3_0.4.zip -> 新0.4/measurements.csv
内服0.4s,内服,实测,171,2.850000,22.437200,C:\Users\金阳\Documents\我的POPO\新0.3_0.4.zip -> 新0.4/measurements.csv
内服0.4s,内服,实测,172,2.866667,22.437200,C:\Users\金阳\Documents\我的POPO\新0.3_0.4.zip -> 新0.4/measurements.csv
内服0.4s,内服,实测,173,2.883333,22.990200,C:\Users\金阳\Documents\我的POPO\新0.3_0.4.zip -> 新0.4/measurements.csv
内服0.4s,内服,实测,174,2.900000,22.990200,C:\Users\金阳\Documents\我的POPO\新0.3_0.4.zip -> 新0.4/measurements.csv
内服0.4s,内服,实测,175,2.916667,23.267200,C:\Users\金阳\Documents\我的POPO\新0.3_0.4.zip -> 新0.4/measurements.csv
内服0.4s,内服,实测,176,2.933333,23.267200,C:\Users\金阳\Documents\我的POPO\新0.3_0.4.zip -> 新0.4/measurements.csv
内服0.4s,内服,实测,177,2.950000,23.267200,C:\Users\金阳\Documents\我的POPO\新0.3_0.4.zip -> 新0.4/measurements.csv
内服0.4s,内服,实测,178,2.966667,23.539200,C:\Users\金阳\Documents\我的POPO\新0.3_0.4.zip -> 新0.4/measurements.csv
内服0.4s,内服,实测,179,2.983333,23.807200,C:\Users\金阳\Documents\我的POPO\新0.3_0.4.zip -> 新0.4/measurements.csv
内服0.4s,内服,实测,180,3.000000,23.807200,C:\Users\金阳\Documents\我的POPO\新0.3_0.4.zip -> 新0.4/measurements.csv
内服0.4s,内服,实测,181,3.016667,23.807200,C:\Users\金阳\Documents\我的POPO\新0.3_0.4.zip -> 新0.4/measurements.csv
内服0.4s,内服,实测,182,3.033333,24.073200,C:\Users\金阳\Documents\我的POPO\新0.3_0.4.zip -> 新0.4/measurements.csv
内服0.4s,内服,实测,183,3.050000,24.073200,C:\Users\金阳\Documents\我的POPO\新0.3_0.4.zip -> 新0.4/measurements.csv
内服0.4s,内服,实测,184,3.066667,24.340200,C:\Users\金阳\Documents\我的POPO\新0.3_0.4.zip -> 新0.4/measurements.csv
内服0.4s,内服,实测,185,3.083333,24.607200,C:\Users\金阳\Documents\我的POPO\新0.3_0.4.zip -> 新0.4/measurements.csv
内服0.4s,内服,实测,186,3.100000,24.607200,C:\Users\金阳\Documents\我的POPO\新0.3_0.4.zip -> 新0.4/measurements.csv
内服0.4s,内服,实测,187,3.116667,24.607200,C:\Users\金阳\Documents\我的POPO\新0.3_0.4.zip -> 新0.4/measurements.csv
内服0.4s,内服,实测,188,3.133333,24.873200,C:\Users\金阳\Documents\我的POPO\新0.3_0.4.zip -> 新0.4/measurements.csv
内服0.4s,内服,实测,189,3.150000,24.873200,C:\Users\金阳\Documents\我的POPO\新0.3_0.4.zip -> 新0.4/measurements.csv
内服0.4s,内服,实测,190,3.166667,24.873200,C:\Users\金阳\Documents\我的POPO\新0.3_0.4.zip -> 新0.4/measurements.csv
内服0.4s,内服,实测,191,3.183333,24.873200,C:\Users\金阳\Documents\我的POPO\新0.3_0.4.zip -> 新0.4/measurements.csv
内服0.4s,内服,实测,192,3.200000,25.140200,C:\Users\金阳\Documents\我的POPO\新0.3_0.4.zip -> 新0.4/measurements.csv
内服0.4s,内服,实测,193,3.216667,25.140200,C:\Users\金阳\Documents\我的POPO\新0.3_0.4.zip -> 新0.4/measurements.csv
内服0.4s,内服,实测,194,3.233333,25.407200,C:\Users\金阳\Documents\我的POPO\新0.3_0.4.zip -> 新0.4/measurements.csv
内服0.4s,内服,实测,195,3.250000,25.673200,C:\Users\金阳\Documents\我的POPO\新0.3_0.4.zip -> 新0.4/measurements.csv
内服0.4s,内服,实测,196,3.266667,25.673200,C:\Users\金阳\Documents\我的POPO\新0.3_0.4.zip -> 新0.4/measurements.csv
内服0.4s,内服,实测,197,3.283333,25.673200,C:\Users\金阳\Documents\我的POPO\新0.3_0.4.zip -> 新0.4/measurements.csv
内服0.4s,内服,实测,198,3.300000,25.940200,C:\Users\金阳\Documents\我的POPO\新0.3_0.4.zip -> 新0.4/measurements.csv
内服0.4s,内服,实测,199,3.316667,25.940200,C:\Users\金阳\Documents\我的POPO\新0.3_0.4.zip -> 新0.4/measurements.csv
内服0.4s,内服,实测,200,3.333333,26.401200,C:\Users\金阳\Documents\我的POPO\新0.3_0.4.zip -> 新0.4/measurements.csv
内服0.4s,内服,实测,201,3.350000,26.401200,C:\Users\金阳\Documents\我的POPO\新0.3_0.4.zip -> 新0.4/measurements.csv
内服0.4s,内服,实测,202,3.366667,26.857200,C:\Users\金阳\Documents\我的POPO\新0.3_0.4.zip -> 新0.4/measurements.csv
内服0.4s,内服,实测,203,3.383333,26.857200,C:\Users\金阳\Documents\我的POPO\新0.3_0.4.zip -> 新0.4/measurements.csv
内服0.4s,内服,实测,204,3.400000,27.307200,C:\Users\金阳\Documents\我的POPO\新0.3_0.4.zip -> 新0.4/measurements.csv
内服0.4s,内服,实测,205,3.416667,27.751200,C:\Users\金阳\Documents\我的POPO\新0.3_0.4.zip -> 新0.4/measurements.csv
内服0.4s,内服,实测,206,3.433333,27.751200,C:\Users\金阳\Documents\我的POPO\新0.3_0.4.zip -> 新0.4/measurements.csv
内服0.4s,内服,实测,207,3.450000,27.751200,C:\Users\金阳\Documents\我的POPO\新0.3_0.4.zip -> 新0.4/measurements.csv
内服0.4s,内服,实测,208,3.466667,28.190200,C:\Users\金阳\Documents\我的POPO\新0.3_0.4.zip -> 新0.4/measurements.csv
内服0.4s,内服,实测,209,3.483333,28.190200,C:\Users\金阳\Documents\我的POPO\新0.3_0.4.zip -> 新0.4/measurements.csv
内服0.4s,内服,实测,210,3.500000,28.623200,C:\Users\金阳\Documents\我的POPO\新0.3_0.4.zip -> 新0.4/measurements.csv
内服0.4s,内服,实测,211,3.516667,28.623200,C:\Users\金阳\Documents\我的POPO\新0.3_0.4.zip -> 新0.4/measurements.csv
内服0.4s,内服,实测,212,3.533333,29.051200,C:\Users\金阳\Documents\我的POPO\新0.3_0.4.zip -> 新0.4/measurements.csv
内服0.4s,内服,实测,213,3.550000,29.051200,C:\Users\金阳\Documents\我的POPO\新0.3_0.4.zip -> 新0.4/measurements.csv
内服0.4s,内服,实测,214,3.566667,29.473200,C:\Users\金阳\Documents\我的POPO\新0.3_0.4.zip -> 新0.4/measurements.csv
内服0.4s,内服,实测,215,3.583333,31.389200,C:\Users\金阳\Documents\我的POPO\新0.3_0.4.zip -> 新0.4/measurements.csv
内服0.4s,内服,实测,216,3.600000,31.389200,C:\Users\金阳\Documents\我的POPO\新0.3_0.4.zip -> 新0.4/measurements.csv
内服0.4s,内服,实测,217,3.616667,31.389200,C:\Users\金阳\Documents\我的POPO\新0.3_0.4.zip -> 新0.4/measurements.csv
内服0.4s,内服,实测,218,3.633333,31.697200,C:\Users\金阳\Documents\我的POPO\新0.3_0.4.zip -> 新0.4/measurements.csv
内服0.4s,内服,实测,219,3.650000,32.108200,C:\Users\金阳\Documents\我的POPO\新0.3_0.4.zip -> 新0.4/measurements.csv
内服0.4s,内服,实测,220,3.666667,32.108200,C:\Users\金阳\Documents\我的POPO\新0.3_0.4.zip -> 新0.4/measurements.csv
内服0.4s,内服,实测,221,3.683333,32.108200,C:\Users\金阳\Documents\我的POPO\新0.3_0.4.zip -> 新0.4/measurements.csv
内服0.4s,内服,实测,222,3.700000,32.553200,C:\Users\金阳\Documents\我的POPO\新0.3_0.4.zip -> 新0.4/measurements.csv
内服0.4s,内服,实测,223,3.716667,32.989200,C:\Users\金阳\Documents\我的POPO\新0.3_0.4.zip -> 新0.4/measurements.csv
内服0.4s,内服,实测,224,3.733333,32.989200,C:\Users\金阳\Documents\我的POPO\新0.3_0.4.zip -> 新0.4/measurements.csv
内服0.4s,内服,实测,225,3.750000,33.396300,C:\Users\金阳\Documents\我的POPO\新0.3_0.4.zip -> 新0.4/measurements.csv
内服0.4s,内服,实测,226,3.766667,33.396300,C:\Users\金阳\Documents\我的POPO\新0.3_0.4.zip -> 新0.4/measurements.csv
内服0.4s,内服,实测,227,3.783333,33.396300,C:\Users\金阳\Documents\我的POPO\新0.3_0.4.zip -> 新0.4/measurements.csv
内服0.4s,内服,实测,228,3.800000,33.743300,C:\Users\金阳\Documents\我的POPO\新0.3_0.4.zip -> 新0.4/measurements.csv
内服0.4s,内服,实测,229,3.816667,34.021200,C:\Users\金阳\Documents\我的POPO\新0.3_0.4.zip -> 新0.4/measurements.csv
内服0.4s,内服,实测,230,3.833333,34.021200,C:\Users\金阳\Documents\我的POPO\新0.3_0.4.zip -> 新0.4/measurements.csv
内服0.4s,内服,实测,231,3.850000,34.021200,C:\Users\金阳\Documents\我的POPO\新0.3_0.4.zip -> 新0.4/measurements.csv
内服0.4s,内服,实测,232,3.866667,34.286200,C:\Users\金阳\Documents\我的POPO\新0.3_0.4.zip -> 新0.4/measurements.csv
内服0.4s,内服,实测,233,3.883333,34.563200,C:\Users\金阳\Documents\我的POPO\新0.3_0.4.zip -> 新0.4/measurements.csv
内服0.4s,内服,实测,234,3.900000,34.563200,C:\Users\金阳\Documents\我的POPO\新0.3_0.4.zip -> 新0.4/measurements.csv
内服0.4s,内服,实测,235,3.916667,34.840200,C:\Users\金阳\Documents\我的POPO\新0.3_0.4.zip -> 新0.4/measurements.csv
内服0.4s,内服,实测,236,3.933333,34.840200,C:\Users\金阳\Documents\我的POPO\新0.3_0.4.zip -> 新0.4/measurements.csv
内服0.4s,内服,实测,237,3.950000,34.840200,C:\Users\金阳\Documents\我的POPO\新0.3_0.4.zip -> 新0.4/measurements.csv
内服0.4s,内服,实测,238,3.966667,35.107200,C:\Users\金阳\Documents\我的POPO\新0.3_0.4.zip -> 新0.4/measurements.csv
内服0.4s,内服,实测,239,3.983333,35.366200,C:\Users\金阳\Documents\我的POPO\新0.3_0.4.zip -> 新0.4/measurements.csv
内服0.4s,内服,实测,240,4.000000,35.366200,C:\Users\金阳\Documents\我的POPO\新0.3_0.4.zip -> 新0.4/measurements.csv
内服0.4s,内服,实测,241,4.016667,35.366200,C:\Users\金阳\Documents\我的POPO\新0.3_0.4.zip -> 新0.4/measurements.csv
内服0.4s,内服,实测,242,4.033333,35.627200,C:\Users\金阳\Documents\我的POPO\新0.3_0.4.zip -> 新0.4/measurements.csv
内服0.4s,内服,实测,243,4.050000,35.896200,C:\Users\金阳\Documents\我的POPO\新0.3_0.4.zip -> 新0.4/measurements.csv
内服0.4s,内服,实测,244,4.066667,35.896200,C:\Users\金阳\Documents\我的POPO\新0.3_0.4.zip -> 新0.4/measurements.csv
内服0.4s,内服,实测,245,4.083333,36.198300,C:\Users\金阳\Documents\我的POPO\新0.3_0.4.zip -> 新0.4/measurements.csv
内服0.4s,内服,实测,246,4.100000,36.198300,C:\Users\金阳\Documents\我的POPO\新0.3_0.4.zip -> 新0.4/measurements.csv
内服0.4s,内服,实测,247,4.116667,36.198300,C:\Users\金阳\Documents\我的POPO\新0.3_0.4.zip -> 新0.4/measurements.csv
内服0.4s,内服,实测,248,4.133333,36.705200,C:\Users\金阳\Documents\我的POPO\新0.3_0.4.zip -> 新0.4/measurements.csv
内服0.4s,内服,实测,249,4.150000,37.209200,C:\Users\金阳\Documents\我的POPO\新0.3_0.4.zip -> 新0.4/measurements.csv
内服0.4s,内服,实测,250,4.166667,37.209200,C:\Users\金阳\Documents\我的POPO\新0.3_0.4.zip -> 新0.4/measurements.csv
内服0.4s,内服,实测,251,4.183333,37.209200,C:\Users\金阳\Documents\我的POPO\新0.3_0.4.zip -> 新0.4/measurements.csv
内服0.4s,内服,实测,252,4.200000,37.708300,C:\Users\金阳\Documents\我的POPO\新0.3_0.4.zip -> 新0.4/measurements.csv
内服0.4s,内服,实测,253,4.216667,38.202200,C:\Users\金阳\Documents\我的POPO\新0.3_0.4.zip -> 新0.4/measurements.csv
内服0.4s,内服,实测,254,4.233333,38.202200,C:\Users\金阳\Documents\我的POPO\新0.3_0.4.zip -> 新0.4/measurements.csv
内服0.4s,内服,实测,255,4.250000,38.692200,C:\Users\金阳\Documents\我的POPO\新0.3_0.4.zip -> 新0.4/measurements.csv
内服0.4s,内服,实测,256,4.266667,38.692200,C:\Users\金阳\Documents\我的POPO\新0.3_0.4.zip -> 新0.4/measurements.csv
内服0.4s,内服,实测,257,4.283333,38.692200,C:\Users\金阳\Documents\我的POPO\新0.3_0.4.zip -> 新0.4/measurements.csv
内服0.4s,内服,实测,258,4.300000,39.178300,C:\Users\金阳\Documents\我的POPO\新0.3_0.4.zip -> 新0.4/measurements.csv
内服0.4s,内服,实测,259,4.316667,39.178300,C:\Users\金阳\Documents\我的POPO\新0.3_0.4.zip -> 新0.4/measurements.csv
内服0.4s,内服,实测,260,4.333333,39.659200,C:\Users\金阳\Documents\我的POPO\新0.3_0.4.zip -> 新0.4/measurements.csv
内服0.4s,内服,实测,261,4.350000,39.659200,C:\Users\金阳\Documents\我的POPO\新0.3_0.4.zip -> 新0.4/measurements.csv
内服0.4s,内服,实测,262,4.366667,40.135200,C:\Users\金阳\Documents\我的POPO\新0.3_0.4.zip -> 新0.4/measurements.csv
内服0.4s,内服,实测,263,4.383333,40.135200,C:\Users\金阳\Documents\我的POPO\新0.3_0.4.zip -> 新0.4/measurements.csv
内服0.4s,内服,实测,264,4.400000,40.608300,C:\Users\金阳\Documents\我的POPO\新0.3_0.4.zip -> 新0.4/measurements.csv
内服0.4s,内服,实测,265,4.416667,40.608300,C:\Users\金阳\Documents\我的POPO\新0.3_0.4.zip -> 新0.4/measurements.csv
内服0.4s,内服,实测,266,4.433333,41.042200,C:\Users\金阳\Documents\我的POPO\新0.3_0.4.zip -> 新0.4/measurements.csv
内服0.4s,内服,实测,267,4.450000,41.472200,C:\Users\金阳\Documents\我的POPO\新0.3_0.4.zip -> 新0.4/measurements.csv
内服0.4s,内服,实测,268,4.466667,41.472200,C:\Users\金阳\Documents\我的POPO\新0.3_0.4.zip -> 新0.4/measurements.csv
内服0.4s,内服,实测,269,4.483333,41.898300,C:\Users\金阳\Documents\我的POPO\新0.3_0.4.zip -> 新0.4/measurements.csv
内服0.4s,内服,实测,270,4.500000,41.898300,C:\Users\金阳\Documents\我的POPO\新0.3_0.4.zip -> 新0.4/measurements.csv
内服0.4s,内服,实测,271,4.516667,42.319200,C:\Users\金阳\Documents\我的POPO\新0.3_0.4.zip -> 新0.4/measurements.csv
内服0.4s,内服,实测,272,4.533333,42.735200,C:\Users\金阳\Documents\我的POPO\新0.3_0.4.zip -> 新0.4/measurements.csv
内服0.4s,内服,实测,273,4.550000,42.735200,C:\Users\金阳\Documents\我的POPO\新0.3_0.4.zip -> 新0.4/measurements.csv
内服0.4s,内服,实测,274,4.566667,43.148300,C:\Users\金阳\Documents\我的POPO\新0.3_0.4.zip -> 新0.4/measurements.csv
内服0.4s,内服,实测,275,4.583333,43.148300,C:\Users\金阳\Documents\我的POPO\新0.3_0.4.zip -> 新0.4/measurements.csv
内服0.4s,内服,实测,276,4.600000,43.148300,C:\Users\金阳\Documents\我的POPO\新0.3_0.4.zip -> 新0.4/measurements.csv
内服0.4s,内服,实测,277,4.616667,43.555200,C:\Users\金阳\Documents\我的POPO\新0.3_0.4.zip -> 新0.4/measurements.csv
内服0.4s,内服,实测,278,4.633333,43.959200,C:\Users\金阳\Documents\我的POPO\新0.3_0.4.zip -> 新0.4/measurements.csv
内服0.4s,内服,实测,279,4.650000,43.959200,C:\Users\金阳\Documents\我的POPO\新0.3_0.4.zip -> 新0.4/measurements.csv
内服0.4s,内服,实测,280,4.666667,43.959200,C:\Users\金阳\Documents\我的POPO\新0.3_0.4.zip -> 新0.4/measurements.csv
内服0.4s,内服,实测,281,4.683333,44.358300,C:\Users\金阳\Documents\我的POPO\新0.3_0.4.zip -> 新0.4/measurements.csv
内服0.4s,内服,实测,282,4.700000,44.752200,C:\Users\金阳\Documents\我的POPO\新0.3_0.4.zip -> 新0.4/measurements.csv
内服0.4s,内服,实测,283,4.716667,44.752200,C:\Users\金阳\Documents\我的POPO\新0.3_0.4.zip -> 新0.4/measurements.csv
内服0.4s,内服,实测,284,4.733333,45.142200,C:\Users\金阳\Documents\我的POPO\新0.3_0.4.zip -> 新0.4/measurements.csv
内服0.4s,内服,实测,285,4.750000,45.142200,C:\Users\金阳\Documents\我的POPO\新0.3_0.4.zip -> 新0.4/measurements.csv
内服0.4s,内服,实测,286,4.766667,45.142200,C:\Users\金阳\Documents\我的POPO\新0.3_0.4.zip -> 新0.4/measurements.csv
内服0.4s,内服,实测,287,4.783333,45.528300,C:\Users\金阳\Documents\我的POPO\新0.3_0.4.zip -> 新0.4/measurements.csv
内服0.4s,内服,实测,288,4.800000,45.909200,C:\Users\金阳\Documents\我的POPO\新0.3_0.4.zip -> 新0.4/measurements.csv
内服0.4s,内服,实测,289,4.816667,45.909200,C:\Users\金阳\Documents\我的POPO\新0.3_0.4.zip -> 新0.4/measurements.csv
内服0.4s,内服,实测,290,4.833333,46.285200,C:\Users\金阳\Documents\我的POPO\新0.3_0.4.zip -> 新0.4/measurements.csv
内服0.4s,内服,实测,291,4.850000,46.285200,C:\Users\金阳\Documents\我的POPO\新0.3_0.4.zip -> 新0.4/measurements.csv
内服0.4s,内服,实测,292,4.866667,46.285200,C:\Users\金阳\Documents\我的POPO\新0.3_0.4.zip -> 新0.4/measurements.csv
内服0.4s,内服,实测,293,4.883333,46.658300,C:\Users\金阳\Documents\我的POPO\新0.3_0.4.zip -> 新0.4/measurements.csv
内服0.4s,内服,实测,294,4.900000,47.025200,C:\Users\金阳\Documents\我的POPO\新0.3_0.4.zip -> 新0.4/measurements.csv
内服0.4s,内服,实测,295,4.916667,47.025200,C:\Users\金阳\Documents\我的POPO\新0.3_0.4.zip -> 新0.4/measurements.csv
内服0.4s,内服,实测,296,4.933333,47.025200,C:\Users\金阳\Documents\我的POPO\新0.3_0.4.zip -> 新0.4/measurements.csv
内服0.4s,内服,实测,297,4.950000,47.389200,C:\Users\金阳\Documents\我的POPO\新0.3_0.4.zip -> 新0.4/measurements.csv
内服0.4s,内服,实测,298,4.966667,47.708300,C:\Users\金阳\Documents\我的POPO\新0.3_0.4.zip -> 新0.4/measurements.csv
内服0.4s,内服,实测,299,4.983333,47.708300,C:\Users\金阳\Documents\我的POPO\新0.3_0.4.zip -> 新0.4/measurements.csv
内服0.4s,内服,实测,300,5.000000,47.982200,C:\Users\金阳\Documents\我的POPO\新0.3_0.4.zip -> 新0.4/measurements.csv
内服0.4s,内服,实测,301,5.016667,47.982200,C:\Users\金阳\Documents\我的POPO\新0.3_0.4.zip -> 新0.4/measurements.csv
内服0.4s,内服,实测,302,5.033333,47.982200,C:\Users\金阳\Documents\我的POPO\新0.3_0.4.zip -> 新0.4/measurements.csv
内服0.4s,内服,实测,303,5.050000,48.312200,C:\Users\金阳\Documents\我的POPO\新0.3_0.4.zip -> 新0.4/measurements.csv
内服0.4s,内服,实测,304,5.066667,48.631200,C:\Users\金阳\Documents\我的POPO\新0.3_0.4.zip -> 新0.4/measurements.csv
内服0.4s,内服,实测,305,5.083333,48.631200,C:\Users\金阳\Documents\我的POPO\新0.3_0.4.zip -> 新0.4/measurements.csv
内服0.4s,内服,实测,306,5.100000,48.631200,C:\Users\金阳\Documents\我的POPO\新0.3_0.4.zip -> 新0.4/measurements.csv
内服0.4s,内服,实测,307,5.116667,48.939200,C:\Users\金阳\Documents\我的POPO\新0.3_0.4.zip -> 新0.4/measurements.csv
内服0.4s,内服,实测,308,5.133333,49.235200,C:\Users\金阳\Documents\我的POPO\新0.3_0.4.zip -> 新0.4/measurements.csv
内服0.4s,内服,实测,309,5.150000,49.235200,C:\Users\金阳\Documents\我的POPO\新0.3_0.4.zip -> 新0.4/measurements.csv
内服0.4s,内服,实测,310,5.166667,49.541200,C:\Users\金阳\Documents\我的POPO\新0.3_0.4.zip -> 新0.4/measurements.csv
内服0.4s,内服,实测,311,5.183333,49.541200,C:\Users\金阳\Documents\我的POPO\新0.3_0.4.zip -> 新0.4/measurements.csv
内服0.4s,内服,实测,312,5.200000,49.541200,C:\Users\金阳\Documents\我的POPO\新0.3_0.4.zip -> 新0.4/measurements.csv
内服0.4s,内服,实测,313,5.216667,49.855200,C:\Users\金阳\Documents\我的POPO\新0.3_0.4.zip -> 新0.4/measurements.csv
内服0.4s,内服,实测,314,5.233333,50.179200,C:\Users\金阳\Documents\我的POPO\新0.3_0.4.zip -> 新0.4/measurements.csv
内服0.4s,内服,实测,315,5.250000,50.179200,C:\Users\金阳\Documents\我的POPO\新0.3_0.4.zip -> 新0.4/measurements.csv
内服0.4s,内服,实测,316,5.266667,50.179200,C:\Users\金阳\Documents\我的POPO\新0.3_0.4.zip -> 新0.4/measurements.csv
内服0.4s,内服,实测,317,5.283333,50.511200,C:\Users\金阳\Documents\我的POPO\新0.3_0.4.zip -> 新0.4/measurements.csv
内服0.4s,内服,实测,318,5.300000,50.511200,C:\Users\金阳\Documents\我的POPO\新0.3_0.4.zip -> 新0.4/measurements.csv
内服0.4s,内服,实测,319,5.316667,50.852200,C:\Users\金阳\Documents\我的POPO\新0.3_0.4.zip -> 新0.4/measurements.csv
内服0.4s,内服,实测,320,5.333333,51.189200,C:\Users\金阳\Documents\我的POPO\新0.3_0.4.zip -> 新0.4/measurements.csv
内服0.4s,内服,实测,321,5.350000,51.189200,C:\Users\金阳\Documents\我的POPO\新0.3_0.4.zip -> 新0.4/measurements.csv
内服0.4s,内服,实测,322,5.366667,51.189200,C:\Users\金阳\Documents\我的POPO\新0.3_0.4.zip -> 新0.4/measurements.csv
内服0.4s,内服,实测,323,5.383333,51.521200,C:\Users\金阳\Documents\我的POPO\新0.3_0.4.zip -> 新0.4/measurements.csv
内服0.4s,内服,实测,324,5.400000,51.849200,C:\Users\金阳\Documents\我的POPO\新0.3_0.4.zip -> 新0.4/measurements.csv
内服0.4s,内服,实测,325,5.416667,51.849200,C:\Users\金阳\Documents\我的POPO\新0.3_0.4.zip -> 新0.4/measurements.csv
内服0.4s,内服,实测,326,5.433333,52.172200,C:\Users\金阳\Documents\我的POPO\新0.3_0.4.zip -> 新0.4/measurements.csv
内服0.4s,内服,实测,327,5.450000,52.172200,C:\Users\金阳\Documents\我的POPO\新0.3_0.4.zip -> 新0.4/measurements.csv
内服0.4s,内服,实测,328,5.466667,52.172200,C:\Users\金阳\Documents\我的POPO\新0.3_0.4.zip -> 新0.4/measurements.csv
内服0.4s,内服,实测,329,5.483333,52.491200,C:\Users\金阳\Documents\我的POPO\新0.3_0.4.zip -> 新0.4/measurements.csv
内服0.4s,内服,实测,330,5.500000,52.805200,C:\Users\金阳\Documents\我的POPO\新0.3_0.4.zip -> 新0.4/measurements.csv
内服0.4s,内服,实测,331,5.516667,52.805200,C:\Users\金阳\Documents\我的POPO\新0.3_0.4.zip -> 新0.4/measurements.csv
内服0.4s,内服,实测,332,5.533333,53.115200,C:\Users\金阳\Documents\我的POPO\新0.3_0.4.zip -> 新0.4/measurements.csv
内服0.4s,内服,实测,333,5.550000,53.115200,C:\Users\金阳\Documents\我的POPO\新0.3_0.4.zip -> 新0.4/measurements.csv
内服0.4s,内服,实测,334,5.566667,53.115200,C:\Users\金阳\Documents\我的POPO\新0.3_0.4.zip -> 新0.4/measurements.csv
内服0.4s,内服,实测,335,5.583333,53.421200,C:\Users\金阳\Documents\我的POPO\新0.3_0.4.zip -> 新0.4/measurements.csv
内服0.4s,内服,实测,336,5.600000,53.722200,C:\Users\金阳\Documents\我的POPO\新0.3_0.4.zip -> 新0.4/measurements.csv
内服0.4s,内服,实测,337,5.616667,53.722200,C:\Users\金阳\Documents\我的POPO\新0.3_0.4.zip -> 新0.4/measurements.csv
内服0.4s,内服,实测,338,5.633333,53.722200,C:\Users\金阳\Documents\我的POPO\新0.3_0.4.zip -> 新0.4/measurements.csv
内服0.4s,内服,实测,339,5.650000,54.019200,C:\Users\金阳\Documents\我的POPO\新0.3_0.4.zip -> 新0.4/measurements.csv
内服0.4s,内服,实测,340,5.666667,54.019200,C:\Users\金阳\Documents\我的POPO\新0.3_0.4.zip -> 新0.4/measurements.csv
内服0.4s,内服,实测,341,5.683333,54.311200,C:\Users\金阳\Documents\我的POPO\新0.3_0.4.zip -> 新0.4/measurements.csv
内服0.4s,内服,实测,342,5.700000,54.767200,C:\Users\金阳\Documents\我的POPO\新0.3_0.4.zip -> 新0.4/measurements.csv
内服0.4s,内服,实测,343,5.716667,54.767200,C:\Users\金阳\Documents\我的POPO\新0.3_0.4.zip -> 新0.4/measurements.csv
内服0.4s,内服,实测,344,5.733333,54.767200,C:\Users\金阳\Documents\我的POPO\新0.3_0.4.zip -> 新0.4/measurements.csv
内服0.4s,内服,实测,345,5.750000,54.767200,C:\Users\金阳\Documents\我的POPO\新0.3_0.4.zip -> 新0.4/measurements.csv
内服0.4s,内服,实测,346,5.766667,55.211200,C:\Users\金阳\Documents\我的POPO\新0.3_0.4.zip -> 新0.4/measurements.csv
内服0.4s,内服,实测,347,5.783333,55.644200,C:\Users\金阳\Documents\我的POPO\新0.3_0.4.zip -> 新0.4/measurements.csv
内服0.4s,内服,实测,348,5.800000,55.644200,C:\Users\金阳\Documents\我的POPO\新0.3_0.4.zip -> 新0.4/measurements.csv
内服0.4s,内服,实测,349,5.816667,56.067200,C:\Users\金阳\Documents\我的POPO\新0.3_0.4.zip -> 新0.4/measurements.csv
内服0.4s,内服,实测,350,5.833333,56.483200,C:\Users\金阳\Documents\我的POPO\新0.3_0.4.zip -> 新0.4/measurements.csv
内服0.4s,内服,实测,351,5.850000,56.483200,C:\Users\金阳\Documents\我的POPO\新0.3_0.4.zip -> 新0.4/measurements.csv
内服0.4s,内服,实测,352,5.866667,56.483200,C:\Users\金阳\Documents\我的POPO\新0.3_0.4.zip -> 新0.4/measurements.csv
内服0.4s,内服,实测,353,5.883333,56.893200,C:\Users\金阳\Documents\我的POPO\新0.3_0.4.zip -> 新0.4/measurements.csv
内服0.4s,内服,实测,354,5.900000,57.298200,C:\Users\金阳\Documents\我的POPO\新0.3_0.4.zip -> 新0.4/measurements.csv
内服0.4s,内服,实测,355,5.916667,57.298200,C:\Users\金阳\Documents\我的POPO\新0.3_0.4.zip -> 新0.4/measurements.csv
内服0.4s,内服,实测,356,5.933333,57.298200,C:\Users\金阳\Documents\我的POPO\新0.3_0.4.zip -> 新0.4/measurements.csv
内服0.4s,内服,实测,357,5.950000,59.980200,C:\Users\金阳\Documents\我的POPO\新0.3_0.4.zip -> 新0.4/measurements.csv
内服0.4s,内服,实测,358,5.966667,59.980200,C:\Users\金阳\Documents\我的POPO\新0.3_0.4.zip -> 新0.4/measurements.csv
内服0.4s,内服,实测,359,5.983333,60.343300,C:\Users\金阳\Documents\我的POPO\新0.3_0.4.zip -> 新0.4/measurements.csv
内服0.4s,内服,实测,360,6.000000,60.827200,C:\Users\金阳\Documents\我的POPO\新0.3_0.4.zip -> 新0.4/measurements.csv
内服0.4s,内服,实测,361,6.016667,60.827200,C:\Users\金阳\Documents\我的POPO\新0.3_0.4.zip -> 新0.4/measurements.csv
内服0.4s,内服,实测,362,6.033333,61.352200,C:\Users\金阳\Documents\我的POPO\新0.3_0.4.zip -> 新0.4/measurements.csv
内服0.4s,内服,实测,363,6.050000,61.352200,C:\Users\金阳\Documents\我的POPO\新0.3_0.4.zip -> 新0.4/measurements.csv
内服0.4s,内服,实测,364,6.066667,61.867200,C:\Users\金阳\Documents\我的POPO\新0.3_0.4.zip -> 新0.4/measurements.csv
内服0.4s,内服,实测,365,6.083333,61.867200,C:\Users\金阳\Documents\我的POPO\新0.3_0.4.zip -> 新0.4/measurements.csv
内服0.4s,内服,实测,366,6.100000,61.867200,C:\Users\金阳\Documents\我的POPO\新0.3_0.4.zip -> 新0.4/measurements.csv
内服0.4s,内服,实测,367,6.116667,62.350200,C:\Users\金阳\Documents\我的POPO\新0.3_0.4.zip -> 新0.4/measurements.csv
内服0.4s,内服,实测,368,6.133333,62.788300,C:\Users\金阳\Documents\我的POPO\新0.3_0.4.zip -> 新0.4/measurements.csv
内服0.4s,内服,实测,369,6.150000,62.788300,C:\Users\金阳\Documents\我的POPO\新0.3_0.4.zip -> 新0.4/measurements.csv
内服0.4s,内服,实测,370,6.166667,62.788300,C:\Users\金阳\Documents\我的POPO\新0.3_0.4.zip -> 新0.4/measurements.csv
内服0.4s,内服,实测,371,6.183333,62.788300,C:\Users\金阳\Documents\我的POPO\新0.3_0.4.zip -> 新0.4/measurements.csv
内服0.4s,内服,实测,372,6.200000,63.550300,C:\Users\金阳\Documents\我的POPO\新0.3_0.4.zip -> 新0.4/measurements.csv
内服0.4s,内服,实测,373,6.216667,63.550300,C:\Users\金阳\Documents\我的POPO\新0.3_0.4.zip -> 新0.4/measurements.csv
内服0.4s,内服,实测,374,6.233333,63.936200,C:\Users\金阳\Documents\我的POPO\新0.3_0.4.zip -> 新0.4/measurements.csv
内服0.4s,内服,实测,375,6.250000,64.321200,C:\Users\金阳\Documents\我的POPO\新0.3_0.4.zip -> 新0.4/measurements.csv
内服0.4s,内服,实测,376,6.266667,64.321200,C:\Users\金阳\Documents\我的POPO\新0.3_0.4.zip -> 新0.4/measurements.csv
内服0.4s,内服,实测,377,6.283333,64.321200,C:\Users\金阳\Documents\我的POPO\新0.3_0.4.zip -> 新0.4/measurements.csv
内服0.4s,内服,实测,378,6.300000,64.321200,C:\Users\金阳\Documents\我的POPO\新0.3_0.4.zip -> 新0.4/measurements.csv
内服0.4s,内服,实测,379,6.316667,65.057200,C:\Users\金阳\Documents\我的POPO\新0.3_0.4.zip -> 新0.4/measurements.csv
内服0.4s,内服,实测,380,6.333333,65.057200,C:\Users\金阳\Documents\我的POPO\新0.3_0.4.zip -> 新0.4/measurements.csv
内服0.4s,内服,实测,381,6.350000,65.057200,C:\Users\金阳\Documents\我的POPO\新0.3_0.4.zip -> 新0.4/measurements.csv
内服0.4s,内服,实测,382,6.366667,65.422200,C:\Users\金阳\Documents\我的POPO\新0.3_0.4.zip -> 新0.4/measurements.csv
内服0.4s,内服,实测,383,6.383333,65.422200,C:\Users\金阳\Documents\我的POPO\新0.3_0.4.zip -> 新0.4/measurements.csv
内服0.4s,内服,实测,384,6.400000,65.795200,C:\Users\金阳\Documents\我的POPO\新0.3_0.4.zip -> 新0.4/measurements.csv
内服0.4s,内服,实测,385,6.416667,65.795200,C:\Users\金阳\Documents\我的POPO\新0.3_0.4.zip -> 新0.4/measurements.csv
内服0.4s,内服,实测,386,6.433333,66.180200,C:\Users\金阳\Documents\我的POPO\新0.3_0.4.zip -> 新0.4/measurements.csv
内服0.4s,内服,实测,387,6.450000,66.180200,C:\Users\金阳\Documents\我的POPO\新0.3_0.4.zip -> 新0.4/measurements.csv
内服0.4s,内服,实测,388,6.466667,66.180200,C:\Users\金阳\Documents\我的POPO\新0.3_0.4.zip -> 新0.4/measurements.csv
内服0.4s,内服,实测,389,6.483333,66.180200,C:\Users\金阳\Documents\我的POPO\新0.3_0.4.zip -> 新0.4/measurements.csv
内服0.4s,内服,实测,390,6.500000,66.593200,C:\Users\金阳\Documents\我的POPO\新0.3_0.4.zip -> 新0.4/measurements.csv
内服0.4s,内服,实测,391,6.516667,67.250200,C:\Users\金阳\Documents\我的POPO\新0.3_0.4.zip -> 新0.4/measurements.csv
内服0.4s,内服,实测,392,6.533333,67.250200,C:\Users\金阳\Documents\我的POPO\新0.3_0.4.zip -> 新0.4/measurements.csv
内服0.4s,内服,实测,393,6.550000,67.250200,C:\Users\金阳\Documents\我的POPO\新0.3_0.4.zip -> 新0.4/measurements.csv
内服0.4s,内服,实测,394,6.566667,67.915200,C:\Users\金阳\Documents\我的POPO\新0.3_0.4.zip -> 新0.4/measurements.csv
内服0.4s,内服,实测,395,6.583333,68.590200,C:\Users\金阳\Documents\我的POPO\新0.3_0.4.zip -> 新0.4/measurements.csv
内服0.4s,内服,实测,396,6.600000,68.590200,C:\Users\金阳\Documents\我的POPO\新0.3_0.4.zip -> 新0.4/measurements.csv
内服0.4s,内服,实测,397,6.616667,69.273200,C:\Users\金阳\Documents\我的POPO\新0.3_0.4.zip -> 新0.4/measurements.csv
内服0.4s,内服,实测,398,6.633333,69.273200,C:\Users\金阳\Documents\我的POPO\新0.3_0.4.zip -> 新0.4/measurements.csv
内服0.4s,内服,实测,399,6.650000,69.273200,C:\Users\金阳\Documents\我的POPO\新0.3_0.4.zip -> 新0.4/measurements.csv
内服0.4s,内服,实测,400,6.666667,69.965200,C:\Users\金阳\Documents\我的POPO\新0.3_0.4.zip -> 新0.4/measurements.csv
内服0.4s,内服,实测,401,6.683333,70.666200,C:\Users\金阳\Documents\我的POPO\新0.3_0.4.zip -> 新0.4/measurements.csv
内服0.4s,内服,实测,402,6.700000,70.666200,C:\Users\金阳\Documents\我的POPO\新0.3_0.4.zip -> 新0.4/measurements.csv
内服0.4s,内服,实测,403,6.716667,70.666200,C:\Users\金阳\Documents\我的POPO\新0.3_0.4.zip -> 新0.4/measurements.csv
内服0.4s,内服,实测,404,6.733333,71.376200,C:\Users\金阳\Documents\我的POPO\新0.3_0.4.zip -> 新0.4/measurements.csv
内服0.4s,内服,实测,405,6.750000,72.095200,C:\Users\金阳\Documents\我的POPO\新0.3_0.4.zip -> 新0.4/measurements.csv
内服0.4s,内服,实测,406,6.766667,72.095200,C:\Users\金阳\Documents\我的POPO\新0.3_0.4.zip -> 新0.4/measurements.csv
内服0.4s,内服,实测,407,6.783333,72.823200,C:\Users\金阳\Documents\我的POPO\新0.3_0.4.zip -> 新0.4/measurements.csv
内服0.4s,内服,实测,408,6.800000,72.823200,C:\Users\金阳\Documents\我的POPO\新0.3_0.4.zip -> 新0.4/measurements.csv
内服0.4s,内服,实测,409,6.816667,72.823200,C:\Users\金阳\Documents\我的POPO\新0.3_0.4.zip -> 新0.4/measurements.csv
内服0.4s,内服,实测,410,6.833333,73.560200,C:\Users\金阳\Documents\我的POPO\新0.3_0.4.zip -> 新0.4/measurements.csv
内服0.4s,内服,实测,411,6.850000,74.305200,C:\Users\金阳\Documents\我的POPO\新0.3_0.4.zip -> 新0.4/measurements.csv
内服0.4s,内服,实测,412,6.866667,74.305200,C:\Users\金阳\Documents\我的POPO\新0.3_0.4.zip -> 新0.4/measurements.csv
内服0.4s,内服,实测,413,6.883333,74.305200,C:\Users\金阳\Documents\我的POPO\新0.3_0.4.zip -> 新0.4/measurements.csv
内服0.4s,内服,实测,414,6.900000,75.060200,C:\Users\金阳\Documents\我的POPO\新0.3_0.4.zip -> 新0.4/measurements.csv
内服0.4s,内服,实测,415,6.916667,75.823200,C:\Users\金阳\Documents\我的POPO\新0.3_0.4.zip -> 新0.4/measurements.csv
内服0.4s,内服,实测,416,6.933333,75.823200,C:\Users\金阳\Documents\我的POPO\新0.3_0.4.zip -> 新0.4/measurements.csv
内服0.4s,内服,实测,417,6.950000,76.595200,C:\Users\金阳\Documents\我的POPO\新0.3_0.4.zip -> 新0.4/measurements.csv
内服0.4s,内服,实测,418,6.966667,76.595200,C:\Users\金阳\Documents\我的POPO\新0.3_0.4.zip -> 新0.4/measurements.csv
内服0.4s,内服,实测,419,6.983333,76.595200,C:\Users\金阳\Documents\我的POPO\新0.3_0.4.zip -> 新0.4/measurements.csv
内服0.4s,内服,实测,420,7.000000,77.376200,C:\Users\金阳\Documents\我的POPO\新0.3_0.4.zip -> 新0.4/measurements.csv
内服0.4s,内服,实测,421,7.016667,78.166200,C:\Users\金阳\Documents\我的POPO\新0.3_0.4.zip -> 新0.4/measurements.csv
内服0.4s,内服,实测,422,7.033333,78.166200,C:\Users\金阳\Documents\我的POPO\新0.3_0.4.zip -> 新0.4/measurements.csv
内服0.4s,内服,实测,423,7.050000,78.166200,C:\Users\金阳\Documents\我的POPO\新0.3_0.4.zip -> 新0.4/measurements.csv
内服0.4s,内服,实测,424,7.066667,78.965200,C:\Users\金阳\Documents\我的POPO\新0.3_0.4.zip -> 新0.4/measurements.csv
内服0.4s,内服,实测,425,7.083333,78.965200,C:\Users\金阳\Documents\我的POPO\新0.3_0.4.zip -> 新0.4/measurements.csv
内服0.4s,内服,实测,426,7.100000,79.766200,C:\Users\金阳\Documents\我的POPO\新0.3_0.4.zip -> 新0.4/measurements.csv
内服0.4s,内服,实测,427,7.116667,79.766200,C:\Users\金阳\Documents\我的POPO\新0.3_0.4.zip -> 新0.4/measurements.csv
内服0.4s,内服,实测,428,7.133333,80.563200,C:\Users\金阳\Documents\我的POPO\新0.3_0.4.zip -> 新0.4/measurements.csv
内服0.4s,内服,实测,429,7.150000,80.563200,C:\Users\金阳\Documents\我的POPO\新0.3_0.4.zip -> 新0.4/measurements.csv
内服0.4s,内服,实测,430,7.166667,81.355200,C:\Users\金阳\Documents\我的POPO\新0.3_0.4.zip -> 新0.4/measurements.csv
内服0.4s,内服,实测,431,7.183333,82.143200,C:\Users\金阳\Documents\我的POPO\新0.3_0.4.zip -> 新0.4/measurements.csv
内服0.4s,内服,实测,432,7.200000,82.143200,C:\Users\金阳\Documents\我的POPO\新0.3_0.4.zip -> 新0.4/measurements.csv
内服0.4s,内服,实测,433,7.216667,82.143200,C:\Users\金阳\Documents\我的POPO\新0.3_0.4.zip -> 新0.4/measurements.csv
内服0.4s,内服,实测,434,7.233333,82.926200,C:\Users\金阳\Documents\我的POPO\新0.3_0.4.zip -> 新0.4/measurements.csv
内服0.4s,内服,实测,435,7.250000,83.705200,C:\Users\金阳\Documents\我的POPO\新0.3_0.4.zip -> 新0.4/measurements.csv
内服0.4s,内服,实测,436,7.266667,83.705200,C:\Users\金阳\Documents\我的POPO\新0.3_0.4.zip -> 新0.4/measurements.csv
内服0.4s,内服,实测,437,7.283333,84.480200,C:\Users\金阳\Documents\我的POPO\新0.3_0.4.zip -> 新0.4/measurements.csv
内服0.4s,内服,实测,438,7.300000,84.480200,C:\Users\金阳\Documents\我的POPO\新0.3_0.4.zip -> 新0.4/measurements.csv
内服0.4s,内服,实测,439,7.316667,84.480200,C:\Users\金阳\Documents\我的POPO\新0.3_0.4.zip -> 新0.4/measurements.csv
内服0.4s,内服,实测,440,7.333333,85.210200,C:\Users\金阳\Documents\我的POPO\新0.3_0.4.zip -> 新0.4/measurements.csv
内服0.4s,内服,实测,441,7.350000,85.895200,C:\Users\金阳\Documents\我的POPO\新0.3_0.4.zip -> 新0.4/measurements.csv
内服0.4s,内服,实测,442,7.366667,85.895200,C:\Users\金阳\Documents\我的POPO\新0.3_0.4.zip -> 新0.4/measurements.csv
内服0.4s,内服,实测,443,7.383333,85.895200,C:\Users\金阳\Documents\我的POPO\新0.3_0.4.zip -> 新0.4/measurements.csv
内服0.4s,内服,实测,444,7.400000,86.536200,C:\Users\金阳\Documents\我的POPO\新0.3_0.4.zip -> 新0.4/measurements.csv
内服0.4s,内服,实测,445,7.416667,87.173200,C:\Users\金阳\Documents\我的POPO\新0.3_0.4.zip -> 新0.4/measurements.csv
内服0.4s,内服,实测,446,7.433333,87.173200,C:\Users\金阳\Documents\我的POPO\新0.3_0.4.zip -> 新0.4/measurements.csv
内服0.4s,内服,实测,447,7.450000,87.173200,C:\Users\金阳\Documents\我的POPO\新0.3_0.4.zip -> 新0.4/measurements.csv
内服0.4s,内服,实测,448,7.466667,87.805200,C:\Users\金阳\Documents\我的POPO\新0.3_0.4.zip -> 新0.4/measurements.csv
内服0.4s,内服,实测,449,7.483333,88.433200,C:\Users\金阳\Documents\我的POPO\新0.3_0.4.zip -> 新0.4/measurements.csv
内服0.4s,内服,实测,450,7.500000,88.433200,C:\Users\金阳\Documents\我的POPO\新0.3_0.4.zip -> 新0.4/measurements.csv
内服0.4s,内服,实测,451,7.516667,88.433200,C:\Users\金阳\Documents\我的POPO\新0.3_0.4.zip -> 新0.4/measurements.csv
内服0.4s,内服,实测,452,7.533333,88.433200,C:\Users\金阳\Documents\我的POPO\新0.3_0.4.zip -> 新0.4/measurements.csv
内服0.4s,内服,实测,453,7.550000,89.675200,C:\Users\金阳\Documents\我的POPO\新0.3_0.4.zip -> 新0.4/measurements.csv
内服0.4s,内服,实测,454,7.566667,89.675200,C:\Users\金阳\Documents\我的POPO\新0.3_0.4.zip -> 新0.4/measurements.csv
内服0.4s,内服,实测,455,7.583333,89.675200,C:\Users\金阳\Documents\我的POPO\新0.3_0.4.zip -> 新0.4/measurements.csv
内服0.4s,内服,实测,456,7.600000,89.675200,C:\Users\金阳\Documents\我的POPO\新0.3_0.4.zip -> 新0.4/measurements.csv
内服0.4s,内服,实测,457,7.616667,90.900200,C:\Users\金阳\Documents\我的POPO\新0.3_0.4.zip -> 新0.4/measurements.csv
内服0.4s,内服,实测,458,7.633333,90.900200,C:\Users\金阳\Documents\我的POPO\新0.3_0.4.zip -> 新0.4/measurements.csv
内服0.4s,内服,实测,459,7.650000,90.900200,C:\Users\金阳\Documents\我的POPO\新0.3_0.4.zip -> 新0.4/measurements.csv
内服0.4s,内服,实测,460,7.666667,91.505200,C:\Users\金阳\Documents\我的POPO\新0.3_0.4.zip -> 新0.4/measurements.csv
内服0.4s,内服,实测,461,7.683333,91.505200,C:\Users\金阳\Documents\我的POPO\新0.3_0.4.zip -> 新0.4/measurements.csv
内服0.4s,内服,实测,462,7.700000,92.703200,C:\Users\金阳\Documents\我的POPO\新0.3_0.4.zip -> 新0.4/measurements.csv
内服0.4s,内服,实测,463,7.716667,92.703200,C:\Users\金阳\Documents\我的POPO\新0.3_0.4.zip -> 新0.4/measurements.csv
内服0.4s,内服,实测,464,7.733333,92.703200,C:\Users\金阳\Documents\我的POPO\新0.3_0.4.zip -> 新0.4/measurements.csv
内服0.4s,内服,实测,465,7.750000,92.703200,C:\Users\金阳\Documents\我的POPO\新0.3_0.4.zip -> 新0.4/measurements.csv
内服0.4s,内服,实测,466,7.766667,93.295200,C:\Users\金阳\Documents\我的POPO\新0.3_0.4.zip -> 新0.4/measurements.csv
内服0.4s,内服,实测,467,7.783333,93.883200,C:\Users\金阳\Documents\我的POPO\新0.3_0.4.zip -> 新0.4/measurements.csv
内服0.4s,内服,实测,468,7.800000,93.883200,C:\Users\金阳\Documents\我的POPO\新0.3_0.4.zip -> 新0.4/measurements.csv
内服0.4s,内服,实测,469,7.816667,93.883200,C:\Users\金阳\Documents\我的POPO\新0.3_0.4.zip -> 新0.4/measurements.csv
内服0.4s,内服,实测,470,7.833333,94.466200,C:\Users\金阳\Documents\我的POPO\新0.3_0.4.zip -> 新0.4/measurements.csv
内服0.4s,内服,实测,471,7.850000,95.045200,C:\Users\金阳\Documents\我的POPO\新0.3_0.4.zip -> 新0.4/measurements.csv
内服0.4s,内服,实测,472,7.866667,95.620200,C:\Users\金阳\Documents\我的POPO\新0.3_0.4.zip -> 新0.4/measurements.csv
内服0.4s,内服,实测,473,7.883333,95.620200,C:\Users\金阳\Documents\我的POPO\新0.3_0.4.zip -> 新0.4/measurements.csv
内服0.4s,内服,实测,474,7.900000,95.620200,C:\Users\金阳\Documents\我的POPO\新0.3_0.4.zip -> 新0.4/measurements.csv
内服0.4s,内服,实测,475,7.916667,96.190200,C:\Users\金阳\Documents\我的POPO\新0.3_0.4.zip -> 新0.4/measurements.csv
内服0.4s,内服,实测,476,7.933333,96.190200,C:\Users\金阳\Documents\我的POPO\新0.3_0.4.zip -> 新0.4/measurements.csv
内服0.4s,内服,实测,477,7.950000,96.755200,C:\Users\金阳\Documents\我的POPO\新0.3_0.4.zip -> 新0.4/measurements.csv
内服0.4s,内服,实测,478,7.966667,96.755200,C:\Users\金阳\Documents\我的POPO\新0.3_0.4.zip -> 新0.4/measurements.csv
内服0.4s,内服,实测,479,7.983333,96.755200,C:\Users\金阳\Documents\我的POPO\新0.3_0.4.zip -> 新0.4/measurements.csv
内服0.4s,内服,实测,480,8.000000,97.316200,C:\Users\金阳\Documents\我的POPO\新0.3_0.4.zip -> 新0.4/measurements.csv
内服0.4s,内服,实测,481,8.016667,97.873200,C:\Users\金阳\Documents\我的POPO\新0.3_0.4.zip -> 新0.4/measurements.csv
内服0.4s,内服,实测,482,8.033333,97.873200,C:\Users\金阳\Documents\我的POPO\新0.3_0.4.zip -> 新0.4/measurements.csv
内服0.4s,内服,实测,483,8.050000,97.873200,C:\Users\金阳\Documents\我的POPO\新0.3_0.4.zip -> 新0.4/measurements.csv
内服0.4s,内服,实测,484,8.066667,97.873200,C:\Users\金阳\Documents\我的POPO\新0.3_0.4.zip -> 新0.4/measurements.csv
内服0.4s,内服,实测,485,8.083333,98.968200,C:\Users\金阳\Documents\我的POPO\新0.3_0.4.zip -> 新0.4/measurements.csv
内服0.4s,内服,实测,486,8.100000,99.468200,C:\Users\金阳\Documents\我的POPO\新0.3_0.4.zip -> 新0.4/measurements.csv
内服0.4s,内服,实测,487,8.116667,99.468200,C:\Users\金阳\Documents\我的POPO\新0.3_0.4.zip -> 新0.4/measurements.csv
内服0.4s,内服,实测,488,8.133333,99.468200,C:\Users\金阳\Documents\我的POPO\新0.3_0.4.zip -> 新0.4/measurements.csv
内服0.4s,内服,实测,489,8.150000,99.928200,C:\Users\金阳\Documents\我的POPO\新0.3_0.4.zip -> 新0.4/measurements.csv
内服0.4s,内服,实测,490,8.166667,100.388200,C:\Users\金阳\Documents\我的POPO\新0.3_0.4.zip -> 新0.4/measurements.csv
内服0.4s,内服,实测,491,8.183333,100.388200,C:\Users\金阳\Documents\我的POPO\新0.3_0.4.zip -> 新0.4/measurements.csv
内服0.4s,内服,实测,492,8.200000,100.838200,C:\Users\金阳\Documents\我的POPO\新0.3_0.4.zip -> 新0.4/measurements.csv
内服0.4s,内服,实测,493,8.216667,100.838200,C:\Users\金阳\Documents\我的POPO\新0.3_0.4.zip -> 新0.4/measurements.csv
内服0.4s,内服,实测,494,8.233333,100.838200,C:\Users\金阳\Documents\我的POPO\新0.3_0.4.zip -> 新0.4/measurements.csv
内服0.4s,内服,实测,495,8.250000,101.278200,C:\Users\金阳\Documents\我的POPO\新0.3_0.4.zip -> 新0.4/measurements.csv
内服0.4s,内服,实测,496,8.266667,101.718200,C:\Users\金阳\Documents\我的POPO\新0.3_0.4.zip -> 新0.4/measurements.csv
内服0.4s,内服,实测,497,8.283333,101.718200,C:\Users\金阳\Documents\我的POPO\新0.3_0.4.zip -> 新0.4/measurements.csv
内服0.4s,内服,实测,498,8.300000,101.718200,C:\Users\金阳\Documents\我的POPO\新0.3_0.4.zip -> 新0.4/measurements.csv
内服0.4s,内服,实测,499,8.316667,101.718200,C:\Users\金阳\Documents\我的POPO\新0.3_0.4.zip -> 新0.4/measurements.csv
内服0.4s,内服,实测,500,8.333333,102.588200,C:\Users\金阳\Documents\我的POPO\新0.3_0.4.zip -> 新0.4/measurements.csv
内服0.4s,内服,实测,501,8.350000,102.588200,C:\Users\金阳\Documents\我的POPO\新0.3_0.4.zip -> 新0.4/measurements.csv
内服0.4s,内服,实测,502,8.366667,103.018200,C:\Users\金阳\Documents\我的POPO\新0.3_0.4.zip -> 新0.4/measurements.csv
内服0.4s,内服,实测,503,8.383333,103.018200,C:\Users\金阳\Documents\我的POPO\新0.3_0.4.zip -> 新0.4/measurements.csv
内服0.4s,内服,实测,504,8.400000,103.018200,C:\Users\金阳\Documents\我的POPO\新0.3_0.4.zip -> 新0.4/measurements.csv
内服0.4s,内服,实测,505,8.416667,103.438200,C:\Users\金阳\Documents\我的POPO\新0.3_0.4.zip -> 新0.4/measurements.csv
内服0.4s,内服,实测,506,8.433333,103.438200,C:\Users\金阳\Documents\我的POPO\新0.3_0.4.zip -> 新0.4/measurements.csv
内服0.4s,内服,实测,507,8.450000,103.858200,C:\Users\金阳\Documents\我的POPO\新0.3_0.4.zip -> 新0.4/measurements.csv
内服0.4s,内服,实测,508,8.466667,103.858200,C:\Users\金阳\Documents\我的POPO\新0.3_0.4.zip -> 新0.4/measurements.csv
内服0.4s,内服,实测,509,8.483333,104.278200,C:\Users\金阳\Documents\我的POPO\新0.3_0.4.zip -> 新0.4/measurements.csv
内服0.4s,内服,实测,510,8.500000,104.688200,C:\Users\金阳\Documents\我的POPO\新0.3_0.4.zip -> 新0.4/measurements.csv
内服0.4s,内服,实测,511,8.516667,104.688200,C:\Users\金阳\Documents\我的POPO\新0.3_0.4.zip -> 新0.4/measurements.csv
内服0.4s,内服,实测,512,8.533333,105.088200,C:\Users\金阳\Documents\我的POPO\新0.3_0.4.zip -> 新0.4/measurements.csv
内服0.4s,内服,实测,513,8.550000,105.088200,C:\Users\金阳\Documents\我的POPO\新0.3_0.4.zip -> 新0.4/measurements.csv
内服0.4s,内服,实测,514,8.566667,105.088200,C:\Users\金阳\Documents\我的POPO\新0.3_0.4.zip -> 新0.4/measurements.csv
内服0.4s,内服,实测,515,8.583333,105.488200,C:\Users\金阳\Documents\我的POPO\新0.3_0.4.zip -> 新0.4/measurements.csv
内服0.4s,内服,实测,516,8.600000,105.888200,C:\Users\金阳\Documents\我的POPO\新0.3_0.4.zip -> 新0.4/measurements.csv
内服0.4s,内服,实测,517,8.616667,105.888200,C:\Users\金阳\Documents\我的POPO\新0.3_0.4.zip -> 新0.4/measurements.csv
内服0.4s,内服,实测,518,8.633333,105.888200,C:\Users\金阳\Documents\我的POPO\新0.3_0.4.zip -> 新0.4/measurements.csv
内服0.4s,内服,实测,519,8.650000,106.278200,C:\Users\金阳\Documents\我的POPO\新0.3_0.4.zip -> 新0.4/measurements.csv
内服0.4s,内服,实测,520,8.666667,106.668200,C:\Users\金阳\Documents\我的POPO\新0.3_0.4.zip -> 新0.4/measurements.csv
内服0.4s,内服,实测,521,8.683333,106.668200,C:\Users\金阳\Documents\我的POPO\新0.3_0.4.zip -> 新0.4/measurements.csv
内服0.4s,内服,实测,522,8.700000,107.048200,C:\Users\金阳\Documents\我的POPO\新0.3_0.4.zip -> 新0.4/measurements.csv
内服0.4s,内服,实测,523,8.716667,107.048200,C:\Users\金阳\Documents\我的POPO\新0.3_0.4.zip -> 新0.4/measurements.csv
内服0.4s,内服,实测,524,8.733333,107.048200,C:\Users\金阳\Documents\我的POPO\新0.3_0.4.zip -> 新0.4/measurements.csv
内服0.4s,内服,实测,525,8.750000,107.428200,C:\Users\金阳\Documents\我的POPO\新0.3_0.4.zip -> 新0.4/measurements.csv
内服0.4s,内服,实测,526,8.766667,107.808200,C:\Users\金阳\Documents\我的POPO\新0.3_0.4.zip -> 新0.4/measurements.csv
内服0.4s,内服,实测,527,8.783333,107.808200,C:\Users\金阳\Documents\我的POPO\新0.3_0.4.zip -> 新0.4/measurements.csv
内服0.4s,内服,实测,528,8.800000,107.808200,C:\Users\金阳\Documents\我的POPO\新0.3_0.4.zip -> 新0.4/measurements.csv
内服0.4s,内服,实测,529,8.816667,108.178200,C:\Users\金阳\Documents\我的POPO\新0.3_0.4.zip -> 新0.4/measurements.csv
内服0.4s,内服,实测,530,8.833333,108.538200,C:\Users\金阳\Documents\我的POPO\新0.3_0.4.zip -> 新0.4/measurements.csv
内服0.4s,内服,实测,531,8.850000,108.538200,C:\Users\金阳\Documents\我的POPO\新0.3_0.4.zip -> 新0.4/measurements.csv
内服0.4s,内服,实测,532,8.866667,108.898200,C:\Users\金阳\Documents\我的POPO\新0.3_0.4.zip -> 新0.4/measurements.csv
内服0.4s,内服,实测,533,8.883333,108.898200,C:\Users\金阳\Documents\我的POPO\新0.3_0.4.zip -> 新0.4/measurements.csv
内服0.4s,内服,实测,534,8.900000,108.898200,C:\Users\金阳\Documents\我的POPO\新0.3_0.4.zip -> 新0.4/measurements.csv
内服0.4s,内服,实测,535,8.916667,109.258200,C:\Users\金阳\Documents\我的POPO\新0.3_0.4.zip -> 新0.4/measurements.csv
内服0.4s,内服,实测,536,8.933333,109.568200,C:\Users\金阳\Documents\我的POPO\新0.3_0.4.zip -> 新0.4/measurements.csv
内服0.4s,内服,实测,537,8.950000,109.568200,C:\Users\金阳\Documents\我的POPO\新0.3_0.4.zip -> 新0.4/measurements.csv
内服0.4s,内服,实测,538,8.966667,109.568200,C:\Users\金阳\Documents\我的POPO\新0.3_0.4.zip -> 新0.4/measurements.csv
内服0.4s,内服,实测,539,8.983333,109.838200,C:\Users\金阳\Documents\我的POPO\新0.3_0.4.zip -> 新0.4/measurements.csv
内服0.4s,内服,实测,540,9.000000,110.108200,C:\Users\金阳\Documents\我的POPO\新0.3_0.4.zip -> 新0.4/measurements.csv
内服0.4s,内服,外推,0,9.000000,110.108200,C:\Users\金阳\Documents\我的POPO\新0.3_0.4.zip -> 新0.4/measurements.csv
内服0.4s,内服,外推,1,9.250000,112.108200,C:\Users\金阳\Documents\我的POPO\新0.3_0.4.zip -> 新0.4/measurements.csv
内服0.4s,内服,外推,2,9.500000,114.108200,C:\Users\金阳\Documents\我的POPO\新0.3_0.4.zip -> 新0.4/measurements.csv
内服0.4s,内服,外推,3,9.750000,116.108200,C:\Users\金阳\Documents\我的POPO\新0.3_0.4.zip -> 新0.4/measurements.csv
内服0.4s,内服,外推,4,10.000000,118.108200,C:\Users\金阳\Documents\我的POPO\新0.3_0.4.zip -> 新0.4/measurements.csv
内服0.4s,内服,外推,5,10.250000,120.108200,C:\Users\金阳\Documents\我的POPO\新0.3_0.4.zip -> 新0.4/measurements.csv
内服0.4s,内服,外推,6,10.500000,122.108200,C:\Users\金阳\Documents\我的POPO\新0.3_0.4.zip -> 新0.4/measurements.csv
内服0.4s,内服,外推,7,10.750000,124.108200,C:\Users\金阳\Documents\我的POPO\新0.3_0.4.zip -> 新0.4/measurements.csv
内服0.4s,内服,外推,8,11.000000,126.108200,C:\Users\金阳\Documents\我的POPO\新0.3_0.4.zip -> 新0.4/measurements.csv
内服0.4s,内服,外推,9,11.250000,128.108200,C:\Users\金阳\Documents\我的POPO\新0.3_0.4.zip -> 新0.4/measurements.csv
内服0.4s,内服,外推,10,11.500000,130.108200,C:\Users\金阳\Documents\我的POPO\新0.3_0.4.zip -> 新0.4/measurements.csv
内服0.4s,内服,外推,11,11.750000,132.108200,C:\Users\金阳\Documents\我的POPO\新0.3_0.4.zip -> 新0.4/measurements.csv
内服0.4s,内服,外推,12,12.000000,134.108200,C:\Users\金阳\Documents\我的POPO\新0.3_0.4.zip -> 新0.4/measurements.csv
内服0.4s,内服,外推,13,12.250000,136.108200,C:\Users\金阳\Documents\我的POPO\新0.3_0.4.zip -> 新0.4/measurements.csv
内服0.4s,内服,外推,14,12.500000,138.108200,C:\Users\金阳\Documents\我的POPO\新0.3_0.4.zip -> 新0.4/measurements.csv
内服0.4s,内服,外推,15,12.750000,140.108200,C:\Users\金阳\Documents\我的POPO\新0.3_0.4.zip -> 新0.4/measurements.csv
内服0.4s,内服,外推,16,13.000000,142.108200,C:\Users\金阳\Documents\我的POPO\新0.3_0.4.zip -> 新0.4/measurements.csv
内服0.4s,内服,外推,17,13.250000,144.108200,C:\Users\金阳\Documents\我的POPO\新0.3_0.4.zip -> 新0.4/measurements.csv
内服0.4s,内服,外推,18,13.500000,146.108200,C:\Users\金阳\Documents\我的POPO\新0.3_0.4.zip -> 新0.4/measurements.csv
内服0.4s,内服,外推,19,13.750000,148.108200,C:\Users\金阳\Documents\我的POPO\新0.3_0.4.zip -> 新0.4/measurements.csv
内服0.4s,内服,外推,20,14.000000,150.108200,C:\Users\金阳\Documents\我的POPO\新0.3_0.4.zip -> 新0.4/measurements.csv
内服0.4s,内服,外推,21,14.250000,152.108200,C:\Users\金阳\Documents\我的POPO\新0.3_0.4.zip -> 新0.4/measurements.csv
内服0.4s,内服,外推,22,14.500000,154.108200,C:\Users\金阳\Documents\我的POPO\新0.3_0.4.zip -> 新0.4/measurements.csv
内服0.4s,内服,外推,23,14.750000,156.108200,C:\Users\金阳\Documents\我的POPO\新0.3_0.4.zip -> 新0.4/measurements.csv
内服0.4s,内服,外推,24,15.000000,158.108200,C:\Users\金阳\Documents\我的POPO\新0.3_0.4.zip -> 新0.4/measurements.csv
内服0.5s,内服,实测,0,0.000000,0.000000,D:\Codex\video-editing\new_0_5_speed_distance\outputs\019f8e88-3e4a-7ef0-91b1-ae50a871ef5a\新0.5.xlsx -> 数据
内服0.5s,内服,实测,1,0.016667,0.000000,D:\Codex\video-editing\new_0_5_speed_distance\outputs\019f8e88-3e4a-7ef0-91b1-ae50a871ef5a\新0.5.xlsx -> 数据
内服0.5s,内服,实测,2,0.033333,0.000000,D:\Codex\video-editing\new_0_5_speed_distance\outputs\019f8e88-3e4a-7ef0-91b1-ae50a871ef5a\新0.5.xlsx -> 数据
内服0.5s,内服,实测,3,0.050000,0.000000,D:\Codex\video-editing\new_0_5_speed_distance\outputs\019f8e88-3e4a-7ef0-91b1-ae50a871ef5a\新0.5.xlsx -> 数据
内服0.5s,内服,实测,4,0.066667,0.000000,D:\Codex\video-editing\new_0_5_speed_distance\outputs\019f8e88-3e4a-7ef0-91b1-ae50a871ef5a\新0.5.xlsx -> 数据
内服0.5s,内服,实测,5,0.083333,0.000000,D:\Codex\video-editing\new_0_5_speed_distance\outputs\019f8e88-3e4a-7ef0-91b1-ae50a871ef5a\新0.5.xlsx -> 数据
内服0.5s,内服,实测,6,0.100000,0.000000,D:\Codex\video-editing\new_0_5_speed_distance\outputs\019f8e88-3e4a-7ef0-91b1-ae50a871ef5a\新0.5.xlsx -> 数据
内服0.5s,内服,实测,7,0.116667,0.000000,D:\Codex\video-editing\new_0_5_speed_distance\outputs\019f8e88-3e4a-7ef0-91b1-ae50a871ef5a\新0.5.xlsx -> 数据
内服0.5s,内服,实测,8,0.133333,0.000000,D:\Codex\video-editing\new_0_5_speed_distance\outputs\019f8e88-3e4a-7ef0-91b1-ae50a871ef5a\新0.5.xlsx -> 数据
内服0.5s,内服,实测,9,0.150000,0.000000,D:\Codex\video-editing\new_0_5_speed_distance\outputs\019f8e88-3e4a-7ef0-91b1-ae50a871ef5a\新0.5.xlsx -> 数据
内服0.5s,内服,实测,10,0.166667,0.000000,D:\Codex\video-editing\new_0_5_speed_distance\outputs\019f8e88-3e4a-7ef0-91b1-ae50a871ef5a\新0.5.xlsx -> 数据
内服0.5s,内服,实测,11,0.183333,0.000000,D:\Codex\video-editing\new_0_5_speed_distance\outputs\019f8e88-3e4a-7ef0-91b1-ae50a871ef5a\新0.5.xlsx -> 数据
内服0.5s,内服,实测,12,0.200000,0.000000,D:\Codex\video-editing\new_0_5_speed_distance\outputs\019f8e88-3e4a-7ef0-91b1-ae50a871ef5a\新0.5.xlsx -> 数据
内服0.5s,内服,实测,13,0.216667,0.000000,D:\Codex\video-editing\new_0_5_speed_distance\outputs\019f8e88-3e4a-7ef0-91b1-ae50a871ef5a\新0.5.xlsx -> 数据
内服0.5s,内服,实测,14,0.233333,0.000000,D:\Codex\video-editing\new_0_5_speed_distance\outputs\019f8e88-3e4a-7ef0-91b1-ae50a871ef5a\新0.5.xlsx -> 数据
内服0.5s,内服,实测,15,0.250000,0.000000,D:\Codex\video-editing\new_0_5_speed_distance\outputs\019f8e88-3e4a-7ef0-91b1-ae50a871ef5a\新0.5.xlsx -> 数据
内服0.5s,内服,实测,16,0.266667,0.000000,D:\Codex\video-editing\new_0_5_speed_distance\outputs\019f8e88-3e4a-7ef0-91b1-ae50a871ef5a\新0.5.xlsx -> 数据
内服0.5s,内服,实测,17,0.283333,0.000000,D:\Codex\video-editing\new_0_5_speed_distance\outputs\019f8e88-3e4a-7ef0-91b1-ae50a871ef5a\新0.5.xlsx -> 数据
内服0.5s,内服,实测,18,0.300000,0.000000,D:\Codex\video-editing\new_0_5_speed_distance\outputs\019f8e88-3e4a-7ef0-91b1-ae50a871ef5a\新0.5.xlsx -> 数据
内服0.5s,内服,实测,19,0.316667,0.000000,D:\Codex\video-editing\new_0_5_speed_distance\outputs\019f8e88-3e4a-7ef0-91b1-ae50a871ef5a\新0.5.xlsx -> 数据
内服0.5s,内服,实测,20,0.333333,0.000000,D:\Codex\video-editing\new_0_5_speed_distance\outputs\019f8e88-3e4a-7ef0-91b1-ae50a871ef5a\新0.5.xlsx -> 数据
内服0.5s,内服,实测,21,0.350000,0.000000,D:\Codex\video-editing\new_0_5_speed_distance\outputs\019f8e88-3e4a-7ef0-91b1-ae50a871ef5a\新0.5.xlsx -> 数据
内服0.5s,内服,实测,22,0.366667,0.000000,D:\Codex\video-editing\new_0_5_speed_distance\outputs\019f8e88-3e4a-7ef0-91b1-ae50a871ef5a\新0.5.xlsx -> 数据
内服0.5s,内服,实测,23,0.383333,0.000000,D:\Codex\video-editing\new_0_5_speed_distance\outputs\019f8e88-3e4a-7ef0-91b1-ae50a871ef5a\新0.5.xlsx -> 数据
内服0.5s,内服,实测,24,0.400000,0.000000,D:\Codex\video-editing\new_0_5_speed_distance\outputs\019f8e88-3e4a-7ef0-91b1-ae50a871ef5a\新0.5.xlsx -> 数据
内服0.5s,内服,实测,25,0.416667,0.000000,D:\Codex\video-editing\new_0_5_speed_distance\outputs\019f8e88-3e4a-7ef0-91b1-ae50a871ef5a\新0.5.xlsx -> 数据
内服0.5s,内服,实测,26,0.433333,0.000000,D:\Codex\video-editing\new_0_5_speed_distance\outputs\019f8e88-3e4a-7ef0-91b1-ae50a871ef5a\新0.5.xlsx -> 数据
内服0.5s,内服,实测,27,0.450000,0.124600,D:\Codex\video-editing\new_0_5_speed_distance\outputs\019f8e88-3e4a-7ef0-91b1-ae50a871ef5a\新0.5.xlsx -> 数据
内服0.5s,内服,实测,28,0.466667,0.124600,D:\Codex\video-editing\new_0_5_speed_distance\outputs\019f8e88-3e4a-7ef0-91b1-ae50a871ef5a\新0.5.xlsx -> 数据
内服0.5s,内服,实测,29,0.483333,0.124600,D:\Codex\video-editing\new_0_5_speed_distance\outputs\019f8e88-3e4a-7ef0-91b1-ae50a871ef5a\新0.5.xlsx -> 数据
内服0.5s,内服,实测,30,0.500000,0.124600,D:\Codex\video-editing\new_0_5_speed_distance\outputs\019f8e88-3e4a-7ef0-91b1-ae50a871ef5a\新0.5.xlsx -> 数据
内服0.5s,内服,实测,31,0.516667,0.657700,D:\Codex\video-editing\new_0_5_speed_distance\outputs\019f8e88-3e4a-7ef0-91b1-ae50a871ef5a\新0.5.xlsx -> 数据
内服0.5s,内服,实测,32,0.533333,0.657700,D:\Codex\video-editing\new_0_5_speed_distance\outputs\019f8e88-3e4a-7ef0-91b1-ae50a871ef5a\新0.5.xlsx -> 数据
内服0.5s,内服,实测,33,0.550000,0.657700,D:\Codex\video-editing\new_0_5_speed_distance\outputs\019f8e88-3e4a-7ef0-91b1-ae50a871ef5a\新0.5.xlsx -> 数据
内服0.5s,内服,实测,34,0.566667,0.924300,D:\Codex\video-editing\new_0_5_speed_distance\outputs\019f8e88-3e4a-7ef0-91b1-ae50a871ef5a\新0.5.xlsx -> 数据
内服0.5s,内服,实测,35,0.583333,1.191000,D:\Codex\video-editing\new_0_5_speed_distance\outputs\019f8e88-3e4a-7ef0-91b1-ae50a871ef5a\新0.5.xlsx -> 数据
内服0.5s,内服,实测,36,0.600000,1.191000,D:\Codex\video-editing\new_0_5_speed_distance\outputs\019f8e88-3e4a-7ef0-91b1-ae50a871ef5a\新0.5.xlsx -> 数据
内服0.5s,内服,实测,37,0.616667,1.191000,D:\Codex\video-editing\new_0_5_speed_distance\outputs\019f8e88-3e4a-7ef0-91b1-ae50a871ef5a\新0.5.xlsx -> 数据
内服0.5s,内服,实测,38,0.633333,1.457600,D:\Codex\video-editing\new_0_5_speed_distance\outputs\019f8e88-3e4a-7ef0-91b1-ae50a871ef5a\新0.5.xlsx -> 数据
内服0.5s,内服,实测,39,0.650000,1.724200,D:\Codex\video-editing\new_0_5_speed_distance\outputs\019f8e88-3e4a-7ef0-91b1-ae50a871ef5a\新0.5.xlsx -> 数据
内服0.5s,内服,实测,40,0.666667,1.724200,D:\Codex\video-editing\new_0_5_speed_distance\outputs\019f8e88-3e4a-7ef0-91b1-ae50a871ef5a\新0.5.xlsx -> 数据
内服0.5s,内服,实测,41,0.683333,1.990900,D:\Codex\video-editing\new_0_5_speed_distance\outputs\019f8e88-3e4a-7ef0-91b1-ae50a871ef5a\新0.5.xlsx -> 数据
内服0.5s,内服,实测,42,0.700000,1.990900,D:\Codex\video-editing\new_0_5_speed_distance\outputs\019f8e88-3e4a-7ef0-91b1-ae50a871ef5a\新0.5.xlsx -> 数据
内服0.5s,内服,实测,43,0.716667,1.990900,D:\Codex\video-editing\new_0_5_speed_distance\outputs\019f8e88-3e4a-7ef0-91b1-ae50a871ef5a\新0.5.xlsx -> 数据
内服0.5s,内服,实测,44,0.733333,2.257500,D:\Codex\video-editing\new_0_5_speed_distance\outputs\019f8e88-3e4a-7ef0-91b1-ae50a871ef5a\新0.5.xlsx -> 数据
内服0.5s,内服,实测,45,0.750000,2.524100,D:\Codex\video-editing\new_0_5_speed_distance\outputs\019f8e88-3e4a-7ef0-91b1-ae50a871ef5a\新0.5.xlsx -> 数据
内服0.5s,内服,实测,46,0.766667,2.524100,D:\Codex\video-editing\new_0_5_speed_distance\outputs\019f8e88-3e4a-7ef0-91b1-ae50a871ef5a\新0.5.xlsx -> 数据
内服0.5s,内服,实测,47,0.783333,2.524100,D:\Codex\video-editing\new_0_5_speed_distance\outputs\019f8e88-3e4a-7ef0-91b1-ae50a871ef5a\新0.5.xlsx -> 数据
内服0.5s,内服,实测,48,0.800000,2.790800,D:\Codex\video-editing\new_0_5_speed_distance\outputs\019f8e88-3e4a-7ef0-91b1-ae50a871ef5a\新0.5.xlsx -> 数据
内服0.5s,内服,实测,49,0.816667,2.790800,D:\Codex\video-editing\new_0_5_speed_distance\outputs\019f8e88-3e4a-7ef0-91b1-ae50a871ef5a\新0.5.xlsx -> 数据
内服0.5s,内服,实测,50,0.833333,3.324100,D:\Codex\video-editing\new_0_5_speed_distance\outputs\019f8e88-3e4a-7ef0-91b1-ae50a871ef5a\新0.5.xlsx -> 数据
内服0.5s,内服,实测,51,0.850000,3.324100,D:\Codex\video-editing\new_0_5_speed_distance\outputs\019f8e88-3e4a-7ef0-91b1-ae50a871ef5a\新0.5.xlsx -> 数据
内服0.5s,内服,实测,52,0.866667,3.324100,D:\Codex\video-editing\new_0_5_speed_distance\outputs\019f8e88-3e4a-7ef0-91b1-ae50a871ef5a\新0.5.xlsx -> 数据
内服0.5s,内服,实测,53,0.883333,3.590700,D:\Codex\video-editing\new_0_5_speed_distance\outputs\019f8e88-3e4a-7ef0-91b1-ae50a871ef5a\新0.5.xlsx -> 数据
内服0.5s,内服,实测,54,0.900000,3.590700,D:\Codex\video-editing\new_0_5_speed_distance\outputs\019f8e88-3e4a-7ef0-91b1-ae50a871ef5a\新0.5.xlsx -> 数据
内服0.5s,内服,实测,55,0.916667,3.857400,D:\Codex\video-editing\new_0_5_speed_distance\outputs\019f8e88-3e4a-7ef0-91b1-ae50a871ef5a\新0.5.xlsx -> 数据
内服0.5s,内服,实测,56,0.933333,4.124000,D:\Codex\video-editing\new_0_5_speed_distance\outputs\019f8e88-3e4a-7ef0-91b1-ae50a871ef5a\新0.5.xlsx -> 数据
内服0.5s,内服,实测,57,0.950000,4.124000,D:\Codex\video-editing\new_0_5_speed_distance\outputs\019f8e88-3e4a-7ef0-91b1-ae50a871ef5a\新0.5.xlsx -> 数据
内服0.5s,内服,实测,58,0.966667,4.124000,D:\Codex\video-editing\new_0_5_speed_distance\outputs\019f8e88-3e4a-7ef0-91b1-ae50a871ef5a\新0.5.xlsx -> 数据
内服0.5s,内服,实测,59,0.983333,4.124000,D:\Codex\video-editing\new_0_5_speed_distance\outputs\019f8e88-3e4a-7ef0-91b1-ae50a871ef5a\新0.5.xlsx -> 数据
内服0.5s,内服,实测,60,1.000000,4.390700,D:\Codex\video-editing\new_0_5_speed_distance\outputs\019f8e88-3e4a-7ef0-91b1-ae50a871ef5a\新0.5.xlsx -> 数据
内服0.5s,内服,实测,61,1.016667,4.881800,D:\Codex\video-editing\new_0_5_speed_distance\outputs\019f8e88-3e4a-7ef0-91b1-ae50a871ef5a\新0.5.xlsx -> 数据
内服0.5s,内服,实测,62,1.033333,4.881800,D:\Codex\video-editing\new_0_5_speed_distance\outputs\019f8e88-3e4a-7ef0-91b1-ae50a871ef5a\新0.5.xlsx -> 数据
内服0.5s,内服,实测,63,1.050000,5.364000,D:\Codex\video-editing\new_0_5_speed_distance\outputs\019f8e88-3e4a-7ef0-91b1-ae50a871ef5a\新0.5.xlsx -> 数据
内服0.5s,内服,实测,64,1.066667,5.364000,D:\Codex\video-editing\new_0_5_speed_distance\outputs\019f8e88-3e4a-7ef0-91b1-ae50a871ef5a\新0.5.xlsx -> 数据
内服0.5s,内服,实测,65,1.083333,5.837300,D:\Codex\video-editing\new_0_5_speed_distance\outputs\019f8e88-3e4a-7ef0-91b1-ae50a871ef5a\新0.5.xlsx -> 数据
内服0.5s,内服,实测,66,1.100000,6.301800,D:\Codex\video-editing\new_0_5_speed_distance\outputs\019f8e88-3e4a-7ef0-91b1-ae50a871ef5a\新0.5.xlsx -> 数据
内服0.5s,内服,实测,67,1.116667,6.301800,D:\Codex\video-editing\new_0_5_speed_distance\outputs\019f8e88-3e4a-7ef0-91b1-ae50a871ef5a\新0.5.xlsx -> 数据
内服0.5s,内服,实测,68,1.133333,6.301800,D:\Codex\video-editing\new_0_5_speed_distance\outputs\019f8e88-3e4a-7ef0-91b1-ae50a871ef5a\新0.5.xlsx -> 数据
内服0.5s,内服,实测,69,1.150000,6.727300,D:\Codex\video-editing\new_0_5_speed_distance\outputs\019f8e88-3e4a-7ef0-91b1-ae50a871ef5a\新0.5.xlsx -> 数据
内服0.5s,内服,实测,70,1.166667,6.727300,D:\Codex\video-editing\new_0_5_speed_distance\outputs\019f8e88-3e4a-7ef0-91b1-ae50a871ef5a\新0.5.xlsx -> 数据
内服0.5s,内服,实测,71,1.183333,7.114010,D:\Codex\video-editing\new_0_5_speed_distance\outputs\019f8e88-3e4a-7ef0-91b1-ae50a871ef5a\新0.5.xlsx -> 数据
内服0.5s,内服,实测,72,1.200000,7.114010,D:\Codex\video-editing\new_0_5_speed_distance\outputs\019f8e88-3e4a-7ef0-91b1-ae50a871ef5a\新0.5.xlsx -> 数据
内服0.5s,内服,实测,73,1.216667,7.114010,D:\Codex\video-editing\new_0_5_speed_distance\outputs\019f8e88-3e4a-7ef0-91b1-ae50a871ef5a\新0.5.xlsx -> 数据
内服0.5s,内服,实测,74,1.233333,7.461700,D:\Codex\video-editing\new_0_5_speed_distance\outputs\019f8e88-3e4a-7ef0-91b1-ae50a871ef5a\新0.5.xlsx -> 数据
内服0.5s,内服,实测,75,1.250000,7.770600,D:\Codex\video-editing\new_0_5_speed_distance\outputs\019f8e88-3e4a-7ef0-91b1-ae50a871ef5a\新0.5.xlsx -> 数据
内服0.5s,内服,实测,76,1.266667,9.211200,D:\Codex\video-editing\new_0_5_speed_distance\outputs\019f8e88-3e4a-7ef0-91b1-ae50a871ef5a\新0.5.xlsx -> 数据
内服0.5s,内服,实测,77,1.283333,9.211200,D:\Codex\video-editing\new_0_5_speed_distance\outputs\019f8e88-3e4a-7ef0-91b1-ae50a871ef5a\新0.5.xlsx -> 数据
内服0.5s,内服,实测,78,1.300000,9.211200,D:\Codex\video-editing\new_0_5_speed_distance\outputs\019f8e88-3e4a-7ef0-91b1-ae50a871ef5a\新0.5.xlsx -> 数据
内服0.5s,内服,实测,79,1.316667,9.258200,D:\Codex\video-editing\new_0_5_speed_distance\outputs\019f8e88-3e4a-7ef0-91b1-ae50a871ef5a\新0.5.xlsx -> 数据
内服0.5s,内服,实测,80,1.333333,9.281200,D:\Codex\video-editing\new_0_5_speed_distance\outputs\019f8e88-3e4a-7ef0-91b1-ae50a871ef5a\新0.5.xlsx -> 数据
内服0.5s,内服,实测,81,1.350000,9.281200,D:\Codex\video-editing\new_0_5_speed_distance\outputs\019f8e88-3e4a-7ef0-91b1-ae50a871ef5a\新0.5.xlsx -> 数据
内服0.5s,内服,实测,82,1.366667,9.281200,D:\Codex\video-editing\new_0_5_speed_distance\outputs\019f8e88-3e4a-7ef0-91b1-ae50a871ef5a\新0.5.xlsx -> 数据
内服0.5s,内服,实测,83,1.383333,9.281200,D:\Codex\video-editing\new_0_5_speed_distance\outputs\019f8e88-3e4a-7ef0-91b1-ae50a871ef5a\新0.5.xlsx -> 数据
内服0.5s,内服,实测,84,1.400000,9.282200,D:\Codex\video-editing\new_0_5_speed_distance\outputs\019f8e88-3e4a-7ef0-91b1-ae50a871ef5a\新0.5.xlsx -> 数据
内服0.5s,内服,实测,85,1.416667,9.282200,D:\Codex\video-editing\new_0_5_speed_distance\outputs\019f8e88-3e4a-7ef0-91b1-ae50a871ef5a\新0.5.xlsx -> 数据
内服0.5s,内服,实测,86,1.433333,9.270200,D:\Codex\video-editing\new_0_5_speed_distance\outputs\019f8e88-3e4a-7ef0-91b1-ae50a871ef5a\新0.5.xlsx -> 数据
内服0.5s,内服,实测,87,1.450000,9.270200,D:\Codex\video-editing\new_0_5_speed_distance\outputs\019f8e88-3e4a-7ef0-91b1-ae50a871ef5a\新0.5.xlsx -> 数据
内服0.5s,内服,实测,88,1.466667,9.270200,D:\Codex\video-editing\new_0_5_speed_distance\outputs\019f8e88-3e4a-7ef0-91b1-ae50a871ef5a\新0.5.xlsx -> 数据
内服0.5s,内服,实测,89,1.483333,9.267300,D:\Codex\video-editing\new_0_5_speed_distance\outputs\019f8e88-3e4a-7ef0-91b1-ae50a871ef5a\新0.5.xlsx -> 数据
内服0.5s,内服,实测,90,1.500000,9.267300,D:\Codex\video-editing\new_0_5_speed_distance\outputs\019f8e88-3e4a-7ef0-91b1-ae50a871ef5a\新0.5.xlsx -> 数据
内服0.5s,内服,实测,91,1.516667,9.267300,D:\Codex\video-editing\new_0_5_speed_distance\outputs\019f8e88-3e4a-7ef0-91b1-ae50a871ef5a\新0.5.xlsx -> 数据
内服0.5s,内服,实测,92,1.533333,9.266200,D:\Codex\video-editing\new_0_5_speed_distance\outputs\019f8e88-3e4a-7ef0-91b1-ae50a871ef5a\新0.5.xlsx -> 数据
内服0.5s,内服,实测,93,1.550000,9.315200,D:\Codex\video-editing\new_0_5_speed_distance\outputs\019f8e88-3e4a-7ef0-91b1-ae50a871ef5a\新0.5.xlsx -> 数据
内服0.5s,内服,实测,94,1.566667,9.429200,D:\Codex\video-editing\new_0_5_speed_distance\outputs\019f8e88-3e4a-7ef0-91b1-ae50a871ef5a\新0.5.xlsx -> 数据
内服0.5s,内服,实测,95,1.583333,9.429200,D:\Codex\video-editing\new_0_5_speed_distance\outputs\019f8e88-3e4a-7ef0-91b1-ae50a871ef5a\新0.5.xlsx -> 数据
内服0.5s,内服,实测,96,1.600000,9.429200,D:\Codex\video-editing\new_0_5_speed_distance\outputs\019f8e88-3e4a-7ef0-91b1-ae50a871ef5a\新0.5.xlsx -> 数据
内服0.5s,内服,实测,97,1.616667,9.429200,D:\Codex\video-editing\new_0_5_speed_distance\outputs\019f8e88-3e4a-7ef0-91b1-ae50a871ef5a\新0.5.xlsx -> 数据
内服0.5s,内服,实测,98,1.633333,9.429200,D:\Codex\video-editing\new_0_5_speed_distance\outputs\019f8e88-3e4a-7ef0-91b1-ae50a871ef5a\新0.5.xlsx -> 数据
内服0.5s,内服,实测,99,1.650000,9.739200,D:\Codex\video-editing\new_0_5_speed_distance\outputs\019f8e88-3e4a-7ef0-91b1-ae50a871ef5a\新0.5.xlsx -> 数据
内服0.5s,内服,实测,100,1.666667,9.739200,D:\Codex\video-editing\new_0_5_speed_distance\outputs\019f8e88-3e4a-7ef0-91b1-ae50a871ef5a\新0.5.xlsx -> 数据
内服0.5s,内服,实测,101,1.683333,9.935200,D:\Codex\video-editing\new_0_5_speed_distance\outputs\019f8e88-3e4a-7ef0-91b1-ae50a871ef5a\新0.5.xlsx -> 数据
内服0.5s,内服,实测,102,1.700000,10.149200,D:\Codex\video-editing\new_0_5_speed_distance\outputs\019f8e88-3e4a-7ef0-91b1-ae50a871ef5a\新0.5.xlsx -> 数据
内服0.5s,内服,实测,103,1.716667,10.149200,D:\Codex\video-editing\new_0_5_speed_distance\outputs\019f8e88-3e4a-7ef0-91b1-ae50a871ef5a\新0.5.xlsx -> 数据
内服0.5s,内服,实测,104,1.733333,10.149200,D:\Codex\video-editing\new_0_5_speed_distance\outputs\019f8e88-3e4a-7ef0-91b1-ae50a871ef5a\新0.5.xlsx -> 数据
内服0.5s,内服,实测,105,1.750000,10.377200,D:\Codex\video-editing\new_0_5_speed_distance\outputs\019f8e88-3e4a-7ef0-91b1-ae50a871ef5a\新0.5.xlsx -> 数据
内服0.5s,内服,实测,106,1.766667,10.377200,D:\Codex\video-editing\new_0_5_speed_distance\outputs\019f8e88-3e4a-7ef0-91b1-ae50a871ef5a\新0.5.xlsx -> 数据
内服0.5s,内服,实测,107,1.783333,10.655200,D:\Codex\video-editing\new_0_5_speed_distance\outputs\019f8e88-3e4a-7ef0-91b1-ae50a871ef5a\新0.5.xlsx -> 数据
内服0.5s,内服,实测,108,1.800000,11.103200,D:\Codex\video-editing\new_0_5_speed_distance\outputs\019f8e88-3e4a-7ef0-91b1-ae50a871ef5a\新0.5.xlsx -> 数据
内服0.5s,内服,实测,109,1.816667,11.103200,D:\Codex\video-editing\new_0_5_speed_distance\outputs\019f8e88-3e4a-7ef0-91b1-ae50a871ef5a\新0.5.xlsx -> 数据
内服0.5s,内服,实测,110,1.833333,11.103200,D:\Codex\video-editing\new_0_5_speed_distance\outputs\019f8e88-3e4a-7ef0-91b1-ae50a871ef5a\新0.5.xlsx -> 数据
内服0.5s,内服,实测,111,1.850000,11.547200,D:\Codex\video-editing\new_0_5_speed_distance\outputs\019f8e88-3e4a-7ef0-91b1-ae50a871ef5a\新0.5.xlsx -> 数据
内服0.5s,内服,实测,112,1.866667,11.547200,D:\Codex\video-editing\new_0_5_speed_distance\outputs\019f8e88-3e4a-7ef0-91b1-ae50a871ef5a\新0.5.xlsx -> 数据
内服0.5s,内服,实测,113,1.883333,11.985200,D:\Codex\video-editing\new_0_5_speed_distance\outputs\019f8e88-3e4a-7ef0-91b1-ae50a871ef5a\新0.5.xlsx -> 数据
内服0.5s,内服,实测,114,1.900000,11.985200,D:\Codex\video-editing\new_0_5_speed_distance\outputs\019f8e88-3e4a-7ef0-91b1-ae50a871ef5a\新0.5.xlsx -> 数据
内服0.5s,内服,实测,115,1.916667,12.420200,D:\Codex\video-editing\new_0_5_speed_distance\outputs\019f8e88-3e4a-7ef0-91b1-ae50a871ef5a\新0.5.xlsx -> 数据
内服0.5s,内服,实测,116,1.933333,12.420200,D:\Codex\video-editing\new_0_5_speed_distance\outputs\019f8e88-3e4a-7ef0-91b1-ae50a871ef5a\新0.5.xlsx -> 数据
内服0.5s,内服,实测,117,1.950000,12.850200,D:\Codex\video-editing\new_0_5_speed_distance\outputs\019f8e88-3e4a-7ef0-91b1-ae50a871ef5a\新0.5.xlsx -> 数据
内服0.5s,内服,实测,118,1.966667,13.275200,D:\Codex\video-editing\new_0_5_speed_distance\outputs\019f8e88-3e4a-7ef0-91b1-ae50a871ef5a\新0.5.xlsx -> 数据
内服0.5s,内服,实测,119,1.983333,13.275200,D:\Codex\video-editing\new_0_5_speed_distance\outputs\019f8e88-3e4a-7ef0-91b1-ae50a871ef5a\新0.5.xlsx -> 数据
内服0.5s,内服,实测,120,2.000000,13.275200,D:\Codex\video-editing\new_0_5_speed_distance\outputs\019f8e88-3e4a-7ef0-91b1-ae50a871ef5a\新0.5.xlsx -> 数据
内服0.5s,内服,实测,121,2.016667,13.697200,D:\Codex\video-editing\new_0_5_speed_distance\outputs\019f8e88-3e4a-7ef0-91b1-ae50a871ef5a\新0.5.xlsx -> 数据
内服0.5s,内服,实测,122,2.033333,14.113200,D:\Codex\video-editing\new_0_5_speed_distance\outputs\019f8e88-3e4a-7ef0-91b1-ae50a871ef5a\新0.5.xlsx -> 数据
内服0.5s,内服,实测,123,2.050000,14.113200,D:\Codex\video-editing\new_0_5_speed_distance\outputs\019f8e88-3e4a-7ef0-91b1-ae50a871ef5a\新0.5.xlsx -> 数据
内服0.5s,内服,实测,124,2.066667,14.113200,D:\Codex\video-editing\new_0_5_speed_distance\outputs\019f8e88-3e4a-7ef0-91b1-ae50a871ef5a\新0.5.xlsx -> 数据
内服0.5s,内服,实测,125,2.083333,14.525200,D:\Codex\video-editing\new_0_5_speed_distance\outputs\019f8e88-3e4a-7ef0-91b1-ae50a871ef5a\新0.5.xlsx -> 数据
内服0.5s,内服,实测,126,2.100000,14.525200,D:\Codex\video-editing\new_0_5_speed_distance\outputs\019f8e88-3e4a-7ef0-91b1-ae50a871ef5a\新0.5.xlsx -> 数据
内服0.5s,内服,实测,127,2.116667,14.933200,D:\Codex\video-editing\new_0_5_speed_distance\outputs\019f8e88-3e4a-7ef0-91b1-ae50a871ef5a\新0.5.xlsx -> 数据
内服0.5s,内服,实测,128,2.133333,14.933200,D:\Codex\video-editing\new_0_5_speed_distance\outputs\019f8e88-3e4a-7ef0-91b1-ae50a871ef5a\新0.5.xlsx -> 数据
内服0.5s,内服,实测,129,2.150000,14.933200,D:\Codex\video-editing\new_0_5_speed_distance\outputs\019f8e88-3e4a-7ef0-91b1-ae50a871ef5a\新0.5.xlsx -> 数据
内服0.5s,内服,实测,130,2.166667,15.337200,D:\Codex\video-editing\new_0_5_speed_distance\outputs\019f8e88-3e4a-7ef0-91b1-ae50a871ef5a\新0.5.xlsx -> 数据
内服0.5s,内服,实测,131,2.183333,15.735200,D:\Codex\video-editing\new_0_5_speed_distance\outputs\019f8e88-3e4a-7ef0-91b1-ae50a871ef5a\新0.5.xlsx -> 数据
内服0.5s,内服,实测,132,2.200000,16.097200,D:\Codex\video-editing\new_0_5_speed_distance\outputs\019f8e88-3e4a-7ef0-91b1-ae50a871ef5a\新0.5.xlsx -> 数据
内服0.5s,内服,实测,133,2.216667,16.097200,D:\Codex\video-editing\new_0_5_speed_distance\outputs\019f8e88-3e4a-7ef0-91b1-ae50a871ef5a\新0.5.xlsx -> 数据
内服0.5s,内服,实测,134,2.233333,16.097200,D:\Codex\video-editing\new_0_5_speed_distance\outputs\019f8e88-3e4a-7ef0-91b1-ae50a871ef5a\新0.5.xlsx -> 数据
内服0.5s,内服,实测,135,2.250000,16.453200,D:\Codex\video-editing\new_0_5_speed_distance\outputs\019f8e88-3e4a-7ef0-91b1-ae50a871ef5a\新0.5.xlsx -> 数据
内服0.5s,内服,实测,136,2.266667,16.453200,D:\Codex\video-editing\new_0_5_speed_distance\outputs\019f8e88-3e4a-7ef0-91b1-ae50a871ef5a\新0.5.xlsx -> 数据
内服0.5s,内服,实测,137,2.283333,16.805200,D:\Codex\video-editing\new_0_5_speed_distance\outputs\019f8e88-3e4a-7ef0-91b1-ae50a871ef5a\新0.5.xlsx -> 数据
内服0.5s,内服,实测,138,2.300000,16.805200,D:\Codex\video-editing\new_0_5_speed_distance\outputs\019f8e88-3e4a-7ef0-91b1-ae50a871ef5a\新0.5.xlsx -> 数据
内服0.5s,内服,实测,139,2.316667,16.805200,D:\Codex\video-editing\new_0_5_speed_distance\outputs\019f8e88-3e4a-7ef0-91b1-ae50a871ef5a\新0.5.xlsx -> 数据
内服0.5s,内服,实测,140,2.333333,17.153200,D:\Codex\video-editing\new_0_5_speed_distance\outputs\019f8e88-3e4a-7ef0-91b1-ae50a871ef5a\新0.5.xlsx -> 数据
内服0.5s,内服,实测,141,2.350000,17.497200,D:\Codex\video-editing\new_0_5_speed_distance\outputs\019f8e88-3e4a-7ef0-91b1-ae50a871ef5a\新0.5.xlsx -> 数据
内服0.5s,内服,实测,142,2.366667,17.835200,D:\Codex\video-editing\new_0_5_speed_distance\outputs\019f8e88-3e4a-7ef0-91b1-ae50a871ef5a\新0.5.xlsx -> 数据
内服0.5s,内服,实测,143,2.383333,17.835200,D:\Codex\video-editing\new_0_5_speed_distance\outputs\019f8e88-3e4a-7ef0-91b1-ae50a871ef5a\新0.5.xlsx -> 数据
内服0.5s,内服,实测,144,2.400000,17.835200,D:\Codex\video-editing\new_0_5_speed_distance\outputs\019f8e88-3e4a-7ef0-91b1-ae50a871ef5a\新0.5.xlsx -> 数据
内服0.5s,内服,实测,145,2.416667,18.170200,D:\Codex\video-editing\new_0_5_speed_distance\outputs\019f8e88-3e4a-7ef0-91b1-ae50a871ef5a\新0.5.xlsx -> 数据
内服0.5s,内服,实测,146,2.433333,18.500200,D:\Codex\video-editing\new_0_5_speed_distance\outputs\019f8e88-3e4a-7ef0-91b1-ae50a871ef5a\新0.5.xlsx -> 数据
内服0.5s,内服,实测,147,2.450000,18.500200,D:\Codex\video-editing\new_0_5_speed_distance\outputs\019f8e88-3e4a-7ef0-91b1-ae50a871ef5a\新0.5.xlsx -> 数据
内服0.5s,内服,实测,148,2.466667,18.825200,D:\Codex\video-editing\new_0_5_speed_distance\outputs\019f8e88-3e4a-7ef0-91b1-ae50a871ef5a\新0.5.xlsx -> 数据
内服0.5s,内服,实测,149,2.483333,18.825200,D:\Codex\video-editing\new_0_5_speed_distance\outputs\019f8e88-3e4a-7ef0-91b1-ae50a871ef5a\新0.5.xlsx -> 数据
内服0.5s,内服,实测,150,2.500000,18.825200,D:\Codex\video-editing\new_0_5_speed_distance\outputs\019f8e88-3e4a-7ef0-91b1-ae50a871ef5a\新0.5.xlsx -> 数据
内服0.5s,内服,实测,151,2.516667,19.147200,D:\Codex\video-editing\new_0_5_speed_distance\outputs\019f8e88-3e4a-7ef0-91b1-ae50a871ef5a\新0.5.xlsx -> 数据
内服0.5s,内服,实测,152,2.533333,19.463200,D:\Codex\video-editing\new_0_5_speed_distance\outputs\019f8e88-3e4a-7ef0-91b1-ae50a871ef5a\新0.5.xlsx -> 数据
内服0.5s,内服,实测,153,2.550000,19.775200,D:\Codex\video-editing\new_0_5_speed_distance\outputs\019f8e88-3e4a-7ef0-91b1-ae50a871ef5a\新0.5.xlsx -> 数据
内服0.5s,内服,实测,154,2.566667,19.775200,D:\Codex\video-editing\new_0_5_speed_distance\outputs\019f8e88-3e4a-7ef0-91b1-ae50a871ef5a\新0.5.xlsx -> 数据
内服0.5s,内服,实测,155,2.583333,19.775200,D:\Codex\video-editing\new_0_5_speed_distance\outputs\019f8e88-3e4a-7ef0-91b1-ae50a871ef5a\新0.5.xlsx -> 数据
内服0.5s,内服,实测,156,2.600000,20.083200,D:\Codex\video-editing\new_0_5_speed_distance\outputs\019f8e88-3e4a-7ef0-91b1-ae50a871ef5a\新0.5.xlsx -> 数据
内服0.5s,内服,实测,157,2.616667,20.083200,D:\Codex\video-editing\new_0_5_speed_distance\outputs\019f8e88-3e4a-7ef0-91b1-ae50a871ef5a\新0.5.xlsx -> 数据
内服0.5s,内服,实测,158,2.633333,20.387200,D:\Codex\video-editing\new_0_5_speed_distance\outputs\019f8e88-3e4a-7ef0-91b1-ae50a871ef5a\新0.5.xlsx -> 数据
内服0.5s,内服,实测,159,2.650000,20.387200,D:\Codex\video-editing\new_0_5_speed_distance\outputs\019f8e88-3e4a-7ef0-91b1-ae50a871ef5a\新0.5.xlsx -> 数据
内服0.5s,内服,实测,160,2.666667,20.387200,D:\Codex\video-editing\new_0_5_speed_distance\outputs\019f8e88-3e4a-7ef0-91b1-ae50a871ef5a\新0.5.xlsx -> 数据
内服0.5s,内服,实测,161,2.683333,20.645200,D:\Codex\video-editing\new_0_5_speed_distance\outputs\019f8e88-3e4a-7ef0-91b1-ae50a871ef5a\新0.5.xlsx -> 数据
内服0.5s,内服,实测,162,2.700000,20.860200,D:\Codex\video-editing\new_0_5_speed_distance\outputs\019f8e88-3e4a-7ef0-91b1-ae50a871ef5a\新0.5.xlsx -> 数据
内服0.5s,内服,实测,163,2.716667,21.030200,D:\Codex\video-editing\new_0_5_speed_distance\outputs\019f8e88-3e4a-7ef0-91b1-ae50a871ef5a\新0.5.xlsx -> 数据
内服0.5s,内服,实测,164,2.733333,21.030200,D:\Codex\video-editing\new_0_5_speed_distance\outputs\019f8e88-3e4a-7ef0-91b1-ae50a871ef5a\新0.5.xlsx -> 数据
内服0.5s,内服,实测,165,2.750000,21.030200,D:\Codex\video-editing\new_0_5_speed_distance\outputs\019f8e88-3e4a-7ef0-91b1-ae50a871ef5a\新0.5.xlsx -> 数据
内服0.5s,内服,实测,166,2.766667,21.155200,D:\Codex\video-editing\new_0_5_speed_distance\outputs\019f8e88-3e4a-7ef0-91b1-ae50a871ef5a\新0.5.xlsx -> 数据
内服0.5s,内服,实测,167,2.783333,21.155200,D:\Codex\video-editing\new_0_5_speed_distance\outputs\019f8e88-3e4a-7ef0-91b1-ae50a871ef5a\新0.5.xlsx -> 数据
内服0.5s,内服,实测,168,2.800000,21.155200,D:\Codex\video-editing\new_0_5_speed_distance\outputs\019f8e88-3e4a-7ef0-91b1-ae50a871ef5a\新0.5.xlsx -> 数据
内服0.5s,内服,实测,169,2.816667,21.237200,D:\Codex\video-editing\new_0_5_speed_distance\outputs\019f8e88-3e4a-7ef0-91b1-ae50a871ef5a\新0.5.xlsx -> 数据
内服0.5s,内服,实测,170,2.833333,21.373200,D:\Codex\video-editing\new_0_5_speed_distance\outputs\019f8e88-3e4a-7ef0-91b1-ae50a871ef5a\新0.5.xlsx -> 数据
内服0.5s,内服,实测,171,2.850000,21.507200,D:\Codex\video-editing\new_0_5_speed_distance\outputs\019f8e88-3e4a-7ef0-91b1-ae50a871ef5a\新0.5.xlsx -> 数据
内服0.5s,内服,实测,172,2.866667,21.507200,D:\Codex\video-editing\new_0_5_speed_distance\outputs\019f8e88-3e4a-7ef0-91b1-ae50a871ef5a\新0.5.xlsx -> 数据
内服0.5s,内服,实测,173,2.883333,21.507200,D:\Codex\video-editing\new_0_5_speed_distance\outputs\019f8e88-3e4a-7ef0-91b1-ae50a871ef5a\新0.5.xlsx -> 数据
内服0.5s,内服,实测,174,2.900000,21.673200,D:\Codex\video-editing\new_0_5_speed_distance\outputs\019f8e88-3e4a-7ef0-91b1-ae50a871ef5a\新0.5.xlsx -> 数据
内服0.5s,内服,实测,175,2.916667,21.673200,D:\Codex\video-editing\new_0_5_speed_distance\outputs\019f8e88-3e4a-7ef0-91b1-ae50a871ef5a\新0.5.xlsx -> 数据
内服0.5s,内服,实测,176,2.933333,21.873200,D:\Codex\video-editing\new_0_5_speed_distance\outputs\019f8e88-3e4a-7ef0-91b1-ae50a871ef5a\新0.5.xlsx -> 数据
内服0.5s,内服,实测,177,2.950000,21.873200,D:\Codex\video-editing\new_0_5_speed_distance\outputs\019f8e88-3e4a-7ef0-91b1-ae50a871ef5a\新0.5.xlsx -> 数据
内服0.5s,内服,实测,178,2.966667,22.087200,D:\Codex\video-editing\new_0_5_speed_distance\outputs\019f8e88-3e4a-7ef0-91b1-ae50a871ef5a\新0.5.xlsx -> 数据
内服0.5s,内服,实测,179,2.983333,22.087200,D:\Codex\video-editing\new_0_5_speed_distance\outputs\019f8e88-3e4a-7ef0-91b1-ae50a871ef5a\新0.5.xlsx -> 数据
内服0.5s,内服,实测,180,3.000000,22.313200,D:\Codex\video-editing\new_0_5_speed_distance\outputs\019f8e88-3e4a-7ef0-91b1-ae50a871ef5a\新0.5.xlsx -> 数据
内服0.5s,内服,实测,181,3.016667,22.313200,D:\Codex\video-editing\new_0_5_speed_distance\outputs\019f8e88-3e4a-7ef0-91b1-ae50a871ef5a\新0.5.xlsx -> 数据
内服0.5s,内服,实测,182,3.033333,22.313200,D:\Codex\video-editing\new_0_5_speed_distance\outputs\019f8e88-3e4a-7ef0-91b1-ae50a871ef5a\新0.5.xlsx -> 数据
内服0.5s,内服,实测,183,3.050000,22.553200,D:\Codex\video-editing\new_0_5_speed_distance\outputs\019f8e88-3e4a-7ef0-91b1-ae50a871ef5a\新0.5.xlsx -> 数据
内服0.5s,内服,实测,184,3.066667,22.553200,D:\Codex\video-editing\new_0_5_speed_distance\outputs\019f8e88-3e4a-7ef0-91b1-ae50a871ef5a\新0.5.xlsx -> 数据
内服0.5s,内服,实测,185,3.083333,22.807200,D:\Codex\video-editing\new_0_5_speed_distance\outputs\019f8e88-3e4a-7ef0-91b1-ae50a871ef5a\新0.5.xlsx -> 数据
内服0.5s,内服,实测,186,3.100000,23.073200,D:\Codex\video-editing\new_0_5_speed_distance\outputs\019f8e88-3e4a-7ef0-91b1-ae50a871ef5a\新0.5.xlsx -> 数据
内服0.5s,内服,实测,187,3.116667,23.073200,D:\Codex\video-editing\new_0_5_speed_distance\outputs\019f8e88-3e4a-7ef0-91b1-ae50a871ef5a\新0.5.xlsx -> 数据
内服0.5s,内服,实测,188,3.133333,23.340200,D:\Codex\video-editing\new_0_5_speed_distance\outputs\019f8e88-3e4a-7ef0-91b1-ae50a871ef5a\新0.5.xlsx -> 数据
内服0.5s,内服,实测,189,3.150000,23.607200,D:\Codex\video-editing\new_0_5_speed_distance\outputs\019f8e88-3e4a-7ef0-91b1-ae50a871ef5a\新0.5.xlsx -> 数据
内服0.5s,内服,实测,190,3.166667,23.607200,D:\Codex\video-editing\new_0_5_speed_distance\outputs\019f8e88-3e4a-7ef0-91b1-ae50a871ef5a\新0.5.xlsx -> 数据
内服0.5s,内服,实测,191,3.183333,23.607200,D:\Codex\video-editing\new_0_5_speed_distance\outputs\019f8e88-3e4a-7ef0-91b1-ae50a871ef5a\新0.5.xlsx -> 数据
内服0.5s,内服,实测,192,3.200000,23.873200,D:\Codex\video-editing\new_0_5_speed_distance\outputs\019f8e88-3e4a-7ef0-91b1-ae50a871ef5a\新0.5.xlsx -> 数据
内服0.5s,内服,实测,193,3.216667,23.873200,D:\Codex\video-editing\new_0_5_speed_distance\outputs\019f8e88-3e4a-7ef0-91b1-ae50a871ef5a\新0.5.xlsx -> 数据
内服0.5s,内服,实测,194,3.233333,24.140200,D:\Codex\video-editing\new_0_5_speed_distance\outputs\019f8e88-3e4a-7ef0-91b1-ae50a871ef5a\新0.5.xlsx -> 数据
内服0.5s,内服,实测,195,3.250000,24.140200,D:\Codex\video-editing\new_0_5_speed_distance\outputs\019f8e88-3e4a-7ef0-91b1-ae50a871ef5a\新0.5.xlsx -> 数据
内服0.5s,内服,实测,196,3.266667,24.407200,D:\Codex\video-editing\new_0_5_speed_distance\outputs\019f8e88-3e4a-7ef0-91b1-ae50a871ef5a\新0.5.xlsx -> 数据
内服0.5s,内服,实测,197,3.283333,24.407200,D:\Codex\video-editing\new_0_5_speed_distance\outputs\019f8e88-3e4a-7ef0-91b1-ae50a871ef5a\新0.5.xlsx -> 数据
内服0.5s,内服,实测,198,3.300000,24.673200,D:\Codex\video-editing\new_0_5_speed_distance\outputs\019f8e88-3e4a-7ef0-91b1-ae50a871ef5a\新0.5.xlsx -> 数据
内服0.5s,内服,实测,199,3.316667,24.673200,D:\Codex\video-editing\new_0_5_speed_distance\outputs\019f8e88-3e4a-7ef0-91b1-ae50a871ef5a\新0.5.xlsx -> 数据
内服0.5s,内服,实测,200,3.333333,24.673200,D:\Codex\video-editing\new_0_5_speed_distance\outputs\019f8e88-3e4a-7ef0-91b1-ae50a871ef5a\新0.5.xlsx -> 数据
内服0.5s,内服,实测,201,3.350000,24.940200,D:\Codex\video-editing\new_0_5_speed_distance\outputs\019f8e88-3e4a-7ef0-91b1-ae50a871ef5a\新0.5.xlsx -> 数据
内服0.5s,内服,实测,202,3.366667,25.207200,D:\Codex\video-editing\new_0_5_speed_distance\outputs\019f8e88-3e4a-7ef0-91b1-ae50a871ef5a\新0.5.xlsx -> 数据
内服0.5s,内服,实测,203,3.383333,25.207200,D:\Codex\video-editing\new_0_5_speed_distance\outputs\019f8e88-3e4a-7ef0-91b1-ae50a871ef5a\新0.5.xlsx -> 数据
内服0.5s,内服,实测,204,3.400000,25.207200,D:\Codex\video-editing\new_0_5_speed_distance\outputs\019f8e88-3e4a-7ef0-91b1-ae50a871ef5a\新0.5.xlsx -> 数据
内服0.5s,内服,实测,205,3.416667,25.207200,D:\Codex\video-editing\new_0_5_speed_distance\outputs\019f8e88-3e4a-7ef0-91b1-ae50a871ef5a\新0.5.xlsx -> 数据
内服0.5s,内服,实测,206,3.433333,25.740200,D:\Codex\video-editing\new_0_5_speed_distance\outputs\019f8e88-3e4a-7ef0-91b1-ae50a871ef5a\新0.5.xlsx -> 数据
内服0.5s,内服,实测,207,3.450000,25.740200,D:\Codex\video-editing\new_0_5_speed_distance\outputs\019f8e88-3e4a-7ef0-91b1-ae50a871ef5a\新0.5.xlsx -> 数据
内服0.5s,内服,实测,208,3.466667,26.007200,D:\Codex\video-editing\new_0_5_speed_distance\outputs\019f8e88-3e4a-7ef0-91b1-ae50a871ef5a\新0.5.xlsx -> 数据
内服0.5s,内服,实测,209,3.483333,26.007200,D:\Codex\video-editing\new_0_5_speed_distance\outputs\019f8e88-3e4a-7ef0-91b1-ae50a871ef5a\新0.5.xlsx -> 数据
内服0.5s,内服,实测,210,3.500000,26.007200,D:\Codex\video-editing\new_0_5_speed_distance\outputs\019f8e88-3e4a-7ef0-91b1-ae50a871ef5a\新0.5.xlsx -> 数据
内服0.5s,内服,实测,211,3.516667,26.273200,D:\Codex\video-editing\new_0_5_speed_distance\outputs\019f8e88-3e4a-7ef0-91b1-ae50a871ef5a\新0.5.xlsx -> 数据
内服0.5s,内服,实测,212,3.533333,26.273200,D:\Codex\video-editing\new_0_5_speed_distance\outputs\019f8e88-3e4a-7ef0-91b1-ae50a871ef5a\新0.5.xlsx -> 数据
内服0.5s,内服,实测,213,3.550000,26.540200,D:\Codex\video-editing\new_0_5_speed_distance\outputs\019f8e88-3e4a-7ef0-91b1-ae50a871ef5a\新0.5.xlsx -> 数据
内服0.5s,内服,实测,214,3.566667,26.540200,D:\Codex\video-editing\new_0_5_speed_distance\outputs\019f8e88-3e4a-7ef0-91b1-ae50a871ef5a\新0.5.xlsx -> 数据
内服0.5s,内服,实测,215,3.583333,26.540200,D:\Codex\video-editing\new_0_5_speed_distance\outputs\019f8e88-3e4a-7ef0-91b1-ae50a871ef5a\新0.5.xlsx -> 数据
内服0.5s,内服,实测,216,3.600000,26.807200,D:\Codex\video-editing\new_0_5_speed_distance\outputs\019f8e88-3e4a-7ef0-91b1-ae50a871ef5a\新0.5.xlsx -> 数据
内服0.5s,内服,实测,217,3.616667,27.268300,D:\Codex\video-editing\new_0_5_speed_distance\outputs\019f8e88-3e4a-7ef0-91b1-ae50a871ef5a\新0.5.xlsx -> 数据
内服0.5s,内服,实测,218,3.633333,27.723200,D:\Codex\video-editing\new_0_5_speed_distance\outputs\019f8e88-3e4a-7ef0-91b1-ae50a871ef5a\新0.5.xlsx -> 数据
内服0.5s,内服,实测,219,3.650000,27.723200,D:\Codex\video-editing\new_0_5_speed_distance\outputs\019f8e88-3e4a-7ef0-91b1-ae50a871ef5a\新0.5.xlsx -> 数据
内服0.5s,内服,实测,220,3.666667,27.723200,D:\Codex\video-editing\new_0_5_speed_distance\outputs\019f8e88-3e4a-7ef0-91b1-ae50a871ef5a\新0.5.xlsx -> 数据
内服0.5s,内服,实测,221,3.683333,28.173200,D:\Codex\video-editing\new_0_5_speed_distance\outputs\019f8e88-3e4a-7ef0-91b1-ae50a871ef5a\新0.5.xlsx -> 数据
内服0.5s,内服,实测,222,3.700000,28.618300,D:\Codex\video-editing\new_0_5_speed_distance\outputs\019f8e88-3e4a-7ef0-91b1-ae50a871ef5a\新0.5.xlsx -> 数据
内服0.5s,内服,实测,223,3.716667,28.618300,D:\Codex\video-editing\new_0_5_speed_distance\outputs\019f8e88-3e4a-7ef0-91b1-ae50a871ef5a\新0.5.xlsx -> 数据
内服0.5s,内服,实测,224,3.733333,29.057200,D:\Codex\video-editing\new_0_5_speed_distance\outputs\019f8e88-3e4a-7ef0-91b1-ae50a871ef5a\新0.5.xlsx -> 数据
内服0.5s,内服,实测,225,3.750000,29.057200,D:\Codex\video-editing\new_0_5_speed_distance\outputs\019f8e88-3e4a-7ef0-91b1-ae50a871ef5a\新0.5.xlsx -> 数据
内服0.5s,内服,实测,226,3.766667,29.490200,D:\Codex\video-editing\new_0_5_speed_distance\outputs\019f8e88-3e4a-7ef0-91b1-ae50a871ef5a\新0.5.xlsx -> 数据
内服0.5s,内服,实测,227,3.783333,29.490200,D:\Codex\video-editing\new_0_5_speed_distance\outputs\019f8e88-3e4a-7ef0-91b1-ae50a871ef5a\新0.5.xlsx -> 数据
内服0.5s,内服,实测,228,3.800000,29.918300,D:\Codex\video-editing\new_0_5_speed_distance\outputs\019f8e88-3e4a-7ef0-91b1-ae50a871ef5a\新0.5.xlsx -> 数据
内服0.5s,内服,实测,229,3.816667,29.918300,D:\Codex\video-editing\new_0_5_speed_distance\outputs\019f8e88-3e4a-7ef0-91b1-ae50a871ef5a\新0.5.xlsx -> 数据
内服0.5s,内服,实测,230,3.833333,29.918300,D:\Codex\video-editing\new_0_5_speed_distance\outputs\019f8e88-3e4a-7ef0-91b1-ae50a871ef5a\新0.5.xlsx -> 数据
内服0.5s,内服,实测,231,3.850000,32.229200,D:\Codex\video-editing\new_0_5_speed_distance\outputs\019f8e88-3e4a-7ef0-91b1-ae50a871ef5a\新0.5.xlsx -> 数据
内服0.5s,内服,实测,232,3.866667,32.229200,D:\Codex\video-editing\new_0_5_speed_distance\outputs\019f8e88-3e4a-7ef0-91b1-ae50a871ef5a\新0.5.xlsx -> 数据
内服0.5s,内服,实测,233,3.883333,32.229200,D:\Codex\video-editing\new_0_5_speed_distance\outputs\019f8e88-3e4a-7ef0-91b1-ae50a871ef5a\新0.5.xlsx -> 数据
内服0.5s,内服,实测,234,3.900000,32.510200,D:\Codex\video-editing\new_0_5_speed_distance\outputs\019f8e88-3e4a-7ef0-91b1-ae50a871ef5a\新0.5.xlsx -> 数据
内服0.5s,内服,实测,235,3.916667,32.510200,D:\Codex\video-editing\new_0_5_speed_distance\outputs\019f8e88-3e4a-7ef0-91b1-ae50a871ef5a\新0.5.xlsx -> 数据
内服0.5s,内服,实测,236,3.933333,32.939200,D:\Codex\video-editing\new_0_5_speed_distance\outputs\019f8e88-3e4a-7ef0-91b1-ae50a871ef5a\新0.5.xlsx -> 数据
内服0.5s,内服,实测,237,3.950000,33.349200,D:\Codex\video-editing\new_0_5_speed_distance\outputs\019f8e88-3e4a-7ef0-91b1-ae50a871ef5a\新0.5.xlsx -> 数据
内服0.5s,内服,实测,238,3.966667,33.349200,D:\Codex\video-editing\new_0_5_speed_distance\outputs\019f8e88-3e4a-7ef0-91b1-ae50a871ef5a\新0.5.xlsx -> 数据
内服0.5s,内服,实测,239,3.983333,33.349200,D:\Codex\video-editing\new_0_5_speed_distance\outputs\019f8e88-3e4a-7ef0-91b1-ae50a871ef5a\新0.5.xlsx -> 数据
内服0.5s,内服,实测,240,4.000000,33.349200,D:\Codex\video-editing\new_0_5_speed_distance\outputs\019f8e88-3e4a-7ef0-91b1-ae50a871ef5a\新0.5.xlsx -> 数据
内服0.5s,内服,实测,241,4.016667,33.895200,D:\Codex\video-editing\new_0_5_speed_distance\outputs\019f8e88-3e4a-7ef0-91b1-ae50a871ef5a\新0.5.xlsx -> 数据
内服0.5s,内服,实测,242,4.033333,33.895200,D:\Codex\video-editing\new_0_5_speed_distance\outputs\019f8e88-3e4a-7ef0-91b1-ae50a871ef5a\新0.5.xlsx -> 数据
内服0.5s,内服,实测,243,4.050000,34.045200,D:\Codex\video-editing\new_0_5_speed_distance\outputs\019f8e88-3e4a-7ef0-91b1-ae50a871ef5a\新0.5.xlsx -> 数据
内服0.5s,内服,实测,244,4.066667,34.045200,D:\Codex\video-editing\new_0_5_speed_distance\outputs\019f8e88-3e4a-7ef0-91b1-ae50a871ef5a\新0.5.xlsx -> 数据
内服0.5s,内服,实测,245,4.083333,34.045200,D:\Codex\video-editing\new_0_5_speed_distance\outputs\019f8e88-3e4a-7ef0-91b1-ae50a871ef5a\新0.5.xlsx -> 数据
内服0.5s,内服,实测,246,4.100000,34.141200,D:\Codex\video-editing\new_0_5_speed_distance\outputs\019f8e88-3e4a-7ef0-91b1-ae50a871ef5a\新0.5.xlsx -> 数据
内服0.5s,内服,实测,247,4.116667,34.241200,D:\Codex\video-editing\new_0_5_speed_distance\outputs\019f8e88-3e4a-7ef0-91b1-ae50a871ef5a\新0.5.xlsx -> 数据
内服0.5s,内服,实测,248,4.133333,34.241200,D:\Codex\video-editing\new_0_5_speed_distance\outputs\019f8e88-3e4a-7ef0-91b1-ae50a871ef5a\新0.5.xlsx -> 数据
内服0.5s,内服,实测,249,4.150000,34.363200,D:\Codex\video-editing\new_0_5_speed_distance\outputs\019f8e88-3e4a-7ef0-91b1-ae50a871ef5a\新0.5.xlsx -> 数据
内服0.5s,内服,实测,250,4.166667,34.363200,D:\Codex\video-editing\new_0_5_speed_distance\outputs\019f8e88-3e4a-7ef0-91b1-ae50a871ef5a\新0.5.xlsx -> 数据
内服0.5s,内服,实测,251,4.183333,34.498200,D:\Codex\video-editing\new_0_5_speed_distance\outputs\019f8e88-3e4a-7ef0-91b1-ae50a871ef5a\新0.5.xlsx -> 数据
内服0.5s,内服,实测,252,4.200000,34.498200,D:\Codex\video-editing\new_0_5_speed_distance\outputs\019f8e88-3e4a-7ef0-91b1-ae50a871ef5a\新0.5.xlsx -> 数据
内服0.5s,内服,实测,253,4.216667,34.498200,D:\Codex\video-editing\new_0_5_speed_distance\outputs\019f8e88-3e4a-7ef0-91b1-ae50a871ef5a\新0.5.xlsx -> 数据
内服0.5s,内服,实测,254,4.233333,34.654200,D:\Codex\video-editing\new_0_5_speed_distance\outputs\019f8e88-3e4a-7ef0-91b1-ae50a871ef5a\新0.5.xlsx -> 数据
内服0.5s,内服,实测,255,4.250000,34.654200,D:\Codex\video-editing\new_0_5_speed_distance\outputs\019f8e88-3e4a-7ef0-91b1-ae50a871ef5a\新0.5.xlsx -> 数据
内服0.5s,内服,实测,256,4.266667,34.654200,D:\Codex\video-editing\new_0_5_speed_distance\outputs\019f8e88-3e4a-7ef0-91b1-ae50a871ef5a\新0.5.xlsx -> 数据
内服0.5s,内服,实测,257,4.283333,34.836200,D:\Codex\video-editing\new_0_5_speed_distance\outputs\019f8e88-3e4a-7ef0-91b1-ae50a871ef5a\新0.5.xlsx -> 数据
内服0.5s,内服,实测,258,4.300000,34.836200,D:\Codex\video-editing\new_0_5_speed_distance\outputs\019f8e88-3e4a-7ef0-91b1-ae50a871ef5a\新0.5.xlsx -> 数据
内服0.5s,内服,实测,259,4.316667,35.039200,D:\Codex\video-editing\new_0_5_speed_distance\outputs\019f8e88-3e4a-7ef0-91b1-ae50a871ef5a\新0.5.xlsx -> 数据
内服0.5s,内服,实测,260,4.333333,35.039200,D:\Codex\video-editing\new_0_5_speed_distance\outputs\019f8e88-3e4a-7ef0-91b1-ae50a871ef5a\新0.5.xlsx -> 数据
内服0.5s,内服,实测,261,4.350000,35.039200,D:\Codex\video-editing\new_0_5_speed_distance\outputs\019f8e88-3e4a-7ef0-91b1-ae50a871ef5a\新0.5.xlsx -> 数据
内服0.5s,内服,实测,262,4.366667,35.039200,D:\Codex\video-editing\new_0_5_speed_distance\outputs\019f8e88-3e4a-7ef0-91b1-ae50a871ef5a\新0.5.xlsx -> 数据
内服0.5s,内服,实测,263,4.383333,35.039200,D:\Codex\video-editing\new_0_5_speed_distance\outputs\019f8e88-3e4a-7ef0-91b1-ae50a871ef5a\新0.5.xlsx -> 数据
内服0.5s,内服,实测,264,4.400000,35.039200,D:\Codex\video-editing\new_0_5_speed_distance\outputs\019f8e88-3e4a-7ef0-91b1-ae50a871ef5a\新0.5.xlsx -> 数据
内服0.5s,内服,实测,265,4.416667,35.039200,D:\Codex\video-editing\new_0_5_speed_distance\outputs\019f8e88-3e4a-7ef0-91b1-ae50a871ef5a\新0.5.xlsx -> 数据
内服0.5s,内服,实测,266,4.433333,35.259200,D:\Codex\video-editing\new_0_5_speed_distance\outputs\019f8e88-3e4a-7ef0-91b1-ae50a871ef5a\新0.5.xlsx -> 数据
内服0.5s,内服,实测,267,4.450000,35.987200,D:\Codex\video-editing\new_0_5_speed_distance\outputs\019f8e88-3e4a-7ef0-91b1-ae50a871ef5a\新0.5.xlsx -> 数据
内服0.5s,内服,实测,268,4.466667,35.987200,D:\Codex\video-editing\new_0_5_speed_distance\outputs\019f8e88-3e4a-7ef0-91b1-ae50a871ef5a\新0.5.xlsx -> 数据
内服0.5s,内服,实测,269,4.483333,35.987200,D:\Codex\video-editing\new_0_5_speed_distance\outputs\019f8e88-3e4a-7ef0-91b1-ae50a871ef5a\新0.5.xlsx -> 数据
内服0.5s,内服,实测,270,4.500000,36.430200,D:\Codex\video-editing\new_0_5_speed_distance\outputs\019f8e88-3e4a-7ef0-91b1-ae50a871ef5a\新0.5.xlsx -> 数据
内服0.5s,内服,实测,271,4.516667,36.869200,D:\Codex\video-editing\new_0_5_speed_distance\outputs\019f8e88-3e4a-7ef0-91b1-ae50a871ef5a\新0.5.xlsx -> 数据
内服0.5s,内服,实测,272,4.533333,36.869200,D:\Codex\video-editing\new_0_5_speed_distance\outputs\019f8e88-3e4a-7ef0-91b1-ae50a871ef5a\新0.5.xlsx -> 数据
内服0.5s,内服,实测,273,4.550000,37.303200,D:\Codex\video-editing\new_0_5_speed_distance\outputs\019f8e88-3e4a-7ef0-91b1-ae50a871ef5a\新0.5.xlsx -> 数据
内服0.5s,内服,实测,274,4.566667,37.303200,D:\Codex\video-editing\new_0_5_speed_distance\outputs\019f8e88-3e4a-7ef0-91b1-ae50a871ef5a\新0.5.xlsx -> 数据
内服0.5s,内服,实测,275,4.583333,37.733200,D:\Codex\video-editing\new_0_5_speed_distance\outputs\019f8e88-3e4a-7ef0-91b1-ae50a871ef5a\新0.5.xlsx -> 数据
内服0.5s,内服,实测,276,4.600000,37.733200,D:\Codex\video-editing\new_0_5_speed_distance\outputs\019f8e88-3e4a-7ef0-91b1-ae50a871ef5a\新0.5.xlsx -> 数据
内服0.5s,内服,实测,277,4.616667,38.159200,D:\Codex\video-editing\new_0_5_speed_distance\outputs\019f8e88-3e4a-7ef0-91b1-ae50a871ef5a\新0.5.xlsx -> 数据
内服0.5s,内服,实测,278,4.633333,38.580200,D:\Codex\video-editing\new_0_5_speed_distance\outputs\019f8e88-3e4a-7ef0-91b1-ae50a871ef5a\新0.5.xlsx -> 数据
内服0.5s,内服,实测,279,4.650000,38.580200,D:\Codex\video-editing\new_0_5_speed_distance\outputs\019f8e88-3e4a-7ef0-91b1-ae50a871ef5a\新0.5.xlsx -> 数据
内服0.5s,内服,实测,280,4.666667,38.580200,D:\Codex\video-editing\new_0_5_speed_distance\outputs\019f8e88-3e4a-7ef0-91b1-ae50a871ef5a\新0.5.xlsx -> 数据
内服0.5s,内服,实测,281,4.683333,38.997200,D:\Codex\video-editing\new_0_5_speed_distance\outputs\019f8e88-3e4a-7ef0-91b1-ae50a871ef5a\新0.5.xlsx -> 数据
内服0.5s,内服,实测,282,4.700000,38.997200,D:\Codex\video-editing\new_0_5_speed_distance\outputs\019f8e88-3e4a-7ef0-91b1-ae50a871ef5a\新0.5.xlsx -> 数据
内服0.5s,内服,实测,283,4.716667,39.409200,D:\Codex\video-editing\new_0_5_speed_distance\outputs\019f8e88-3e4a-7ef0-91b1-ae50a871ef5a\新0.5.xlsx -> 数据
内服0.5s,内服,实测,284,4.733333,39.817200,D:\Codex\video-editing\new_0_5_speed_distance\outputs\019f8e88-3e4a-7ef0-91b1-ae50a871ef5a\新0.5.xlsx -> 数据
内服0.5s,内服,实测,285,4.750000,39.817200,D:\Codex\video-editing\new_0_5_speed_distance\outputs\019f8e88-3e4a-7ef0-91b1-ae50a871ef5a\新0.5.xlsx -> 数据
内服0.5s,内服,实测,286,4.766667,39.817200,D:\Codex\video-editing\new_0_5_speed_distance\outputs\019f8e88-3e4a-7ef0-91b1-ae50a871ef5a\新0.5.xlsx -> 数据
内服0.5s,内服,实测,287,4.783333,39.817200,D:\Codex\video-editing\new_0_5_speed_distance\outputs\019f8e88-3e4a-7ef0-91b1-ae50a871ef5a\新0.5.xlsx -> 数据
内服0.5s,内服,实测,288,4.800000,40.220200,D:\Codex\video-editing\new_0_5_speed_distance\outputs\019f8e88-3e4a-7ef0-91b1-ae50a871ef5a\新0.5.xlsx -> 数据
内服0.5s,内服,实测,289,4.816667,40.619200,D:\Codex\video-editing\new_0_5_speed_distance\outputs\019f8e88-3e4a-7ef0-91b1-ae50a871ef5a\新0.5.xlsx -> 数据
内服0.5s,内服,实测,290,4.833333,40.619200,D:\Codex\video-editing\new_0_5_speed_distance\outputs\019f8e88-3e4a-7ef0-91b1-ae50a871ef5a\新0.5.xlsx -> 数据
内服0.5s,内服,实测,291,4.850000,40.980200,D:\Codex\video-editing\new_0_5_speed_distance\outputs\019f8e88-3e4a-7ef0-91b1-ae50a871ef5a\新0.5.xlsx -> 数据
内服0.5s,内服,实测,292,4.866667,40.980200,D:\Codex\video-editing\new_0_5_speed_distance\outputs\019f8e88-3e4a-7ef0-91b1-ae50a871ef5a\新0.5.xlsx -> 数据
内服0.5s,内服,实测,293,4.883333,41.337200,D:\Codex\video-editing\new_0_5_speed_distance\outputs\019f8e88-3e4a-7ef0-91b1-ae50a871ef5a\新0.5.xlsx -> 数据
内服0.5s,内服,实测,294,4.900000,41.337200,D:\Codex\video-editing\new_0_5_speed_distance\outputs\019f8e88-3e4a-7ef0-91b1-ae50a871ef5a\新0.5.xlsx -> 数据
内服0.5s,内服,实测,295,4.916667,41.337200,D:\Codex\video-editing\new_0_5_speed_distance\outputs\019f8e88-3e4a-7ef0-91b1-ae50a871ef5a\新0.5.xlsx -> 数据
内服0.5s,内服,实测,296,4.933333,41.689200,D:\Codex\video-editing\new_0_5_speed_distance\outputs\019f8e88-3e4a-7ef0-91b1-ae50a871ef5a\新0.5.xlsx -> 数据
内服0.5s,内服,实测,297,4.950000,42.037200,D:\Codex\video-editing\new_0_5_speed_distance\outputs\019f8e88-3e4a-7ef0-91b1-ae50a871ef5a\新0.5.xlsx -> 数据
内服0.5s,内服,实测,298,4.966667,42.037200,D:\Codex\video-editing\new_0_5_speed_distance\outputs\019f8e88-3e4a-7ef0-91b1-ae50a871ef5a\新0.5.xlsx -> 数据
内服0.5s,内服,实测,299,4.983333,42.380200,D:\Codex\video-editing\new_0_5_speed_distance\outputs\019f8e88-3e4a-7ef0-91b1-ae50a871ef5a\新0.5.xlsx -> 数据
内服0.5s,内服,实测,300,5.000000,42.380200,D:\Codex\video-editing\new_0_5_speed_distance\outputs\019f8e88-3e4a-7ef0-91b1-ae50a871ef5a\新0.5.xlsx -> 数据
内服0.5s,内服,实测,301,5.016667,42.719200,D:\Codex\video-editing\new_0_5_speed_distance\outputs\019f8e88-3e4a-7ef0-91b1-ae50a871ef5a\新0.5.xlsx -> 数据
内服0.5s,内服,实测,302,5.033333,42.719200,D:\Codex\video-editing\new_0_5_speed_distance\outputs\019f8e88-3e4a-7ef0-91b1-ae50a871ef5a\新0.5.xlsx -> 数据
内服0.5s,内服,实测,303,5.050000,43.053200,D:\Codex\video-editing\new_0_5_speed_distance\outputs\019f8e88-3e4a-7ef0-91b1-ae50a871ef5a\新0.5.xlsx -> 数据
内服0.5s,内服,实测,304,5.066667,43.053200,D:\Codex\video-editing\new_0_5_speed_distance\outputs\019f8e88-3e4a-7ef0-91b1-ae50a871ef5a\新0.5.xlsx -> 数据
内服0.5s,内服,实测,305,5.083333,43.053200,D:\Codex\video-editing\new_0_5_speed_distance\outputs\019f8e88-3e4a-7ef0-91b1-ae50a871ef5a\新0.5.xlsx -> 数据
内服0.5s,内服,实测,306,5.100000,43.709200,D:\Codex\video-editing\new_0_5_speed_distance\outputs\019f8e88-3e4a-7ef0-91b1-ae50a871ef5a\新0.5.xlsx -> 数据
内服0.5s,内服,实测,307,5.116667,43.709200,D:\Codex\video-editing\new_0_5_speed_distance\outputs\019f8e88-3e4a-7ef0-91b1-ae50a871ef5a\新0.5.xlsx -> 数据
内服0.5s,内服,实测,308,5.133333,43.709200,D:\Codex\video-editing\new_0_5_speed_distance\outputs\019f8e88-3e4a-7ef0-91b1-ae50a871ef5a\新0.5.xlsx -> 数据
内服0.5s,内服,实测,309,5.150000,44.030200,D:\Codex\video-editing\new_0_5_speed_distance\outputs\019f8e88-3e4a-7ef0-91b1-ae50a871ef5a\新0.5.xlsx -> 数据
内服0.5s,内服,实测,310,5.166667,44.030200,D:\Codex\video-editing\new_0_5_speed_distance\outputs\019f8e88-3e4a-7ef0-91b1-ae50a871ef5a\新0.5.xlsx -> 数据
内服0.5s,内服,实测,311,5.183333,44.347200,D:\Codex\video-editing\new_0_5_speed_distance\outputs\019f8e88-3e4a-7ef0-91b1-ae50a871ef5a\新0.5.xlsx -> 数据
内服0.5s,内服,实测,312,5.200000,44.347200,D:\Codex\video-editing\new_0_5_speed_distance\outputs\019f8e88-3e4a-7ef0-91b1-ae50a871ef5a\新0.5.xlsx -> 数据
内服0.5s,内服,实测,313,5.216667,44.659200,D:\Codex\video-editing\new_0_5_speed_distance\outputs\019f8e88-3e4a-7ef0-91b1-ae50a871ef5a\新0.5.xlsx -> 数据
内服0.5s,内服,实测,314,5.233333,44.659200,D:\Codex\video-editing\new_0_5_speed_distance\outputs\019f8e88-3e4a-7ef0-91b1-ae50a871ef5a\新0.5.xlsx -> 数据
内服0.5s,内服,实测,315,5.250000,44.967200,D:\Codex\video-editing\new_0_5_speed_distance\outputs\019f8e88-3e4a-7ef0-91b1-ae50a871ef5a\新0.5.xlsx -> 数据
内服0.5s,内服,实测,316,5.266667,44.967200,D:\Codex\video-editing\new_0_5_speed_distance\outputs\019f8e88-3e4a-7ef0-91b1-ae50a871ef5a\新0.5.xlsx -> 数据
内服0.5s,内服,实测,317,5.283333,45.270200,D:\Codex\video-editing\new_0_5_speed_distance\outputs\019f8e88-3e4a-7ef0-91b1-ae50a871ef5a\新0.5.xlsx -> 数据
内服0.5s,内服,实测,318,5.300000,45.529200,D:\Codex\video-editing\new_0_5_speed_distance\outputs\019f8e88-3e4a-7ef0-91b1-ae50a871ef5a\新0.5.xlsx -> 数据
内服0.5s,内服,实测,319,5.316667,45.529200,D:\Codex\video-editing\new_0_5_speed_distance\outputs\019f8e88-3e4a-7ef0-91b1-ae50a871ef5a\新0.5.xlsx -> 数据
内服0.5s,内服,实测,320,5.333333,45.529200,D:\Codex\video-editing\new_0_5_speed_distance\outputs\019f8e88-3e4a-7ef0-91b1-ae50a871ef5a\新0.5.xlsx -> 数据
内服0.5s,内服,实测,321,5.350000,45.743200,D:\Codex\video-editing\new_0_5_speed_distance\outputs\019f8e88-3e4a-7ef0-91b1-ae50a871ef5a\新0.5.xlsx -> 数据
内服0.5s,内服,实测,322,5.366667,45.743200,D:\Codex\video-editing\new_0_5_speed_distance\outputs\019f8e88-3e4a-7ef0-91b1-ae50a871ef5a\新0.5.xlsx -> 数据
内服0.5s,内服,实测,323,5.383333,45.913200,D:\Codex\video-editing\new_0_5_speed_distance\outputs\019f8e88-3e4a-7ef0-91b1-ae50a871ef5a\新0.5.xlsx -> 数据
内服0.5s,内服,实测,324,5.400000,45.913200,D:\Codex\video-editing\new_0_5_speed_distance\outputs\019f8e88-3e4a-7ef0-91b1-ae50a871ef5a\新0.5.xlsx -> 数据
内服0.5s,内服,实测,325,5.416667,45.913200,D:\Codex\video-editing\new_0_5_speed_distance\outputs\019f8e88-3e4a-7ef0-91b1-ae50a871ef5a\新0.5.xlsx -> 数据
内服0.5s,内服,实测,326,5.433333,46.039200,D:\Codex\video-editing\new_0_5_speed_distance\outputs\019f8e88-3e4a-7ef0-91b1-ae50a871ef5a\新0.5.xlsx -> 数据
内服0.5s,内服,实测,327,5.450000,46.120200,D:\Codex\video-editing\new_0_5_speed_distance\outputs\019f8e88-3e4a-7ef0-91b1-ae50a871ef5a\新0.5.xlsx -> 数据
内服0.5s,内服,实测,328,5.466667,46.257200,D:\Codex\video-editing\new_0_5_speed_distance\outputs\019f8e88-3e4a-7ef0-91b1-ae50a871ef5a\新0.5.xlsx -> 数据
内服0.5s,内服,实测,329,5.483333,46.257200,D:\Codex\video-editing\new_0_5_speed_distance\outputs\019f8e88-3e4a-7ef0-91b1-ae50a871ef5a\新0.5.xlsx -> 数据
内服0.5s,内服,实测,330,5.500000,46.257200,D:\Codex\video-editing\new_0_5_speed_distance\outputs\019f8e88-3e4a-7ef0-91b1-ae50a871ef5a\新0.5.xlsx -> 数据
内服0.5s,内服,实测,331,5.516667,46.390200,D:\Codex\video-editing\new_0_5_speed_distance\outputs\019f8e88-3e4a-7ef0-91b1-ae50a871ef5a\新0.5.xlsx -> 数据
内服0.5s,内服,实测,332,5.533333,46.390200,D:\Codex\video-editing\new_0_5_speed_distance\outputs\019f8e88-3e4a-7ef0-91b1-ae50a871ef5a\新0.5.xlsx -> 数据
内服0.5s,内服,实测,333,5.550000,46.557200,D:\Codex\video-editing\new_0_5_speed_distance\outputs\019f8e88-3e4a-7ef0-91b1-ae50a871ef5a\新0.5.xlsx -> 数据
内服0.5s,内服,实测,334,5.566667,46.757200,D:\Codex\video-editing\new_0_5_speed_distance\outputs\019f8e88-3e4a-7ef0-91b1-ae50a871ef5a\新0.5.xlsx -> 数据
内服0.5s,内服,实测,335,5.583333,46.757200,D:\Codex\video-editing\new_0_5_speed_distance\outputs\019f8e88-3e4a-7ef0-91b1-ae50a871ef5a\新0.5.xlsx -> 数据
内服0.5s,内服,实测,336,5.600000,46.970200,D:\Codex\video-editing\new_0_5_speed_distance\outputs\019f8e88-3e4a-7ef0-91b1-ae50a871ef5a\新0.5.xlsx -> 数据
内服0.5s,内服,实测,337,5.616667,46.970200,D:\Codex\video-editing\new_0_5_speed_distance\outputs\019f8e88-3e4a-7ef0-91b1-ae50a871ef5a\新0.5.xlsx -> 数据
内服0.5s,内服,实测,338,5.633333,47.197200,D:\Codex\video-editing\new_0_5_speed_distance\outputs\019f8e88-3e4a-7ef0-91b1-ae50a871ef5a\新0.5.xlsx -> 数据
内服0.5s,内服,实测,339,5.650000,47.197200,D:\Codex\video-editing\new_0_5_speed_distance\outputs\019f8e88-3e4a-7ef0-91b1-ae50a871ef5a\新0.5.xlsx -> 数据
内服0.5s,内服,实测,340,5.666667,47.197200,D:\Codex\video-editing\new_0_5_speed_distance\outputs\019f8e88-3e4a-7ef0-91b1-ae50a871ef5a\新0.5.xlsx -> 数据
内服0.5s,内服,实测,341,5.683333,47.437200,D:\Codex\video-editing\new_0_5_speed_distance\outputs\019f8e88-3e4a-7ef0-91b1-ae50a871ef5a\新0.5.xlsx -> 数据
内服0.5s,内服,实测,342,5.700000,47.437200,D:\Codex\video-editing\new_0_5_speed_distance\outputs\019f8e88-3e4a-7ef0-91b1-ae50a871ef5a\新0.5.xlsx -> 数据
内服0.5s,内服,实测,343,5.716667,47.690200,D:\Codex\video-editing\new_0_5_speed_distance\outputs\019f8e88-3e4a-7ef0-91b1-ae50a871ef5a\新0.5.xlsx -> 数据
内服0.5s,内服,实测,344,5.733333,47.957200,D:\Codex\video-editing\new_0_5_speed_distance\outputs\019f8e88-3e4a-7ef0-91b1-ae50a871ef5a\新0.5.xlsx -> 数据
内服0.5s,内服,实测,345,5.750000,47.957200,D:\Codex\video-editing\new_0_5_speed_distance\outputs\019f8e88-3e4a-7ef0-91b1-ae50a871ef5a\新0.5.xlsx -> 数据
内服0.5s,内服,实测,346,5.766667,48.223200,D:\Codex\video-editing\new_0_5_speed_distance\outputs\019f8e88-3e4a-7ef0-91b1-ae50a871ef5a\新0.5.xlsx -> 数据
内服0.5s,内服,实测,347,5.783333,48.223200,D:\Codex\video-editing\new_0_5_speed_distance\outputs\019f8e88-3e4a-7ef0-91b1-ae50a871ef5a\新0.5.xlsx -> 数据
内服0.5s,内服,实测,348,5.800000,48.490200,D:\Codex\video-editing\new_0_5_speed_distance\outputs\019f8e88-3e4a-7ef0-91b1-ae50a871ef5a\新0.5.xlsx -> 数据
内服0.5s,内服,实测,349,5.816667,48.490200,D:\Codex\video-editing\new_0_5_speed_distance\outputs\019f8e88-3e4a-7ef0-91b1-ae50a871ef5a\新0.5.xlsx -> 数据
内服0.5s,内服,实测,350,5.833333,48.757200,D:\Codex\video-editing\new_0_5_speed_distance\outputs\019f8e88-3e4a-7ef0-91b1-ae50a871ef5a\新0.5.xlsx -> 数据
内服0.5s,内服,实测,351,5.850000,48.757200,D:\Codex\video-editing\new_0_5_speed_distance\outputs\019f8e88-3e4a-7ef0-91b1-ae50a871ef5a\新0.5.xlsx -> 数据
内服0.5s,内服,实测,352,5.866667,48.757200,D:\Codex\video-editing\new_0_5_speed_distance\outputs\019f8e88-3e4a-7ef0-91b1-ae50a871ef5a\新0.5.xlsx -> 数据
内服0.5s,内服,实测,353,5.883333,49.023200,D:\Codex\video-editing\new_0_5_speed_distance\outputs\019f8e88-3e4a-7ef0-91b1-ae50a871ef5a\新0.5.xlsx -> 数据
内服0.5s,内服,实测,354,5.900000,49.290200,D:\Codex\video-editing\new_0_5_speed_distance\outputs\019f8e88-3e4a-7ef0-91b1-ae50a871ef5a\新0.5.xlsx -> 数据
内服0.5s,内服,实测,355,5.916667,49.290200,D:\Codex\video-editing\new_0_5_speed_distance\outputs\019f8e88-3e4a-7ef0-91b1-ae50a871ef5a\新0.5.xlsx -> 数据
内服0.5s,内服,实测,356,5.933333,49.557200,D:\Codex\video-editing\new_0_5_speed_distance\outputs\019f8e88-3e4a-7ef0-91b1-ae50a871ef5a\新0.5.xlsx -> 数据
内服0.5s,内服,实测,357,5.950000,49.557200,D:\Codex\video-editing\new_0_5_speed_distance\outputs\019f8e88-3e4a-7ef0-91b1-ae50a871ef5a\新0.5.xlsx -> 数据
内服0.5s,内服,实测,358,5.966667,49.557200,D:\Codex\video-editing\new_0_5_speed_distance\outputs\019f8e88-3e4a-7ef0-91b1-ae50a871ef5a\新0.5.xlsx -> 数据
内服0.5s,内服,实测,359,5.983333,49.823200,D:\Codex\video-editing\new_0_5_speed_distance\outputs\019f8e88-3e4a-7ef0-91b1-ae50a871ef5a\新0.5.xlsx -> 数据
内服0.5s,内服,实测,360,6.000000,50.090200,D:\Codex\video-editing\new_0_5_speed_distance\outputs\019f8e88-3e4a-7ef0-91b1-ae50a871ef5a\新0.5.xlsx -> 数据
内服0.5s,内服,实测,361,6.016667,50.090200,D:\Codex\video-editing\new_0_5_speed_distance\outputs\019f8e88-3e4a-7ef0-91b1-ae50a871ef5a\新0.5.xlsx -> 数据
内服0.5s,内服,实测,362,6.033333,50.090200,D:\Codex\video-editing\new_0_5_speed_distance\outputs\019f8e88-3e4a-7ef0-91b1-ae50a871ef5a\新0.5.xlsx -> 数据
内服0.5s,内服,实测,363,6.050000,50.357200,D:\Codex\video-editing\new_0_5_speed_distance\outputs\019f8e88-3e4a-7ef0-91b1-ae50a871ef5a\新0.5.xlsx -> 数据
内服0.5s,内服,实测,364,6.066667,50.623200,D:\Codex\video-editing\new_0_5_speed_distance\outputs\019f8e88-3e4a-7ef0-91b1-ae50a871ef5a\新0.5.xlsx -> 数据
内服0.5s,内服,实测,365,6.083333,50.623200,D:\Codex\video-editing\new_0_5_speed_distance\outputs\019f8e88-3e4a-7ef0-91b1-ae50a871ef5a\新0.5.xlsx -> 数据
内服0.5s,内服,实测,366,6.100000,50.890200,D:\Codex\video-editing\new_0_5_speed_distance\outputs\019f8e88-3e4a-7ef0-91b1-ae50a871ef5a\新0.5.xlsx -> 数据
内服0.5s,内服,实测,367,6.116667,50.890200,D:\Codex\video-editing\new_0_5_speed_distance\outputs\019f8e88-3e4a-7ef0-91b1-ae50a871ef5a\新0.5.xlsx -> 数据
内服0.5s,内服,实测,368,6.133333,51.157200,D:\Codex\video-editing\new_0_5_speed_distance\outputs\019f8e88-3e4a-7ef0-91b1-ae50a871ef5a\新0.5.xlsx -> 数据
内服0.5s,内服,实测,369,6.150000,51.157200,D:\Codex\video-editing\new_0_5_speed_distance\outputs\019f8e88-3e4a-7ef0-91b1-ae50a871ef5a\新0.5.xlsx -> 数据
内服0.5s,内服,实测,370,6.166667,51.423200,D:\Codex\video-editing\new_0_5_speed_distance\outputs\019f8e88-3e4a-7ef0-91b1-ae50a871ef5a\新0.5.xlsx -> 数据
内服0.5s,内服,实测,371,6.183333,51.423200,D:\Codex\video-editing\new_0_5_speed_distance\outputs\019f8e88-3e4a-7ef0-91b1-ae50a871ef5a\新0.5.xlsx -> 数据
内服0.5s,内服,实测,372,6.200000,51.423200,D:\Codex\video-editing\new_0_5_speed_distance\outputs\019f8e88-3e4a-7ef0-91b1-ae50a871ef5a\新0.5.xlsx -> 数据
内服0.5s,内服,实测,373,6.216667,51.690200,D:\Codex\video-editing\new_0_5_speed_distance\outputs\019f8e88-3e4a-7ef0-91b1-ae50a871ef5a\新0.5.xlsx -> 数据
内服0.5s,内服,实测,374,6.233333,52.151200,D:\Codex\video-editing\new_0_5_speed_distance\outputs\019f8e88-3e4a-7ef0-91b1-ae50a871ef5a\新0.5.xlsx -> 数据
内服0.5s,内服,实测,375,6.250000,52.151200,D:\Codex\video-editing\new_0_5_speed_distance\outputs\019f8e88-3e4a-7ef0-91b1-ae50a871ef5a\新0.5.xlsx -> 数据
内服0.5s,内服,实测,376,6.266667,52.607200,D:\Codex\video-editing\new_0_5_speed_distance\outputs\019f8e88-3e4a-7ef0-91b1-ae50a871ef5a\新0.5.xlsx -> 数据
内服0.5s,内服,实测,377,6.283333,52.607200,D:\Codex\video-editing\new_0_5_speed_distance\outputs\019f8e88-3e4a-7ef0-91b1-ae50a871ef5a\新0.5.xlsx -> 数据
内服0.5s,内服,实测,378,6.300000,53.057200,D:\Codex\video-editing\new_0_5_speed_distance\outputs\019f8e88-3e4a-7ef0-91b1-ae50a871ef5a\新0.5.xlsx -> 数据
内服0.5s,内服,实测,379,6.316667,53.057200,D:\Codex\video-editing\new_0_5_speed_distance\outputs\019f8e88-3e4a-7ef0-91b1-ae50a871ef5a\新0.5.xlsx -> 数据
内服0.5s,内服,实测,380,6.333333,53.501200,D:\Codex\video-editing\new_0_5_speed_distance\outputs\019f8e88-3e4a-7ef0-91b1-ae50a871ef5a\新0.5.xlsx -> 数据
内服0.5s,内服,实测,381,6.350000,53.501200,D:\Codex\video-editing\new_0_5_speed_distance\outputs\019f8e88-3e4a-7ef0-91b1-ae50a871ef5a\新0.5.xlsx -> 数据
内服0.5s,内服,实测,382,6.366667,53.501200,D:\Codex\video-editing\new_0_5_speed_distance\outputs\019f8e88-3e4a-7ef0-91b1-ae50a871ef5a\新0.5.xlsx -> 数据
内服0.5s,内服,实测,383,6.383333,53.940200,D:\Codex\video-editing\new_0_5_speed_distance\outputs\019f8e88-3e4a-7ef0-91b1-ae50a871ef5a\新0.5.xlsx -> 数据
内服0.5s,内服,实测,384,6.400000,53.940200,D:\Codex\video-editing\new_0_5_speed_distance\outputs\019f8e88-3e4a-7ef0-91b1-ae50a871ef5a\新0.5.xlsx -> 数据
内服0.5s,内服,实测,385,6.416667,54.373200,D:\Codex\video-editing\new_0_5_speed_distance\outputs\019f8e88-3e4a-7ef0-91b1-ae50a871ef5a\新0.5.xlsx -> 数据
内服0.5s,内服,实测,386,6.433333,54.373200,D:\Codex\video-editing\new_0_5_speed_distance\outputs\019f8e88-3e4a-7ef0-91b1-ae50a871ef5a\新0.5.xlsx -> 数据
内服0.5s,内服,实测,387,6.450000,54.801200,D:\Codex\video-editing\new_0_5_speed_distance\outputs\019f8e88-3e4a-7ef0-91b1-ae50a871ef5a\新0.5.xlsx -> 数据
内服0.5s,内服,实测,388,6.466667,54.801200,D:\Codex\video-editing\new_0_5_speed_distance\outputs\019f8e88-3e4a-7ef0-91b1-ae50a871ef5a\新0.5.xlsx -> 数据
内服0.5s,内服,实测,389,6.483333,56.775200,D:\Codex\video-editing\new_0_5_speed_distance\outputs\019f8e88-3e4a-7ef0-91b1-ae50a871ef5a\新0.5.xlsx -> 数据
内服0.5s,内服,实测,390,6.500000,56.775200,D:\Codex\video-editing\new_0_5_speed_distance\outputs\019f8e88-3e4a-7ef0-91b1-ae50a871ef5a\新0.5.xlsx -> 数据
内服0.5s,内服,实测,391,6.516667,57.060200,D:\Codex\video-editing\new_0_5_speed_distance\outputs\019f8e88-3e4a-7ef0-91b1-ae50a871ef5a\新0.5.xlsx -> 数据
内服0.5s,内服,实测,392,6.533333,57.439200,D:\Codex\video-editing\new_0_5_speed_distance\outputs\019f8e88-3e4a-7ef0-91b1-ae50a871ef5a\新0.5.xlsx -> 数据
内服0.5s,内服,实测,393,6.550000,57.439200,D:\Codex\video-editing\new_0_5_speed_distance\outputs\019f8e88-3e4a-7ef0-91b1-ae50a871ef5a\新0.5.xlsx -> 数据
内服0.5s,内服,实测,394,6.566667,57.439200,D:\Codex\video-editing\new_0_5_speed_distance\outputs\019f8e88-3e4a-7ef0-91b1-ae50a871ef5a\新0.5.xlsx -> 数据
内服0.5s,内服,实测,395,6.583333,57.881200,D:\Codex\video-editing\new_0_5_speed_distance\outputs\019f8e88-3e4a-7ef0-91b1-ae50a871ef5a\新0.5.xlsx -> 数据
内服0.5s,内服,实测,396,6.600000,58.271200,D:\Codex\video-editing\new_0_5_speed_distance\outputs\019f8e88-3e4a-7ef0-91b1-ae50a871ef5a\新0.5.xlsx -> 数据
内服0.5s,内服,实测,397,6.616667,58.271200,D:\Codex\video-editing\new_0_5_speed_distance\outputs\019f8e88-3e4a-7ef0-91b1-ae50a871ef5a\新0.5.xlsx -> 数据
内服0.5s,内服,实测,398,6.633333,58.568200,D:\Codex\video-editing\new_0_5_speed_distance\outputs\019f8e88-3e4a-7ef0-91b1-ae50a871ef5a\新0.5.xlsx -> 数据
内服0.5s,内服,实测,399,6.650000,58.568200,D:\Codex\video-editing\new_0_5_speed_distance\outputs\019f8e88-3e4a-7ef0-91b1-ae50a871ef5a\新0.5.xlsx -> 数据
内服0.5s,内服,实测,400,6.666667,58.780300,D:\Codex\video-editing\new_0_5_speed_distance\outputs\019f8e88-3e4a-7ef0-91b1-ae50a871ef5a\新0.5.xlsx -> 数据
内服0.5s,内服,实测,401,6.683333,58.780300,D:\Codex\video-editing\new_0_5_speed_distance\outputs\019f8e88-3e4a-7ef0-91b1-ae50a871ef5a\新0.5.xlsx -> 数据
内服0.5s,内服,实测,402,6.700000,58.780300,D:\Codex\video-editing\new_0_5_speed_distance\outputs\019f8e88-3e4a-7ef0-91b1-ae50a871ef5a\新0.5.xlsx -> 数据
内服0.5s,内服,实测,403,6.716667,58.925200,D:\Codex\video-editing\new_0_5_speed_distance\outputs\019f8e88-3e4a-7ef0-91b1-ae50a871ef5a\新0.5.xlsx -> 数据
内服0.5s,内服,实测,404,6.733333,58.925200,D:\Codex\video-editing\new_0_5_speed_distance\outputs\019f8e88-3e4a-7ef0-91b1-ae50a871ef5a\新0.5.xlsx -> 数据
内服0.5s,内服,实测,405,6.750000,59.235200,D:\Codex\video-editing\new_0_5_speed_distance\outputs\019f8e88-3e4a-7ef0-91b1-ae50a871ef5a\新0.5.xlsx -> 数据
内服0.5s,内服,实测,406,6.766667,59.235200,D:\Codex\video-editing\new_0_5_speed_distance\outputs\019f8e88-3e4a-7ef0-91b1-ae50a871ef5a\新0.5.xlsx -> 数据
内服0.5s,内服,实测,407,6.783333,59.235200,D:\Codex\video-editing\new_0_5_speed_distance\outputs\019f8e88-3e4a-7ef0-91b1-ae50a871ef5a\新0.5.xlsx -> 数据
内服0.5s,内服,实测,408,6.800000,59.403200,D:\Codex\video-editing\new_0_5_speed_distance\outputs\019f8e88-3e4a-7ef0-91b1-ae50a871ef5a\新0.5.xlsx -> 数据
内服0.5s,内服,实测,409,6.816667,59.573200,D:\Codex\video-editing\new_0_5_speed_distance\outputs\019f8e88-3e4a-7ef0-91b1-ae50a871ef5a\新0.5.xlsx -> 数据
内服0.5s,内服,实测,410,6.833333,59.573200,D:\Codex\video-editing\new_0_5_speed_distance\outputs\019f8e88-3e4a-7ef0-91b1-ae50a871ef5a\新0.5.xlsx -> 数据
内服0.5s,内服,实测,411,6.850000,59.573200,D:\Codex\video-editing\new_0_5_speed_distance\outputs\019f8e88-3e4a-7ef0-91b1-ae50a871ef5a\新0.5.xlsx -> 数据
内服0.5s,内服,实测,412,6.866667,59.752200,D:\Codex\video-editing\new_0_5_speed_distance\outputs\019f8e88-3e4a-7ef0-91b1-ae50a871ef5a\新0.5.xlsx -> 数据
内服0.5s,内服,实测,413,6.883333,59.946200,D:\Codex\video-editing\new_0_5_speed_distance\outputs\019f8e88-3e4a-7ef0-91b1-ae50a871ef5a\新0.5.xlsx -> 数据
内服0.5s,内服,实测,414,6.900000,59.946200,D:\Codex\video-editing\new_0_5_speed_distance\outputs\019f8e88-3e4a-7ef0-91b1-ae50a871ef5a\新0.5.xlsx -> 数据
内服0.5s,内服,实测,415,6.916667,59.946200,D:\Codex\video-editing\new_0_5_speed_distance\outputs\019f8e88-3e4a-7ef0-91b1-ae50a871ef5a\新0.5.xlsx -> 数据
内服0.5s,内服,实测,416,6.933333,60.383200,D:\Codex\video-editing\new_0_5_speed_distance\outputs\019f8e88-3e4a-7ef0-91b1-ae50a871ef5a\新0.5.xlsx -> 数据
内服0.5s,内服,实测,417,6.950000,60.383200,D:\Codex\video-editing\new_0_5_speed_distance\outputs\019f8e88-3e4a-7ef0-91b1-ae50a871ef5a\新0.5.xlsx -> 数据
内服0.5s,内服,实测,418,6.966667,60.383200,D:\Codex\video-editing\new_0_5_speed_distance\outputs\019f8e88-3e4a-7ef0-91b1-ae50a871ef5a\新0.5.xlsx -> 数据
内服0.5s,内服,实测,419,6.983333,60.383200,D:\Codex\video-editing\new_0_5_speed_distance\outputs\019f8e88-3e4a-7ef0-91b1-ae50a871ef5a\新0.5.xlsx -> 数据
内服0.5s,内服,实测,420,7.000000,60.655200,D:\Codex\video-editing\new_0_5_speed_distance\outputs\019f8e88-3e4a-7ef0-91b1-ae50a871ef5a\新0.5.xlsx -> 数据
内服0.5s,内服,实测,421,7.016667,60.655200,D:\Codex\video-editing\new_0_5_speed_distance\outputs\019f8e88-3e4a-7ef0-91b1-ae50a871ef5a\新0.5.xlsx -> 数据
内服0.5s,内服,实测,422,7.033333,61.105200,D:\Codex\video-editing\new_0_5_speed_distance\outputs\019f8e88-3e4a-7ef0-91b1-ae50a871ef5a\新0.5.xlsx -> 数据
内服0.5s,内服,实测,423,7.050000,61.551200,D:\Codex\video-editing\new_0_5_speed_distance\outputs\019f8e88-3e4a-7ef0-91b1-ae50a871ef5a\新0.5.xlsx -> 数据
内服0.5s,内服,实测,424,7.066667,61.551200,D:\Codex\video-editing\new_0_5_speed_distance\outputs\019f8e88-3e4a-7ef0-91b1-ae50a871ef5a\新0.5.xlsx -> 数据
内服0.5s,内服,实测,425,7.083333,61.551200,D:\Codex\video-editing\new_0_5_speed_distance\outputs\019f8e88-3e4a-7ef0-91b1-ae50a871ef5a\新0.5.xlsx -> 数据
内服0.5s,内服,实测,426,7.100000,61.992200,D:\Codex\video-editing\new_0_5_speed_distance\outputs\019f8e88-3e4a-7ef0-91b1-ae50a871ef5a\新0.5.xlsx -> 数据
内服0.5s,内服,实测,427,7.116667,62.429200,D:\Codex\video-editing\new_0_5_speed_distance\outputs\019f8e88-3e4a-7ef0-91b1-ae50a871ef5a\新0.5.xlsx -> 数据
内服0.5s,内服,实测,428,7.133333,62.429200,D:\Codex\video-editing\new_0_5_speed_distance\outputs\019f8e88-3e4a-7ef0-91b1-ae50a871ef5a\新0.5.xlsx -> 数据
内服0.5s,内服,实测,429,7.150000,62.861200,D:\Codex\video-editing\new_0_5_speed_distance\outputs\019f8e88-3e4a-7ef0-91b1-ae50a871ef5a\新0.5.xlsx -> 数据
内服0.5s,内服,实测,430,7.166667,62.861200,D:\Codex\video-editing\new_0_5_speed_distance\outputs\019f8e88-3e4a-7ef0-91b1-ae50a871ef5a\新0.5.xlsx -> 数据
内服0.5s,内服,实测,431,7.183333,62.861200,D:\Codex\video-editing\new_0_5_speed_distance\outputs\019f8e88-3e4a-7ef0-91b1-ae50a871ef5a\新0.5.xlsx -> 数据
内服0.5s,内服,实测,432,7.200000,63.289200,D:\Codex\video-editing\new_0_5_speed_distance\outputs\019f8e88-3e4a-7ef0-91b1-ae50a871ef5a\新0.5.xlsx -> 数据
内服0.5s,内服,实测,433,7.216667,63.712200,D:\Codex\video-editing\new_0_5_speed_distance\outputs\019f8e88-3e4a-7ef0-91b1-ae50a871ef5a\新0.5.xlsx -> 数据
内服0.5s,内服,实测,434,7.233333,63.712200,D:\Codex\video-editing\new_0_5_speed_distance\outputs\019f8e88-3e4a-7ef0-91b1-ae50a871ef5a\新0.5.xlsx -> 数据
内服0.5s,内服,实测,435,7.250000,63.712200,D:\Codex\video-editing\new_0_5_speed_distance\outputs\019f8e88-3e4a-7ef0-91b1-ae50a871ef5a\新0.5.xlsx -> 数据
内服0.5s,内服,实测,436,7.266667,64.131200,D:\Codex\video-editing\new_0_5_speed_distance\outputs\019f8e88-3e4a-7ef0-91b1-ae50a871ef5a\新0.5.xlsx -> 数据
内服0.5s,内服,实测,437,7.283333,64.131200,D:\Codex\video-editing\new_0_5_speed_distance\outputs\019f8e88-3e4a-7ef0-91b1-ae50a871ef5a\新0.5.xlsx -> 数据
内服0.5s,内服,实测,438,7.300000,64.545200,D:\Codex\video-editing\new_0_5_speed_distance\outputs\019f8e88-3e4a-7ef0-91b1-ae50a871ef5a\新0.5.xlsx -> 数据
内服0.5s,内服,实测,439,7.316667,64.955200,D:\Codex\video-editing\new_0_5_speed_distance\outputs\019f8e88-3e4a-7ef0-91b1-ae50a871ef5a\新0.5.xlsx -> 数据
内服0.5s,内服,实测,440,7.333333,64.955200,D:\Codex\video-editing\new_0_5_speed_distance\outputs\019f8e88-3e4a-7ef0-91b1-ae50a871ef5a\新0.5.xlsx -> 数据
内服0.5s,内服,实测,441,7.350000,65.361200,D:\Codex\video-editing\new_0_5_speed_distance\outputs\019f8e88-3e4a-7ef0-91b1-ae50a871ef5a\新0.5.xlsx -> 数据
内服0.5s,内服,实测,442,7.366667,65.361200,D:\Codex\video-editing\new_0_5_speed_distance\outputs\019f8e88-3e4a-7ef0-91b1-ae50a871ef5a\新0.5.xlsx -> 数据
内服0.5s,内服,实测,443,7.383333,65.361200,D:\Codex\video-editing\new_0_5_speed_distance\outputs\019f8e88-3e4a-7ef0-91b1-ae50a871ef5a\新0.5.xlsx -> 数据
内服0.5s,内服,实测,444,7.400000,65.762200,D:\Codex\video-editing\new_0_5_speed_distance\outputs\019f8e88-3e4a-7ef0-91b1-ae50a871ef5a\新0.5.xlsx -> 数据
内服0.5s,内服,实测,445,7.416667,66.125200,D:\Codex\video-editing\new_0_5_speed_distance\outputs\019f8e88-3e4a-7ef0-91b1-ae50a871ef5a\新0.5.xlsx -> 数据
内服0.5s,内服,实测,446,7.433333,66.125200,D:\Codex\video-editing\new_0_5_speed_distance\outputs\019f8e88-3e4a-7ef0-91b1-ae50a871ef5a\新0.5.xlsx -> 数据
内服0.5s,内服,实测,447,7.450000,66.125200,D:\Codex\video-editing\new_0_5_speed_distance\outputs\019f8e88-3e4a-7ef0-91b1-ae50a871ef5a\新0.5.xlsx -> 数据
内服0.5s,内服,实测,448,7.466667,66.484200,D:\Codex\video-editing\new_0_5_speed_distance\outputs\019f8e88-3e4a-7ef0-91b1-ae50a871ef5a\新0.5.xlsx -> 数据
内服0.5s,内服,实测,449,7.483333,66.484200,D:\Codex\video-editing\new_0_5_speed_distance\outputs\019f8e88-3e4a-7ef0-91b1-ae50a871ef5a\新0.5.xlsx -> 数据
内服0.5s,内服,实测,450,7.500000,66.839200,D:\Codex\video-editing\new_0_5_speed_distance\outputs\019f8e88-3e4a-7ef0-91b1-ae50a871ef5a\新0.5.xlsx -> 数据
内服0.5s,内服,实测,451,7.516667,67.189200,D:\Codex\video-editing\new_0_5_speed_distance\outputs\019f8e88-3e4a-7ef0-91b1-ae50a871ef5a\新0.5.xlsx -> 数据
内服0.5s,内服,实测,452,7.533333,67.189200,D:\Codex\video-editing\new_0_5_speed_distance\outputs\019f8e88-3e4a-7ef0-91b1-ae50a871ef5a\新0.5.xlsx -> 数据
内服0.5s,内服,实测,453,7.550000,67.534200,D:\Codex\video-editing\new_0_5_speed_distance\outputs\019f8e88-3e4a-7ef0-91b1-ae50a871ef5a\新0.5.xlsx -> 数据
内服0.5s,内服,实测,454,7.566667,67.534200,D:\Codex\video-editing\new_0_5_speed_distance\outputs\019f8e88-3e4a-7ef0-91b1-ae50a871ef5a\新0.5.xlsx -> 数据
内服0.5s,内服,实测,455,7.583333,67.534200,D:\Codex\video-editing\new_0_5_speed_distance\outputs\019f8e88-3e4a-7ef0-91b1-ae50a871ef5a\新0.5.xlsx -> 数据
内服0.5s,内服,实测,456,7.600000,67.875200,D:\Codex\video-editing\new_0_5_speed_distance\outputs\019f8e88-3e4a-7ef0-91b1-ae50a871ef5a\新0.5.xlsx -> 数据
内服0.5s,内服,实测,457,7.616667,68.212200,D:\Codex\video-editing\new_0_5_speed_distance\outputs\019f8e88-3e4a-7ef0-91b1-ae50a871ef5a\新0.5.xlsx -> 数据
内服0.5s,内服,实测,458,7.633333,68.212200,D:\Codex\video-editing\new_0_5_speed_distance\outputs\019f8e88-3e4a-7ef0-91b1-ae50a871ef5a\新0.5.xlsx -> 数据
内服0.5s,内服,实测,459,7.650000,68.212200,D:\Codex\video-editing\new_0_5_speed_distance\outputs\019f8e88-3e4a-7ef0-91b1-ae50a871ef5a\新0.5.xlsx -> 数据
内服0.5s,内服,实测,460,7.666667,68.212200,D:\Codex\video-editing\new_0_5_speed_distance\outputs\019f8e88-3e4a-7ef0-91b1-ae50a871ef5a\新0.5.xlsx -> 数据
内服0.5s,内服,实测,461,7.683333,68.544200,D:\Codex\video-editing\new_0_5_speed_distance\outputs\019f8e88-3e4a-7ef0-91b1-ae50a871ef5a\新0.5.xlsx -> 数据
内服0.5s,内服,实测,462,7.700000,68.544200,D:\Codex\video-editing\new_0_5_speed_distance\outputs\019f8e88-3e4a-7ef0-91b1-ae50a871ef5a\新0.5.xlsx -> 数据
内服0.5s,内服,实测,463,7.716667,68.872200,D:\Codex\video-editing\new_0_5_speed_distance\outputs\019f8e88-3e4a-7ef0-91b1-ae50a871ef5a\新0.5.xlsx -> 数据
内服0.5s,内服,实测,464,7.733333,68.872200,D:\Codex\video-editing\new_0_5_speed_distance\outputs\019f8e88-3e4a-7ef0-91b1-ae50a871ef5a\新0.5.xlsx -> 数据
内服0.5s,内服,实测,465,7.750000,69.195200,D:\Codex\video-editing\new_0_5_speed_distance\outputs\019f8e88-3e4a-7ef0-91b1-ae50a871ef5a\新0.5.xlsx -> 数据
内服0.5s,内服,实测,466,7.766667,69.195200,D:\Codex\video-editing\new_0_5_speed_distance\outputs\019f8e88-3e4a-7ef0-91b1-ae50a871ef5a\新0.5.xlsx -> 数据
内服0.5s,内服,实测,467,7.783333,69.514200,D:\Codex\video-editing\new_0_5_speed_distance\outputs\019f8e88-3e4a-7ef0-91b1-ae50a871ef5a\新0.5.xlsx -> 数据
内服0.5s,内服,实测,468,7.800000,69.514200,D:\Codex\video-editing\new_0_5_speed_distance\outputs\019f8e88-3e4a-7ef0-91b1-ae50a871ef5a\新0.5.xlsx -> 数据
内服0.5s,内服,实测,469,7.816667,69.514200,D:\Codex\video-editing\new_0_5_speed_distance\outputs\019f8e88-3e4a-7ef0-91b1-ae50a871ef5a\新0.5.xlsx -> 数据
内服0.5s,内服,实测,470,7.833333,69.829200,D:\Codex\video-editing\new_0_5_speed_distance\outputs\019f8e88-3e4a-7ef0-91b1-ae50a871ef5a\新0.5.xlsx -> 数据
内服0.5s,内服,实测,471,7.850000,70.099200,D:\Codex\video-editing\new_0_5_speed_distance\outputs\019f8e88-3e4a-7ef0-91b1-ae50a871ef5a\新0.5.xlsx -> 数据
内服0.5s,内服,实测,472,7.866667,70.099200,D:\Codex\video-editing\new_0_5_speed_distance\outputs\019f8e88-3e4a-7ef0-91b1-ae50a871ef5a\新0.5.xlsx -> 数据
内服0.5s,内服,实测,473,7.883333,70.099200,D:\Codex\video-editing\new_0_5_speed_distance\outputs\019f8e88-3e4a-7ef0-91b1-ae50a871ef5a\新0.5.xlsx -> 数据
内服0.5s,内服,实测,474,7.900000,70.099200,D:\Codex\video-editing\new_0_5_speed_distance\outputs\019f8e88-3e4a-7ef0-91b1-ae50a871ef5a\新0.5.xlsx -> 数据
内服0.5s,内服,实测,475,7.916667,70.505200,D:\Codex\video-editing\new_0_5_speed_distance\outputs\019f8e88-3e4a-7ef0-91b1-ae50a871ef5a\新0.5.xlsx -> 数据
内服0.5s,内服,实测,476,7.933333,70.505200,D:\Codex\video-editing\new_0_5_speed_distance\outputs\019f8e88-3e4a-7ef0-91b1-ae50a871ef5a\新0.5.xlsx -> 数据
内服0.5s,内服,实测,477,7.950000,70.642200,D:\Codex\video-editing\new_0_5_speed_distance\outputs\019f8e88-3e4a-7ef0-91b1-ae50a871ef5a\新0.5.xlsx -> 数据
内服0.5s,内服,实测,478,7.966667,70.734200,D:\Codex\video-editing\new_0_5_speed_distance\outputs\019f8e88-3e4a-7ef0-91b1-ae50a871ef5a\新0.5.xlsx -> 数据
内服0.5s,内服,实测,479,7.983333,70.734200,D:\Codex\video-editing\new_0_5_speed_distance\outputs\019f8e88-3e4a-7ef0-91b1-ae50a871ef5a\新0.5.xlsx -> 数据
内服0.5s,内服,实测,480,8.000000,70.734200,D:\Codex\video-editing\new_0_5_speed_distance\outputs\019f8e88-3e4a-7ef0-91b1-ae50a871ef5a\新0.5.xlsx -> 数据
内服0.5s,内服,实测,481,8.016667,70.782200,D:\Codex\video-editing\new_0_5_speed_distance\outputs\019f8e88-3e4a-7ef0-91b1-ae50a871ef5a\新0.5.xlsx -> 数据
内服0.5s,内服,实测,482,8.033333,70.782200,D:\Codex\video-editing\new_0_5_speed_distance\outputs\019f8e88-3e4a-7ef0-91b1-ae50a871ef5a\新0.5.xlsx -> 数据
内服0.5s,内服,实测,483,8.050000,70.785200,D:\Codex\video-editing\new_0_5_speed_distance\outputs\019f8e88-3e4a-7ef0-91b1-ae50a871ef5a\新0.5.xlsx -> 数据
内服0.5s,内服,实测,484,8.066667,70.785200,D:\Codex\video-editing\new_0_5_speed_distance\outputs\019f8e88-3e4a-7ef0-91b1-ae50a871ef5a\新0.5.xlsx -> 数据
内服0.5s,内服,实测,485,8.083333,70.785200,D:\Codex\video-editing\new_0_5_speed_distance\outputs\019f8e88-3e4a-7ef0-91b1-ae50a871ef5a\新0.5.xlsx -> 数据
内服0.5s,内服,实测,486,8.100000,70.885200,D:\Codex\video-editing\new_0_5_speed_distance\outputs\019f8e88-3e4a-7ef0-91b1-ae50a871ef5a\新0.5.xlsx -> 数据
内服0.5s,内服,实测,487,8.116667,71.019200,D:\Codex\video-editing\new_0_5_speed_distance\outputs\019f8e88-3e4a-7ef0-91b1-ae50a871ef5a\新0.5.xlsx -> 数据
内服0.5s,内服,实测,488,8.133333,71.019200,D:\Codex\video-editing\new_0_5_speed_distance\outputs\019f8e88-3e4a-7ef0-91b1-ae50a871ef5a\新0.5.xlsx -> 数据
内服0.5s,内服,实测,489,8.150000,71.019200,D:\Codex\video-editing\new_0_5_speed_distance\outputs\019f8e88-3e4a-7ef0-91b1-ae50a871ef5a\新0.5.xlsx -> 数据
内服0.5s,内服,实测,490,8.166667,71.185200,D:\Codex\video-editing\new_0_5_speed_distance\outputs\019f8e88-3e4a-7ef0-91b1-ae50a871ef5a\新0.5.xlsx -> 数据
内服0.5s,内服,实测,491,8.183333,71.385200,D:\Codex\video-editing\new_0_5_speed_distance\outputs\019f8e88-3e4a-7ef0-91b1-ae50a871ef5a\新0.5.xlsx -> 数据
内服0.5s,内服,实测,492,8.200000,71.385200,D:\Codex\video-editing\new_0_5_speed_distance\outputs\019f8e88-3e4a-7ef0-91b1-ae50a871ef5a\新0.5.xlsx -> 数据
内服0.5s,内服,实测,493,8.216667,71.599200,D:\Codex\video-editing\new_0_5_speed_distance\outputs\019f8e88-3e4a-7ef0-91b1-ae50a871ef5a\新0.5.xlsx -> 数据
内服0.5s,内服,实测,494,8.233333,71.599200,D:\Codex\video-editing\new_0_5_speed_distance\outputs\019f8e88-3e4a-7ef0-91b1-ae50a871ef5a\新0.5.xlsx -> 数据
内服0.5s,内服,实测,495,8.250000,71.825200,D:\Codex\video-editing\new_0_5_speed_distance\outputs\019f8e88-3e4a-7ef0-91b1-ae50a871ef5a\新0.5.xlsx -> 数据
内服0.5s,内服,实测,496,8.266667,71.825200,D:\Codex\video-editing\new_0_5_speed_distance\outputs\019f8e88-3e4a-7ef0-91b1-ae50a871ef5a\新0.5.xlsx -> 数据
内服0.5s,内服,实测,497,8.283333,71.825200,D:\Codex\video-editing\new_0_5_speed_distance\outputs\019f8e88-3e4a-7ef0-91b1-ae50a871ef5a\新0.5.xlsx -> 数据
内服0.5s,内服,实测,498,8.300000,72.319200,D:\Codex\video-editing\new_0_5_speed_distance\outputs\019f8e88-3e4a-7ef0-91b1-ae50a871ef5a\新0.5.xlsx -> 数据
内服0.5s,内服,实测,499,8.316667,72.319200,D:\Codex\video-editing\new_0_5_speed_distance\outputs\019f8e88-3e4a-7ef0-91b1-ae50a871ef5a\新0.5.xlsx -> 数据
内服0.5s,内服,实测,500,8.333333,72.319200,D:\Codex\video-editing\new_0_5_speed_distance\outputs\019f8e88-3e4a-7ef0-91b1-ae50a871ef5a\新0.5.xlsx -> 数据
内服0.5s,内服,实测,501,8.350000,72.585200,D:\Codex\video-editing\new_0_5_speed_distance\outputs\019f8e88-3e4a-7ef0-91b1-ae50a871ef5a\新0.5.xlsx -> 数据
内服0.5s,内服,实测,502,8.366667,72.585200,D:\Codex\video-editing\new_0_5_speed_distance\outputs\019f8e88-3e4a-7ef0-91b1-ae50a871ef5a\新0.5.xlsx -> 数据
内服0.5s,内服,实测,503,8.383333,72.852200,D:\Codex\video-editing\new_0_5_speed_distance\outputs\019f8e88-3e4a-7ef0-91b1-ae50a871ef5a\新0.5.xlsx -> 数据
内服0.5s,内服,实测,504,8.400000,72.852200,D:\Codex\video-editing\new_0_5_speed_distance\outputs\019f8e88-3e4a-7ef0-91b1-ae50a871ef5a\新0.5.xlsx -> 数据
内服0.5s,内服,实测,505,8.416667,73.119200,D:\Codex\video-editing\new_0_5_speed_distance\outputs\019f8e88-3e4a-7ef0-91b1-ae50a871ef5a\新0.5.xlsx -> 数据
内服0.5s,内服,实测,506,8.433333,73.385200,D:\Codex\video-editing\new_0_5_speed_distance\outputs\019f8e88-3e4a-7ef0-91b1-ae50a871ef5a\新0.5.xlsx -> 数据
内服0.5s,内服,实测,507,8.450000,73.385200,D:\Codex\video-editing\new_0_5_speed_distance\outputs\019f8e88-3e4a-7ef0-91b1-ae50a871ef5a\新0.5.xlsx -> 数据
内服0.5s,内服,实测,508,8.466667,73.652200,D:\Codex\video-editing\new_0_5_speed_distance\outputs\019f8e88-3e4a-7ef0-91b1-ae50a871ef5a\新0.5.xlsx -> 数据
内服0.5s,内服,实测,509,8.483333,73.652200,D:\Codex\video-editing\new_0_5_speed_distance\outputs\019f8e88-3e4a-7ef0-91b1-ae50a871ef5a\新0.5.xlsx -> 数据
内服0.5s,内服,实测,510,8.500000,73.652200,D:\Codex\video-editing\new_0_5_speed_distance\outputs\019f8e88-3e4a-7ef0-91b1-ae50a871ef5a\新0.5.xlsx -> 数据
内服0.5s,内服,实测,511,8.516667,73.919200,D:\Codex\video-editing\new_0_5_speed_distance\outputs\019f8e88-3e4a-7ef0-91b1-ae50a871ef5a\新0.5.xlsx -> 数据
内服0.5s,内服,实测,512,8.533333,73.919200,D:\Codex\video-editing\new_0_5_speed_distance\outputs\019f8e88-3e4a-7ef0-91b1-ae50a871ef5a\新0.5.xlsx -> 数据
内服0.5s,内服,实测,513,8.550000,74.185200,D:\Codex\video-editing\new_0_5_speed_distance\outputs\019f8e88-3e4a-7ef0-91b1-ae50a871ef5a\新0.5.xlsx -> 数据
内服0.5s,内服,实测,514,8.566667,74.452200,D:\Codex\video-editing\new_0_5_speed_distance\outputs\019f8e88-3e4a-7ef0-91b1-ae50a871ef5a\新0.5.xlsx -> 数据
内服0.5s,内服,实测,515,8.583333,74.452200,D:\Codex\video-editing\new_0_5_speed_distance\outputs\019f8e88-3e4a-7ef0-91b1-ae50a871ef5a\新0.5.xlsx -> 数据
内服0.5s,内服,实测,516,8.600000,74.452200,D:\Codex\video-editing\new_0_5_speed_distance\outputs\019f8e88-3e4a-7ef0-91b1-ae50a871ef5a\新0.5.xlsx -> 数据
内服0.5s,内服,实测,517,8.616667,74.452200,D:\Codex\video-editing\new_0_5_speed_distance\outputs\019f8e88-3e4a-7ef0-91b1-ae50a871ef5a\新0.5.xlsx -> 数据
内服0.5s,内服,实测,518,8.633333,74.719200,D:\Codex\video-editing\new_0_5_speed_distance\outputs\019f8e88-3e4a-7ef0-91b1-ae50a871ef5a\新0.5.xlsx -> 数据
内服0.5s,内服,实测,519,8.650000,74.985200,D:\Codex\video-editing\new_0_5_speed_distance\outputs\019f8e88-3e4a-7ef0-91b1-ae50a871ef5a\新0.5.xlsx -> 数据
内服0.5s,内服,实测,520,8.666667,75.252200,D:\Codex\video-editing\new_0_5_speed_distance\outputs\019f8e88-3e4a-7ef0-91b1-ae50a871ef5a\新0.5.xlsx -> 数据
内服0.5s,内服,实测,521,8.683333,75.252200,D:\Codex\video-editing\new_0_5_speed_distance\outputs\019f8e88-3e4a-7ef0-91b1-ae50a871ef5a\新0.5.xlsx -> 数据
内服0.5s,内服,实测,522,8.700000,75.252200,D:\Codex\video-editing\new_0_5_speed_distance\outputs\019f8e88-3e4a-7ef0-91b1-ae50a871ef5a\新0.5.xlsx -> 数据
内服0.5s,内服,实测,523,8.716667,75.519200,D:\Codex\video-editing\new_0_5_speed_distance\outputs\019f8e88-3e4a-7ef0-91b1-ae50a871ef5a\新0.5.xlsx -> 数据
内服0.5s,内服,实测,524,8.733333,75.519200,D:\Codex\video-editing\new_0_5_speed_distance\outputs\019f8e88-3e4a-7ef0-91b1-ae50a871ef5a\新0.5.xlsx -> 数据
内服0.5s,内服,实测,525,8.750000,75.785200,D:\Codex\video-editing\new_0_5_speed_distance\outputs\019f8e88-3e4a-7ef0-91b1-ae50a871ef5a\新0.5.xlsx -> 数据
内服0.5s,内服,实测,526,8.766667,75.785200,D:\Codex\video-editing\new_0_5_speed_distance\outputs\019f8e88-3e4a-7ef0-91b1-ae50a871ef5a\新0.5.xlsx -> 数据
内服0.5s,内服,实测,527,8.783333,76.052200,D:\Codex\video-editing\new_0_5_speed_distance\outputs\019f8e88-3e4a-7ef0-91b1-ae50a871ef5a\新0.5.xlsx -> 数据
内服0.5s,内服,实测,528,8.800000,76.319200,D:\Codex\video-editing\new_0_5_speed_distance\outputs\019f8e88-3e4a-7ef0-91b1-ae50a871ef5a\新0.5.xlsx -> 数据
内服0.5s,内服,实测,529,8.816667,76.319200,D:\Codex\video-editing\new_0_5_speed_distance\outputs\019f8e88-3e4a-7ef0-91b1-ae50a871ef5a\新0.5.xlsx -> 数据
内服0.5s,内服,实测,530,8.833333,76.585200,D:\Codex\video-editing\new_0_5_speed_distance\outputs\019f8e88-3e4a-7ef0-91b1-ae50a871ef5a\新0.5.xlsx -> 数据
内服0.5s,内服,实测,531,8.850000,76.585200,D:\Codex\video-editing\new_0_5_speed_distance\outputs\019f8e88-3e4a-7ef0-91b1-ae50a871ef5a\新0.5.xlsx -> 数据
内服0.5s,内服,实测,532,8.866667,77.047200,D:\Codex\video-editing\new_0_5_speed_distance\outputs\019f8e88-3e4a-7ef0-91b1-ae50a871ef5a\新0.5.xlsx -> 数据
内服0.5s,内服,实测,533,8.883333,77.047200,D:\Codex\video-editing\new_0_5_speed_distance\outputs\019f8e88-3e4a-7ef0-91b1-ae50a871ef5a\新0.5.xlsx -> 数据
内服0.5s,内服,实测,534,8.900000,77.047200,D:\Codex\video-editing\new_0_5_speed_distance\outputs\019f8e88-3e4a-7ef0-91b1-ae50a871ef5a\新0.5.xlsx -> 数据
内服0.5s,内服,实测,535,8.916667,77.502200,D:\Codex\video-editing\new_0_5_speed_distance\outputs\019f8e88-3e4a-7ef0-91b1-ae50a871ef5a\新0.5.xlsx -> 数据
内服0.5s,内服,实测,536,8.933333,77.952200,D:\Codex\video-editing\new_0_5_speed_distance\outputs\019f8e88-3e4a-7ef0-91b1-ae50a871ef5a\新0.5.xlsx -> 数据
内服0.5s,内服,实测,537,8.950000,77.952200,D:\Codex\video-editing\new_0_5_speed_distance\outputs\019f8e88-3e4a-7ef0-91b1-ae50a871ef5a\新0.5.xlsx -> 数据
内服0.5s,内服,实测,538,8.966667,78.397200,D:\Codex\video-editing\new_0_5_speed_distance\outputs\019f8e88-3e4a-7ef0-91b1-ae50a871ef5a\新0.5.xlsx -> 数据
内服0.5s,内服,实测,539,8.983333,78.397200,D:\Codex\video-editing\new_0_5_speed_distance\outputs\019f8e88-3e4a-7ef0-91b1-ae50a871ef5a\新0.5.xlsx -> 数据
内服0.5s,内服,实测,540,9.000000,78.835200,D:\Codex\video-editing\new_0_5_speed_distance\outputs\019f8e88-3e4a-7ef0-91b1-ae50a871ef5a\新0.5.xlsx -> 数据
内服0.5s,内服,实测,541,9.016667,78.835200,D:\Codex\video-editing\new_0_5_speed_distance\outputs\019f8e88-3e4a-7ef0-91b1-ae50a871ef5a\新0.5.xlsx -> 数据
内服0.5s,内服,实测,542,9.033333,79.269200,D:\Codex\video-editing\new_0_5_speed_distance\outputs\019f8e88-3e4a-7ef0-91b1-ae50a871ef5a\新0.5.xlsx -> 数据
内服0.5s,内服,实测,543,9.050000,79.269200,D:\Codex\video-editing\new_0_5_speed_distance\outputs\019f8e88-3e4a-7ef0-91b1-ae50a871ef5a\新0.5.xlsx -> 数据
内服0.5s,内服,实测,544,9.066667,79.269200,D:\Codex\video-editing\new_0_5_speed_distance\outputs\019f8e88-3e4a-7ef0-91b1-ae50a871ef5a\新0.5.xlsx -> 数据
内服0.5s,内服,实测,545,9.083333,79.697200,D:\Codex\video-editing\new_0_5_speed_distance\outputs\019f8e88-3e4a-7ef0-91b1-ae50a871ef5a\新0.5.xlsx -> 数据
内服0.5s,内服,实测,546,9.100000,79.697200,D:\Codex\video-editing\new_0_5_speed_distance\outputs\019f8e88-3e4a-7ef0-91b1-ae50a871ef5a\新0.5.xlsx -> 数据
内服0.5s,内服,实测,547,9.116667,81.968200,D:\Codex\video-editing\new_0_5_speed_distance\outputs\019f8e88-3e4a-7ef0-91b1-ae50a871ef5a\新0.5.xlsx -> 数据
内服0.5s,内服,实测,548,9.133333,82.340200,D:\Codex\video-editing\new_0_5_speed_distance\outputs\019f8e88-3e4a-7ef0-91b1-ae50a871ef5a\新0.5.xlsx -> 数据
内服0.5s,内服,实测,549,9.150000,82.340200,D:\Codex\video-editing\new_0_5_speed_distance\outputs\019f8e88-3e4a-7ef0-91b1-ae50a871ef5a\新0.5.xlsx -> 数据
内服0.5s,内服,实测,550,9.166667,82.340200,D:\Codex\video-editing\new_0_5_speed_distance\outputs\019f8e88-3e4a-7ef0-91b1-ae50a871ef5a\新0.5.xlsx -> 数据
内服0.5s,内服,实测,551,9.183333,82.740200,D:\Codex\video-editing\new_0_5_speed_distance\outputs\019f8e88-3e4a-7ef0-91b1-ae50a871ef5a\新0.5.xlsx -> 数据
内服0.5s,内服,实测,552,9.200000,82.740200,D:\Codex\video-editing\new_0_5_speed_distance\outputs\019f8e88-3e4a-7ef0-91b1-ae50a871ef5a\新0.5.xlsx -> 数据
内服0.5s,内服,实测,553,9.216667,83.103200,D:\Codex\video-editing\new_0_5_speed_distance\outputs\019f8e88-3e4a-7ef0-91b1-ae50a871ef5a\新0.5.xlsx -> 数据
内服0.5s,内服,实测,554,9.233333,83.380200,D:\Codex\video-editing\new_0_5_speed_distance\outputs\019f8e88-3e4a-7ef0-91b1-ae50a871ef5a\新0.5.xlsx -> 数据
内服0.5s,内服,实测,555,9.250000,83.380200,D:\Codex\video-editing\new_0_5_speed_distance\outputs\019f8e88-3e4a-7ef0-91b1-ae50a871ef5a\新0.5.xlsx -> 数据
内服0.5s,内服,实测,556,9.266667,83.573200,D:\Codex\video-editing\new_0_5_speed_distance\outputs\019f8e88-3e4a-7ef0-91b1-ae50a871ef5a\新0.5.xlsx -> 数据
内服0.5s,内服,实测,557,9.283333,83.573200,D:\Codex\video-editing\new_0_5_speed_distance\outputs\019f8e88-3e4a-7ef0-91b1-ae50a871ef5a\新0.5.xlsx -> 数据
内服0.5s,内服,实测,558,9.300000,83.699200,D:\Codex\video-editing\new_0_5_speed_distance\outputs\019f8e88-3e4a-7ef0-91b1-ae50a871ef5a\新0.5.xlsx -> 数据
内服0.5s,内服,实测,559,9.316667,83.699200,D:\Codex\video-editing\new_0_5_speed_distance\outputs\019f8e88-3e4a-7ef0-91b1-ae50a871ef5a\新0.5.xlsx -> 数据
内服0.5s,内服,实测,560,9.333333,83.699200,D:\Codex\video-editing\new_0_5_speed_distance\outputs\019f8e88-3e4a-7ef0-91b1-ae50a871ef5a\新0.5.xlsx -> 数据
内服0.5s,内服,实测,561,9.350000,83.773300,D:\Codex\video-editing\new_0_5_speed_distance\outputs\019f8e88-3e4a-7ef0-91b1-ae50a871ef5a\新0.5.xlsx -> 数据
内服0.5s,内服,实测,562,9.366667,83.773300,D:\Codex\video-editing\new_0_5_speed_distance\outputs\019f8e88-3e4a-7ef0-91b1-ae50a871ef5a\新0.5.xlsx -> 数据
内服0.5s,内服,实测,563,9.383333,83.852200,D:\Codex\video-editing\new_0_5_speed_distance\outputs\019f8e88-3e4a-7ef0-91b1-ae50a871ef5a\新0.5.xlsx -> 数据
内服0.5s,内服,实测,564,9.400000,83.852200,D:\Codex\video-editing\new_0_5_speed_distance\outputs\019f8e88-3e4a-7ef0-91b1-ae50a871ef5a\新0.5.xlsx -> 数据
内服0.5s,内服,实测,565,9.416667,83.852200,D:\Codex\video-editing\new_0_5_speed_distance\outputs\019f8e88-3e4a-7ef0-91b1-ae50a871ef5a\新0.5.xlsx -> 数据
内服0.5s,内服,实测,566,9.433333,84.083200,D:\Codex\video-editing\new_0_5_speed_distance\outputs\019f8e88-3e4a-7ef0-91b1-ae50a871ef5a\新0.5.xlsx -> 数据
内服0.5s,内服,实测,567,9.450000,84.083200,D:\Codex\video-editing\new_0_5_speed_distance\outputs\019f8e88-3e4a-7ef0-91b1-ae50a871ef5a\新0.5.xlsx -> 数据
内服0.5s,内服,实测,568,9.466667,84.238200,D:\Codex\video-editing\new_0_5_speed_distance\outputs\019f8e88-3e4a-7ef0-91b1-ae50a871ef5a\新0.5.xlsx -> 数据
内服0.5s,内服,实测,569,9.483333,84.238200,D:\Codex\video-editing\new_0_5_speed_distance\outputs\019f8e88-3e4a-7ef0-91b1-ae50a871ef5a\新0.5.xlsx -> 数据
内服0.5s,内服,实测,570,9.500000,84.238200,D:\Codex\video-editing\new_0_5_speed_distance\outputs\019f8e88-3e4a-7ef0-91b1-ae50a871ef5a\新0.5.xlsx -> 数据
内服0.5s,内服,实测,571,9.516667,84.422200,D:\Codex\video-editing\new_0_5_speed_distance\outputs\019f8e88-3e4a-7ef0-91b1-ae50a871ef5a\新0.5.xlsx -> 数据
内服0.5s,内服,实测,572,9.533333,84.630200,D:\Codex\video-editing\new_0_5_speed_distance\outputs\019f8e88-3e4a-7ef0-91b1-ae50a871ef5a\新0.5.xlsx -> 数据
内服0.5s,内服,实测,573,9.550000,84.630200,D:\Codex\video-editing\new_0_5_speed_distance\outputs\019f8e88-3e4a-7ef0-91b1-ae50a871ef5a\新0.5.xlsx -> 数据
内服0.5s,内服,实测,574,9.566667,84.855300,D:\Codex\video-editing\new_0_5_speed_distance\outputs\019f8e88-3e4a-7ef0-91b1-ae50a871ef5a\新0.5.xlsx -> 数据
内服0.5s,内服,实测,575,9.583333,84.855300,D:\Codex\video-editing\new_0_5_speed_distance\outputs\019f8e88-3e4a-7ef0-91b1-ae50a871ef5a\新0.5.xlsx -> 数据
内服0.5s,内服,实测,576,9.600000,85.093200,D:\Codex\video-editing\new_0_5_speed_distance\outputs\019f8e88-3e4a-7ef0-91b1-ae50a871ef5a\新0.5.xlsx -> 数据
内服0.5s,内服,实测,577,9.616667,85.093200,D:\Codex\video-editing\new_0_5_speed_distance\outputs\019f8e88-3e4a-7ef0-91b1-ae50a871ef5a\新0.5.xlsx -> 数据
内服0.5s,内服,实测,578,9.633333,85.371200,D:\Codex\video-editing\new_0_5_speed_distance\outputs\019f8e88-3e4a-7ef0-91b1-ae50a871ef5a\新0.5.xlsx -> 数据
内服0.5s,内服,实测,579,9.650000,85.371200,D:\Codex\video-editing\new_0_5_speed_distance\outputs\019f8e88-3e4a-7ef0-91b1-ae50a871ef5a\新0.5.xlsx -> 数据
内服0.5s,内服,实测,580,9.666667,85.371200,D:\Codex\video-editing\new_0_5_speed_distance\outputs\019f8e88-3e4a-7ef0-91b1-ae50a871ef5a\新0.5.xlsx -> 数据
内服0.5s,内服,实测,581,9.683333,85.868300,D:\Codex\video-editing\new_0_5_speed_distance\outputs\019f8e88-3e4a-7ef0-91b1-ae50a871ef5a\新0.5.xlsx -> 数据
内服0.5s,内服,实测,582,9.700000,86.373200,D:\Codex\video-editing\new_0_5_speed_distance\outputs\019f8e88-3e4a-7ef0-91b1-ae50a871ef5a\新0.5.xlsx -> 数据
内服0.5s,内服,实测,583,9.716667,86.373200,D:\Codex\video-editing\new_0_5_speed_distance\outputs\019f8e88-3e4a-7ef0-91b1-ae50a871ef5a\新0.5.xlsx -> 数据
内服0.5s,内服,实测,584,9.733333,86.888300,D:\Codex\video-editing\new_0_5_speed_distance\outputs\019f8e88-3e4a-7ef0-91b1-ae50a871ef5a\新0.5.xlsx -> 数据
内服0.5s,内服,实测,585,9.750000,86.888300,D:\Codex\video-editing\new_0_5_speed_distance\outputs\019f8e88-3e4a-7ef0-91b1-ae50a871ef5a\新0.5.xlsx -> 数据
内服0.5s,内服,实测,586,9.766667,87.411200,D:\Codex\video-editing\new_0_5_speed_distance\outputs\019f8e88-3e4a-7ef0-91b1-ae50a871ef5a\新0.5.xlsx -> 数据
内服0.5s,内服,实测,587,9.783333,87.411200,D:\Codex\video-editing\new_0_5_speed_distance\outputs\019f8e88-3e4a-7ef0-91b1-ae50a871ef5a\新0.5.xlsx -> 数据
内服0.5s,内服,实测,588,9.800000,87.943200,D:\Codex\video-editing\new_0_5_speed_distance\outputs\019f8e88-3e4a-7ef0-91b1-ae50a871ef5a\新0.5.xlsx -> 数据
内服0.5s,内服,实测,589,9.816667,87.943200,D:\Codex\video-editing\new_0_5_speed_distance\outputs\019f8e88-3e4a-7ef0-91b1-ae50a871ef5a\新0.5.xlsx -> 数据
内服0.5s,内服,实测,590,9.833333,87.943200,D:\Codex\video-editing\new_0_5_speed_distance\outputs\019f8e88-3e4a-7ef0-91b1-ae50a871ef5a\新0.5.xlsx -> 数据
内服0.5s,内服,实测,591,9.850000,88.484200,D:\Codex\video-editing\new_0_5_speed_distance\outputs\019f8e88-3e4a-7ef0-91b1-ae50a871ef5a\新0.5.xlsx -> 数据
内服0.5s,内服,实测,592,9.866667,89.034200,D:\Codex\video-editing\new_0_5_speed_distance\outputs\019f8e88-3e4a-7ef0-91b1-ae50a871ef5a\新0.5.xlsx -> 数据
内服0.5s,内服,实测,593,9.883333,89.034200,D:\Codex\video-editing\new_0_5_speed_distance\outputs\019f8e88-3e4a-7ef0-91b1-ae50a871ef5a\新0.5.xlsx -> 数据
内服0.5s,内服,实测,594,9.900000,89.593200,D:\Codex\video-editing\new_0_5_speed_distance\outputs\019f8e88-3e4a-7ef0-91b1-ae50a871ef5a\新0.5.xlsx -> 数据
内服0.5s,内服,实测,595,9.916667,89.593200,D:\Codex\video-editing\new_0_5_speed_distance\outputs\019f8e88-3e4a-7ef0-91b1-ae50a871ef5a\新0.5.xlsx -> 数据
内服0.5s,内服,实测,596,9.933333,90.161200,D:\Codex\video-editing\new_0_5_speed_distance\outputs\019f8e88-3e4a-7ef0-91b1-ae50a871ef5a\新0.5.xlsx -> 数据
内服0.5s,内服,实测,597,9.950000,90.161200,D:\Codex\video-editing\new_0_5_speed_distance\outputs\019f8e88-3e4a-7ef0-91b1-ae50a871ef5a\新0.5.xlsx -> 数据
内服0.5s,内服,实测,598,9.966667,90.738300,D:\Codex\video-editing\new_0_5_speed_distance\outputs\019f8e88-3e4a-7ef0-91b1-ae50a871ef5a\新0.5.xlsx -> 数据
内服0.5s,内服,实测,599,9.983333,91.323200,D:\Codex\video-editing\new_0_5_speed_distance\outputs\019f8e88-3e4a-7ef0-91b1-ae50a871ef5a\新0.5.xlsx -> 数据
内服0.5s,内服,实测,600,10.000000,91.323200,D:\Codex\video-editing\new_0_5_speed_distance\outputs\019f8e88-3e4a-7ef0-91b1-ae50a871ef5a\新0.5.xlsx -> 数据
内服0.5s,内服,实测,601,10.016667,91.323200,D:\Codex\video-editing\new_0_5_speed_distance\outputs\019f8e88-3e4a-7ef0-91b1-ae50a871ef5a\新0.5.xlsx -> 数据
内服0.5s,内服,实测,602,10.033333,91.918300,D:\Codex\video-editing\new_0_5_speed_distance\outputs\019f8e88-3e4a-7ef0-91b1-ae50a871ef5a\新0.5.xlsx -> 数据
内服0.5s,内服,实测,603,10.050000,91.918300,D:\Codex\video-editing\new_0_5_speed_distance\outputs\019f8e88-3e4a-7ef0-91b1-ae50a871ef5a\新0.5.xlsx -> 数据
内服0.5s,内服,实测,604,10.066667,92.521200,D:\Codex\video-editing\new_0_5_speed_distance\outputs\019f8e88-3e4a-7ef0-91b1-ae50a871ef5a\新0.5.xlsx -> 数据
内服0.5s,内服,实测,605,10.083333,92.521200,D:\Codex\video-editing\new_0_5_speed_distance\outputs\019f8e88-3e4a-7ef0-91b1-ae50a871ef5a\新0.5.xlsx -> 数据
内服0.5s,内服,实测,606,10.100000,93.133200,D:\Codex\video-editing\new_0_5_speed_distance\outputs\019f8e88-3e4a-7ef0-91b1-ae50a871ef5a\新0.5.xlsx -> 数据
内服0.5s,内服,实测,607,10.116667,93.133200,D:\Codex\video-editing\new_0_5_speed_distance\outputs\019f8e88-3e4a-7ef0-91b1-ae50a871ef5a\新0.5.xlsx -> 数据
内服0.5s,内服,实测,608,10.133333,93.754200,D:\Codex\video-editing\new_0_5_speed_distance\outputs\019f8e88-3e4a-7ef0-91b1-ae50a871ef5a\新0.5.xlsx -> 数据
内服0.5s,内服,实测,609,10.150000,93.754200,D:\Codex\video-editing\new_0_5_speed_distance\outputs\019f8e88-3e4a-7ef0-91b1-ae50a871ef5a\新0.5.xlsx -> 数据
内服0.5s,内服,实测,610,10.166667,94.384200,D:\Codex\video-editing\new_0_5_speed_distance\outputs\019f8e88-3e4a-7ef0-91b1-ae50a871ef5a\新0.5.xlsx -> 数据
内服0.5s,内服,实测,611,10.183333,95.023200,D:\Codex\video-editing\new_0_5_speed_distance\outputs\019f8e88-3e4a-7ef0-91b1-ae50a871ef5a\新0.5.xlsx -> 数据
内服0.5s,内服,实测,612,10.200000,95.023200,D:\Codex\video-editing\new_0_5_speed_distance\outputs\019f8e88-3e4a-7ef0-91b1-ae50a871ef5a\新0.5.xlsx -> 数据
内服0.5s,内服,实测,613,10.216667,95.664200,D:\Codex\video-editing\new_0_5_speed_distance\outputs\019f8e88-3e4a-7ef0-91b1-ae50a871ef5a\新0.5.xlsx -> 数据
内服0.5s,内服,实测,614,10.233333,95.664200,D:\Codex\video-editing\new_0_5_speed_distance\outputs\019f8e88-3e4a-7ef0-91b1-ae50a871ef5a\新0.5.xlsx -> 数据
内服0.5s,内服,实测,615,10.250000,96.301200,D:\Codex\video-editing\new_0_5_speed_distance\outputs\019f8e88-3e4a-7ef0-91b1-ae50a871ef5a\新0.5.xlsx -> 数据
内服0.5s,内服,实测,616,10.266667,96.301200,D:\Codex\video-editing\new_0_5_speed_distance\outputs\019f8e88-3e4a-7ef0-91b1-ae50a871ef5a\新0.5.xlsx -> 数据
内服0.5s,内服,实测,617,10.283333,96.301200,D:\Codex\video-editing\new_0_5_speed_distance\outputs\019f8e88-3e4a-7ef0-91b1-ae50a871ef5a\新0.5.xlsx -> 数据
内服0.5s,内服,实测,618,10.300000,96.933200,D:\Codex\video-editing\new_0_5_speed_distance\outputs\019f8e88-3e4a-7ef0-91b1-ae50a871ef5a\新0.5.xlsx -> 数据
内服0.5s,内服,实测,619,10.316667,97.561200,D:\Codex\video-editing\new_0_5_speed_distance\outputs\019f8e88-3e4a-7ef0-91b1-ae50a871ef5a\新0.5.xlsx -> 数据
内服0.5s,内服,实测,620,10.333333,97.561200,D:\Codex\video-editing\new_0_5_speed_distance\outputs\019f8e88-3e4a-7ef0-91b1-ae50a871ef5a\新0.5.xlsx -> 数据
内服0.5s,内服,实测,621,10.350000,98.184200,D:\Codex\video-editing\new_0_5_speed_distance\outputs\019f8e88-3e4a-7ef0-91b1-ae50a871ef5a\新0.5.xlsx -> 数据
内服0.5s,内服,实测,622,10.366667,98.184200,D:\Codex\video-editing\new_0_5_speed_distance\outputs\019f8e88-3e4a-7ef0-91b1-ae50a871ef5a\新0.5.xlsx -> 数据
内服0.5s,内服,实测,623,10.383333,98.184200,D:\Codex\video-editing\new_0_5_speed_distance\outputs\019f8e88-3e4a-7ef0-91b1-ae50a871ef5a\新0.5.xlsx -> 数据
内服0.5s,内服,实测,624,10.400000,98.798200,D:\Codex\video-editing\new_0_5_speed_distance\outputs\019f8e88-3e4a-7ef0-91b1-ae50a871ef5a\新0.5.xlsx -> 数据
内服0.5s,内服,实测,625,10.416667,99.418200,D:\Codex\video-editing\new_0_5_speed_distance\outputs\019f8e88-3e4a-7ef0-91b1-ae50a871ef5a\新0.5.xlsx -> 数据
内服0.5s,内服,实测,626,10.433333,99.418200,D:\Codex\video-editing\new_0_5_speed_distance\outputs\019f8e88-3e4a-7ef0-91b1-ae50a871ef5a\新0.5.xlsx -> 数据
内服0.5s,内服,实测,627,10.450000,99.418200,D:\Codex\video-editing\new_0_5_speed_distance\outputs\019f8e88-3e4a-7ef0-91b1-ae50a871ef5a\新0.5.xlsx -> 数据
内服0.5s,内服,实测,628,10.466667,99.988200,D:\Codex\video-editing\new_0_5_speed_distance\outputs\019f8e88-3e4a-7ef0-91b1-ae50a871ef5a\新0.5.xlsx -> 数据
内服0.5s,内服,实测,629,10.483333,99.988200,D:\Codex\video-editing\new_0_5_speed_distance\outputs\019f8e88-3e4a-7ef0-91b1-ae50a871ef5a\新0.5.xlsx -> 数据
内服0.5s,内服,实测,630,10.500000,100.508200,D:\Codex\video-editing\new_0_5_speed_distance\outputs\019f8e88-3e4a-7ef0-91b1-ae50a871ef5a\新0.5.xlsx -> 数据
内服0.5s,内服,实测,631,10.516667,101.028200,D:\Codex\video-editing\new_0_5_speed_distance\outputs\019f8e88-3e4a-7ef0-91b1-ae50a871ef5a\新0.5.xlsx -> 数据
内服0.5s,内服,实测,632,10.533333,101.028200,D:\Codex\video-editing\new_0_5_speed_distance\outputs\019f8e88-3e4a-7ef0-91b1-ae50a871ef5a\新0.5.xlsx -> 数据
内服0.5s,内服,实测,633,10.550000,101.548200,D:\Codex\video-editing\new_0_5_speed_distance\outputs\019f8e88-3e4a-7ef0-91b1-ae50a871ef5a\新0.5.xlsx -> 数据
内服0.5s,内服,实测,634,10.566667,101.548200,D:\Codex\video-editing\new_0_5_speed_distance\outputs\019f8e88-3e4a-7ef0-91b1-ae50a871ef5a\新0.5.xlsx -> 数据
内服0.5s,内服,实测,635,10.583333,102.058200,D:\Codex\video-editing\new_0_5_speed_distance\outputs\019f8e88-3e4a-7ef0-91b1-ae50a871ef5a\新0.5.xlsx -> 数据
内服0.5s,内服,实测,636,10.600000,102.058200,D:\Codex\video-editing\new_0_5_speed_distance\outputs\019f8e88-3e4a-7ef0-91b1-ae50a871ef5a\新0.5.xlsx -> 数据
内服0.5s,内服,实测,637,10.616667,102.058200,D:\Codex\video-editing\new_0_5_speed_distance\outputs\019f8e88-3e4a-7ef0-91b1-ae50a871ef5a\新0.5.xlsx -> 数据
内服0.5s,内服,实测,638,10.633333,102.568200,D:\Codex\video-editing\new_0_5_speed_distance\outputs\019f8e88-3e4a-7ef0-91b1-ae50a871ef5a\新0.5.xlsx -> 数据
内服0.5s,内服,实测,639,10.650000,103.068200,D:\Codex\video-editing\new_0_5_speed_distance\outputs\019f8e88-3e4a-7ef0-91b1-ae50a871ef5a\新0.5.xlsx -> 数据
内服0.5s,内服,实测,640,10.666667,103.068200,D:\Codex\video-editing\new_0_5_speed_distance\outputs\019f8e88-3e4a-7ef0-91b1-ae50a871ef5a\新0.5.xlsx -> 数据
内服0.5s,内服,实测,641,10.683333,103.568200,D:\Codex\video-editing\new_0_5_speed_distance\outputs\019f8e88-3e4a-7ef0-91b1-ae50a871ef5a\新0.5.xlsx -> 数据
内服0.5s,内服,实测,642,10.700000,103.568200,D:\Codex\video-editing\new_0_5_speed_distance\outputs\019f8e88-3e4a-7ef0-91b1-ae50a871ef5a\新0.5.xlsx -> 数据
内服0.5s,内服,实测,643,10.716667,104.068200,D:\Codex\video-editing\new_0_5_speed_distance\outputs\019f8e88-3e4a-7ef0-91b1-ae50a871ef5a\新0.5.xlsx -> 数据
内服0.5s,内服,实测,644,10.733333,104.068200,D:\Codex\video-editing\new_0_5_speed_distance\outputs\019f8e88-3e4a-7ef0-91b1-ae50a871ef5a\新0.5.xlsx -> 数据
内服0.5s,内服,实测,645,10.750000,104.558200,D:\Codex\video-editing\new_0_5_speed_distance\outputs\019f8e88-3e4a-7ef0-91b1-ae50a871ef5a\新0.5.xlsx -> 数据
内服0.5s,内服,实测,646,10.766667,104.558200,D:\Codex\video-editing\new_0_5_speed_distance\outputs\019f8e88-3e4a-7ef0-91b1-ae50a871ef5a\新0.5.xlsx -> 数据
内服0.5s,内服,实测,647,10.783333,104.558200,D:\Codex\video-editing\new_0_5_speed_distance\outputs\019f8e88-3e4a-7ef0-91b1-ae50a871ef5a\新0.5.xlsx -> 数据
内服0.5s,内服,实测,648,10.800000,105.038200,D:\Codex\video-editing\new_0_5_speed_distance\outputs\019f8e88-3e4a-7ef0-91b1-ae50a871ef5a\新0.5.xlsx -> 数据
内服0.5s,内服,实测,649,10.816667,105.518200,D:\Codex\video-editing\new_0_5_speed_distance\outputs\019f8e88-3e4a-7ef0-91b1-ae50a871ef5a\新0.5.xlsx -> 数据
内服0.5s,内服,实测,650,10.833333,105.518200,D:\Codex\video-editing\new_0_5_speed_distance\outputs\019f8e88-3e4a-7ef0-91b1-ae50a871ef5a\新0.5.xlsx -> 数据
内服0.5s,内服,实测,651,10.850000,105.998200,D:\Codex\video-editing\new_0_5_speed_distance\outputs\019f8e88-3e4a-7ef0-91b1-ae50a871ef5a\新0.5.xlsx -> 数据
内服0.5s,内服,实测,652,10.866667,105.998200,D:\Codex\video-editing\new_0_5_speed_distance\outputs\019f8e88-3e4a-7ef0-91b1-ae50a871ef5a\新0.5.xlsx -> 数据
内服0.5s,内服,实测,653,10.883333,106.468200,D:\Codex\video-editing\new_0_5_speed_distance\outputs\019f8e88-3e4a-7ef0-91b1-ae50a871ef5a\新0.5.xlsx -> 数据
内服0.5s,内服,实测,654,10.900000,106.468200,D:\Codex\video-editing\new_0_5_speed_distance\outputs\019f8e88-3e4a-7ef0-91b1-ae50a871ef5a\新0.5.xlsx -> 数据
内服0.5s,内服,实测,655,10.916667,106.938200,D:\Codex\video-editing\new_0_5_speed_distance\outputs\019f8e88-3e4a-7ef0-91b1-ae50a871ef5a\新0.5.xlsx -> 数据
内服0.5s,内服,实测,656,10.933333,106.938200,D:\Codex\video-editing\new_0_5_speed_distance\outputs\019f8e88-3e4a-7ef0-91b1-ae50a871ef5a\新0.5.xlsx -> 数据
内服0.5s,内服,实测,657,10.950000,106.938200,D:\Codex\video-editing\new_0_5_speed_distance\outputs\019f8e88-3e4a-7ef0-91b1-ae50a871ef5a\新0.5.xlsx -> 数据
内服0.5s,内服,实测,658,10.966667,106.938200,D:\Codex\video-editing\new_0_5_speed_distance\outputs\019f8e88-3e4a-7ef0-91b1-ae50a871ef5a\新0.5.xlsx -> 数据
内服0.5s,内服,实测,659,10.983333,107.398200,D:\Codex\video-editing\new_0_5_speed_distance\outputs\019f8e88-3e4a-7ef0-91b1-ae50a871ef5a\新0.5.xlsx -> 数据
内服0.5s,内服,实测,660,11.000000,107.398200,D:\Codex\video-editing\new_0_5_speed_distance\outputs\019f8e88-3e4a-7ef0-91b1-ae50a871ef5a\新0.5.xlsx -> 数据
内服0.5s,内服,实测,661,11.016667,107.858200,D:\Codex\video-editing\new_0_5_speed_distance\outputs\019f8e88-3e4a-7ef0-91b1-ae50a871ef5a\新0.5.xlsx -> 数据
内服0.5s,内服,实测,662,11.033333,107.858200,D:\Codex\video-editing\new_0_5_speed_distance\outputs\019f8e88-3e4a-7ef0-91b1-ae50a871ef5a\新0.5.xlsx -> 数据
内服0.5s,内服,实测,663,11.050000,108.318200,D:\Codex\video-editing\new_0_5_speed_distance\outputs\019f8e88-3e4a-7ef0-91b1-ae50a871ef5a\新0.5.xlsx -> 数据
内服0.5s,内服,实测,664,11.066667,108.318200,D:\Codex\video-editing\new_0_5_speed_distance\outputs\019f8e88-3e4a-7ef0-91b1-ae50a871ef5a\新0.5.xlsx -> 数据
内服0.5s,内服,实测,665,11.083333,108.768200,D:\Codex\video-editing\new_0_5_speed_distance\outputs\019f8e88-3e4a-7ef0-91b1-ae50a871ef5a\新0.5.xlsx -> 数据
内服0.5s,内服,实测,666,11.100000,108.768200,D:\Codex\video-editing\new_0_5_speed_distance\outputs\019f8e88-3e4a-7ef0-91b1-ae50a871ef5a\新0.5.xlsx -> 数据
内服0.5s,内服,实测,667,11.116667,108.768200,D:\Codex\video-editing\new_0_5_speed_distance\outputs\019f8e88-3e4a-7ef0-91b1-ae50a871ef5a\新0.5.xlsx -> 数据
内服0.5s,内服,实测,668,11.133333,109.208200,D:\Codex\video-editing\new_0_5_speed_distance\outputs\019f8e88-3e4a-7ef0-91b1-ae50a871ef5a\新0.5.xlsx -> 数据
内服0.5s,内服,实测,669,11.150000,109.648200,D:\Codex\video-editing\new_0_5_speed_distance\outputs\019f8e88-3e4a-7ef0-91b1-ae50a871ef5a\新0.5.xlsx -> 数据
内服0.5s,内服,实测,670,11.166667,109.648200,D:\Codex\video-editing\new_0_5_speed_distance\outputs\019f8e88-3e4a-7ef0-91b1-ae50a871ef5a\新0.5.xlsx -> 数据
内服0.5s,内服,实测,671,11.183333,109.648200,D:\Codex\video-editing\new_0_5_speed_distance\outputs\019f8e88-3e4a-7ef0-91b1-ae50a871ef5a\新0.5.xlsx -> 数据
内服0.5s,内服,实测,672,11.200000,110.088200,D:\Codex\video-editing\new_0_5_speed_distance\outputs\019f8e88-3e4a-7ef0-91b1-ae50a871ef5a\新0.5.xlsx -> 数据
内服0.5s,内服,实测,673,11.216667,110.518200,D:\Codex\video-editing\new_0_5_speed_distance\outputs\019f8e88-3e4a-7ef0-91b1-ae50a871ef5a\新0.5.xlsx -> 数据
内服0.5s,内服,实测,674,11.233333,110.518200,D:\Codex\video-editing\new_0_5_speed_distance\outputs\019f8e88-3e4a-7ef0-91b1-ae50a871ef5a\新0.5.xlsx -> 数据
内服0.5s,内服,实测,675,11.250000,110.518200,D:\Codex\video-editing\new_0_5_speed_distance\outputs\019f8e88-3e4a-7ef0-91b1-ae50a871ef5a\新0.5.xlsx -> 数据
内服0.5s,内服,实测,676,11.266667,110.948200,D:\Codex\video-editing\new_0_5_speed_distance\outputs\019f8e88-3e4a-7ef0-91b1-ae50a871ef5a\新0.5.xlsx -> 数据
内服0.5s,内服,实测,677,11.283333,111.368200,D:\Codex\video-editing\new_0_5_speed_distance\outputs\019f8e88-3e4a-7ef0-91b1-ae50a871ef5a\新0.5.xlsx -> 数据
内服0.5s,内服,实测,678,11.300000,111.368200,D:\Codex\video-editing\new_0_5_speed_distance\outputs\019f8e88-3e4a-7ef0-91b1-ae50a871ef5a\新0.5.xlsx -> 数据
内服0.5s,内服,实测,679,11.316667,111.748200,D:\Codex\video-editing\new_0_5_speed_distance\outputs\019f8e88-3e4a-7ef0-91b1-ae50a871ef5a\新0.5.xlsx -> 数据
内服0.5s,内服,实测,680,11.333333,111.748200,D:\Codex\video-editing\new_0_5_speed_distance\outputs\019f8e88-3e4a-7ef0-91b1-ae50a871ef5a\新0.5.xlsx -> 数据
内服0.5s,内服,实测,681,11.350000,112.088200,D:\Codex\video-editing\new_0_5_speed_distance\outputs\019f8e88-3e4a-7ef0-91b1-ae50a871ef5a\新0.5.xlsx -> 数据
内服0.5s,内服,实测,682,11.366667,112.088200,D:\Codex\video-editing\new_0_5_speed_distance\outputs\019f8e88-3e4a-7ef0-91b1-ae50a871ef5a\新0.5.xlsx -> 数据
内服0.5s,内服,实测,683,11.383333,112.088200,D:\Codex\video-editing\new_0_5_speed_distance\outputs\019f8e88-3e4a-7ef0-91b1-ae50a871ef5a\新0.5.xlsx -> 数据
内服0.5s,内服,实测,684,11.400000,112.378200,D:\Codex\video-editing\new_0_5_speed_distance\outputs\019f8e88-3e4a-7ef0-91b1-ae50a871ef5a\新0.5.xlsx -> 数据
内服0.5s,内服,实测,685,11.416667,112.378200,D:\Codex\video-editing\new_0_5_speed_distance\outputs\019f8e88-3e4a-7ef0-91b1-ae50a871ef5a\新0.5.xlsx -> 数据
内服0.5s,内服,实测,686,11.433333,112.658200,D:\Codex\video-editing\new_0_5_speed_distance\outputs\019f8e88-3e4a-7ef0-91b1-ae50a871ef5a\新0.5.xlsx -> 数据
内服0.5s,内服,实测,687,11.450000,112.938200,D:\Codex\video-editing\new_0_5_speed_distance\outputs\019f8e88-3e4a-7ef0-91b1-ae50a871ef5a\新0.5.xlsx -> 数据
内服0.5s,内服,实测,688,11.466667,112.938200,D:\Codex\video-editing\new_0_5_speed_distance\outputs\019f8e88-3e4a-7ef0-91b1-ae50a871ef5a\新0.5.xlsx -> 数据
内服0.5s,内服,实测,689,11.483333,113.218200,D:\Codex\video-editing\new_0_5_speed_distance\outputs\019f8e88-3e4a-7ef0-91b1-ae50a871ef5a\新0.5.xlsx -> 数据
内服0.5s,内服,实测,690,11.500000,113.218200,D:\Codex\video-editing\new_0_5_speed_distance\outputs\019f8e88-3e4a-7ef0-91b1-ae50a871ef5a\新0.5.xlsx -> 数据
内服0.5s,内服,实测,691,11.516667,113.218200,D:\Codex\video-editing\new_0_5_speed_distance\outputs\019f8e88-3e4a-7ef0-91b1-ae50a871ef5a\新0.5.xlsx -> 数据
内服0.5s,内服,实测,692,11.533333,113.488200,D:\Codex\video-editing\new_0_5_speed_distance\outputs\019f8e88-3e4a-7ef0-91b1-ae50a871ef5a\新0.5.xlsx -> 数据
内服0.5s,内服,实测,693,11.550000,113.758200,D:\Codex\video-editing\new_0_5_speed_distance\outputs\019f8e88-3e4a-7ef0-91b1-ae50a871ef5a\新0.5.xlsx -> 数据
内服0.5s,内服,外推,0,11.550000,113.758200,D:\Codex\video-editing\new_0_5_speed_distance\outputs\019f8e88-3e4a-7ef0-91b1-ae50a871ef5a\新0.5.xlsx -> 数据
内服0.5s,内服,外推,1,11.815385,116.372025,D:\Codex\video-editing\new_0_5_speed_distance\outputs\019f8e88-3e4a-7ef0-91b1-ae50a871ef5a\新0.5.xlsx -> 数据
内服0.5s,内服,外推,2,12.080769,118.985850,D:\Codex\video-editing\new_0_5_speed_distance\outputs\019f8e88-3e4a-7ef0-91b1-ae50a871ef5a\新0.5.xlsx -> 数据
内服0.5s,内服,外推,3,12.346154,121.599674,D:\Codex\video-editing\new_0_5_speed_distance\outputs\019f8e88-3e4a-7ef0-91b1-ae50a871ef5a\新0.5.xlsx -> 数据
内服0.5s,内服,外推,4,12.611538,124.213499,D:\Codex\video-editing\new_0_5_speed_distance\outputs\019f8e88-3e4a-7ef0-91b1-ae50a871ef5a\新0.5.xlsx -> 数据
内服0.5s,内服,外推,5,12.876923,126.827324,D:\Codex\video-editing\new_0_5_speed_distance\outputs\019f8e88-3e4a-7ef0-91b1-ae50a871ef5a\新0.5.xlsx -> 数据
内服0.5s,内服,外推,6,13.142308,129.441149,D:\Codex\video-editing\new_0_5_speed_distance\outputs\019f8e88-3e4a-7ef0-91b1-ae50a871ef5a\新0.5.xlsx -> 数据
内服0.5s,内服,外推,7,13.407692,132.054973,D:\Codex\video-editing\new_0_5_speed_distance\outputs\019f8e88-3e4a-7ef0-91b1-ae50a871ef5a\新0.5.xlsx -> 数据
内服0.5s,内服,外推,8,13.673077,134.668798,D:\Codex\video-editing\new_0_5_speed_distance\outputs\019f8e88-3e4a-7ef0-91b1-ae50a871ef5a\新0.5.xlsx -> 数据
内服0.5s,内服,外推,9,13.938462,137.282623,D:\Codex\video-editing\new_0_5_speed_distance\outputs\019f8e88-3e4a-7ef0-91b1-ae50a871ef5a\新0.5.xlsx -> 数据
内服0.5s,内服,外推,10,14.203846,139.896448,D:\Codex\video-editing\new_0_5_speed_distance\outputs\019f8e88-3e4a-7ef0-91b1-ae50a871ef5a\新0.5.xlsx -> 数据
内服0.5s,内服,外推,11,14.469231,142.510273,D:\Codex\video-editing\new_0_5_speed_distance\outputs\019f8e88-3e4a-7ef0-91b1-ae50a871ef5a\新0.5.xlsx -> 数据
内服0.5s,内服,外推,12,14.734615,145.124097,D:\Codex\video-editing\new_0_5_speed_distance\outputs\019f8e88-3e4a-7ef0-91b1-ae50a871ef5a\新0.5.xlsx -> 数据
内服0.5s,内服,外推,13,15.000000,147.737922,D:\Codex\video-editing\new_0_5_speed_distance\outputs\019f8e88-3e4a-7ef0-91b1-ae50a871ef5a\新0.5.xlsx -> 数据
内服0.6s,内服,实测,0,0.000000,0.000000,D:\Codex\video-editing\new_0_6s_frames_123_895\outputs\019f8ec1-f4a5-7490-9fd1-54223c813e68\新0.6s_123-895_速度距离表.xlsx -> 数据
内服0.6s,内服,实测,1,0.016667,0.000000,D:\Codex\video-editing\new_0_6s_frames_123_895\outputs\019f8ec1-f4a5-7490-9fd1-54223c813e68\新0.6s_123-895_速度距离表.xlsx -> 数据
内服0.6s,内服,实测,2,0.033333,0.000000,D:\Codex\video-editing\new_0_6s_frames_123_895\outputs\019f8ec1-f4a5-7490-9fd1-54223c813e68\新0.6s_123-895_速度距离表.xlsx -> 数据
内服0.6s,内服,实测,3,0.050000,0.000000,D:\Codex\video-editing\new_0_6s_frames_123_895\outputs\019f8ec1-f4a5-7490-9fd1-54223c813e68\新0.6s_123-895_速度距离表.xlsx -> 数据
内服0.6s,内服,实测,4,0.066667,0.000000,D:\Codex\video-editing\new_0_6s_frames_123_895\outputs\019f8ec1-f4a5-7490-9fd1-54223c813e68\新0.6s_123-895_速度距离表.xlsx -> 数据
内服0.6s,内服,实测,5,0.083333,0.000000,D:\Codex\video-editing\new_0_6s_frames_123_895\outputs\019f8ec1-f4a5-7490-9fd1-54223c813e68\新0.6s_123-895_速度距离表.xlsx -> 数据
内服0.6s,内服,实测,6,0.100000,0.000000,D:\Codex\video-editing\new_0_6s_frames_123_895\outputs\019f8ec1-f4a5-7490-9fd1-54223c813e68\新0.6s_123-895_速度距离表.xlsx -> 数据
内服0.6s,内服,实测,7,0.116667,0.000000,D:\Codex\video-editing\new_0_6s_frames_123_895\outputs\019f8ec1-f4a5-7490-9fd1-54223c813e68\新0.6s_123-895_速度距离表.xlsx -> 数据
内服0.6s,内服,实测,8,0.133333,0.000000,D:\Codex\video-editing\new_0_6s_frames_123_895\outputs\019f8ec1-f4a5-7490-9fd1-54223c813e68\新0.6s_123-895_速度距离表.xlsx -> 数据
内服0.6s,内服,实测,9,0.150000,0.000000,D:\Codex\video-editing\new_0_6s_frames_123_895\outputs\019f8ec1-f4a5-7490-9fd1-54223c813e68\新0.6s_123-895_速度距离表.xlsx -> 数据
内服0.6s,内服,实测,10,0.166667,0.000000,D:\Codex\video-editing\new_0_6s_frames_123_895\outputs\019f8ec1-f4a5-7490-9fd1-54223c813e68\新0.6s_123-895_速度距离表.xlsx -> 数据
内服0.6s,内服,实测,11,0.183333,0.000000,D:\Codex\video-editing\new_0_6s_frames_123_895\outputs\019f8ec1-f4a5-7490-9fd1-54223c813e68\新0.6s_123-895_速度距离表.xlsx -> 数据
内服0.6s,内服,实测,12,0.200000,0.000000,D:\Codex\video-editing\new_0_6s_frames_123_895\outputs\019f8ec1-f4a5-7490-9fd1-54223c813e68\新0.6s_123-895_速度距离表.xlsx -> 数据
内服0.6s,内服,实测,13,0.216667,0.000000,D:\Codex\video-editing\new_0_6s_frames_123_895\outputs\019f8ec1-f4a5-7490-9fd1-54223c813e68\新0.6s_123-895_速度距离表.xlsx -> 数据
内服0.6s,内服,实测,14,0.233333,0.000000,D:\Codex\video-editing\new_0_6s_frames_123_895\outputs\019f8ec1-f4a5-7490-9fd1-54223c813e68\新0.6s_123-895_速度距离表.xlsx -> 数据
内服0.6s,内服,实测,15,0.250000,0.000000,D:\Codex\video-editing\new_0_6s_frames_123_895\outputs\019f8ec1-f4a5-7490-9fd1-54223c813e68\新0.6s_123-895_速度距离表.xlsx -> 数据
内服0.6s,内服,实测,16,0.266667,0.000000,D:\Codex\video-editing\new_0_6s_frames_123_895\outputs\019f8ec1-f4a5-7490-9fd1-54223c813e68\新0.6s_123-895_速度距离表.xlsx -> 数据
内服0.6s,内服,实测,17,0.283333,0.000000,D:\Codex\video-editing\new_0_6s_frames_123_895\outputs\019f8ec1-f4a5-7490-9fd1-54223c813e68\新0.6s_123-895_速度距离表.xlsx -> 数据
内服0.6s,内服,实测,18,0.300000,0.000000,D:\Codex\video-editing\new_0_6s_frames_123_895\outputs\019f8ec1-f4a5-7490-9fd1-54223c813e68\新0.6s_123-895_速度距离表.xlsx -> 数据
内服0.6s,内服,实测,19,0.316667,0.000000,D:\Codex\video-editing\new_0_6s_frames_123_895\outputs\019f8ec1-f4a5-7490-9fd1-54223c813e68\新0.6s_123-895_速度距离表.xlsx -> 数据
内服0.6s,内服,实测,20,0.333333,0.000000,D:\Codex\video-editing\new_0_6s_frames_123_895\outputs\019f8ec1-f4a5-7490-9fd1-54223c813e68\新0.6s_123-895_速度距离表.xlsx -> 数据
内服0.6s,内服,实测,21,0.350000,0.000000,D:\Codex\video-editing\new_0_6s_frames_123_895\outputs\019f8ec1-f4a5-7490-9fd1-54223c813e68\新0.6s_123-895_速度距离表.xlsx -> 数据
内服0.6s,内服,实测,22,0.366667,0.000000,D:\Codex\video-editing\new_0_6s_frames_123_895\outputs\019f8ec1-f4a5-7490-9fd1-54223c813e68\新0.6s_123-895_速度距离表.xlsx -> 数据
内服0.6s,内服,实测,23,0.383333,0.000000,D:\Codex\video-editing\new_0_6s_frames_123_895\outputs\019f8ec1-f4a5-7490-9fd1-54223c813e68\新0.6s_123-895_速度距离表.xlsx -> 数据
内服0.6s,内服,实测,24,0.400000,0.000000,D:\Codex\video-editing\new_0_6s_frames_123_895\outputs\019f8ec1-f4a5-7490-9fd1-54223c813e68\新0.6s_123-895_速度距离表.xlsx -> 数据
内服0.6s,内服,实测,25,0.416667,0.000000,D:\Codex\video-editing\new_0_6s_frames_123_895\outputs\019f8ec1-f4a5-7490-9fd1-54223c813e68\新0.6s_123-895_速度距离表.xlsx -> 数据
内服0.6s,内服,实测,26,0.433333,0.000000,D:\Codex\video-editing\new_0_6s_frames_123_895\outputs\019f8ec1-f4a5-7490-9fd1-54223c813e68\新0.6s_123-895_速度距离表.xlsx -> 数据
内服0.6s,内服,实测,27,0.450000,0.000000,D:\Codex\video-editing\new_0_6s_frames_123_895\outputs\019f8ec1-f4a5-7490-9fd1-54223c813e68\新0.6s_123-895_速度距离表.xlsx -> 数据
内服0.6s,内服,实测,28,0.466667,0.124600,D:\Codex\video-editing\new_0_6s_frames_123_895\outputs\019f8ec1-f4a5-7490-9fd1-54223c813e68\新0.6s_123-895_速度距离表.xlsx -> 数据
内服0.6s,内服,实测,29,0.483333,0.124600,D:\Codex\video-editing\new_0_6s_frames_123_895\outputs\019f8ec1-f4a5-7490-9fd1-54223c813e68\新0.6s_123-895_速度距离表.xlsx -> 数据
内服0.6s,内服,实测,30,0.500000,0.124600,D:\Codex\video-editing\new_0_6s_frames_123_895\outputs\019f8ec1-f4a5-7490-9fd1-54223c813e68\新0.6s_123-895_速度距离表.xlsx -> 数据
内服0.6s,内服,实测,31,0.516667,0.391200,D:\Codex\video-editing\new_0_6s_frames_123_895\outputs\019f8ec1-f4a5-7490-9fd1-54223c813e68\新0.6s_123-895_速度距离表.xlsx -> 数据
内服0.6s,内服,实测,32,0.533333,0.657700,D:\Codex\video-editing\new_0_6s_frames_123_895\outputs\019f8ec1-f4a5-7490-9fd1-54223c813e68\新0.6s_123-895_速度距离表.xlsx -> 数据
内服0.6s,内服,实测,33,0.550000,0.657700,D:\Codex\video-editing\new_0_6s_frames_123_895\outputs\019f8ec1-f4a5-7490-9fd1-54223c813e68\新0.6s_123-895_速度距离表.xlsx -> 数据
内服0.6s,内服,实测,34,0.566667,0.924300,D:\Codex\video-editing\new_0_6s_frames_123_895\outputs\019f8ec1-f4a5-7490-9fd1-54223c813e68\新0.6s_123-895_速度距离表.xlsx -> 数据
内服0.6s,内服,实测,35,0.583333,0.924300,D:\Codex\video-editing\new_0_6s_frames_123_895\outputs\019f8ec1-f4a5-7490-9fd1-54223c813e68\新0.6s_123-895_速度距离表.xlsx -> 数据
内服0.6s,内服,实测,36,0.600000,1.191000,D:\Codex\video-editing\new_0_6s_frames_123_895\outputs\019f8ec1-f4a5-7490-9fd1-54223c813e68\新0.6s_123-895_速度距离表.xlsx -> 数据
内服0.6s,内服,实测,37,0.616667,1.191000,D:\Codex\video-editing\new_0_6s_frames_123_895\outputs\019f8ec1-f4a5-7490-9fd1-54223c813e68\新0.6s_123-895_速度距离表.xlsx -> 数据
内服0.6s,内服,实测,38,0.633333,1.457600,D:\Codex\video-editing\new_0_6s_frames_123_895\outputs\019f8ec1-f4a5-7490-9fd1-54223c813e68\新0.6s_123-895_速度距离表.xlsx -> 数据
内服0.6s,内服,实测,39,0.650000,1.724200,D:\Codex\video-editing\new_0_6s_frames_123_895\outputs\019f8ec1-f4a5-7490-9fd1-54223c813e68\新0.6s_123-895_速度距离表.xlsx -> 数据
内服0.6s,内服,实测,40,0.666667,1.724200,D:\Codex\video-editing\new_0_6s_frames_123_895\outputs\019f8ec1-f4a5-7490-9fd1-54223c813e68\新0.6s_123-895_速度距离表.xlsx -> 数据
内服0.6s,内服,实测,41,0.683333,1.724200,D:\Codex\video-editing\new_0_6s_frames_123_895\outputs\019f8ec1-f4a5-7490-9fd1-54223c813e68\新0.6s_123-895_速度距离表.xlsx -> 数据
内服0.6s,内服,实测,42,0.700000,1.990900,D:\Codex\video-editing\new_0_6s_frames_123_895\outputs\019f8ec1-f4a5-7490-9fd1-54223c813e68\新0.6s_123-895_速度距离表.xlsx -> 数据
内服0.6s,内服,实测,43,0.716667,2.257500,D:\Codex\video-editing\new_0_6s_frames_123_895\outputs\019f8ec1-f4a5-7490-9fd1-54223c813e68\新0.6s_123-895_速度距离表.xlsx -> 数据
内服0.6s,内服,实测,44,0.733333,2.257500,D:\Codex\video-editing\new_0_6s_frames_123_895\outputs\019f8ec1-f4a5-7490-9fd1-54223c813e68\新0.6s_123-895_速度距离表.xlsx -> 数据
内服0.6s,内服,实测,45,0.750000,2.257500,D:\Codex\video-editing\new_0_6s_frames_123_895\outputs\019f8ec1-f4a5-7490-9fd1-54223c813e68\新0.6s_123-895_速度距离表.xlsx -> 数据
内服0.6s,内服,实测,46,0.766667,2.524100,D:\Codex\video-editing\new_0_6s_frames_123_895\outputs\019f8ec1-f4a5-7490-9fd1-54223c813e68\新0.6s_123-895_速度距离表.xlsx -> 数据
内服0.6s,内服,实测,47,0.783333,2.524100,D:\Codex\video-editing\new_0_6s_frames_123_895\outputs\019f8ec1-f4a5-7490-9fd1-54223c813e68\新0.6s_123-895_速度距离表.xlsx -> 数据
内服0.6s,内服,实测,48,0.800000,2.524100,D:\Codex\video-editing\new_0_6s_frames_123_895\outputs\019f8ec1-f4a5-7490-9fd1-54223c813e68\新0.6s_123-895_速度距离表.xlsx -> 数据
内服0.6s,内服,实测,49,0.816667,3.057400,D:\Codex\video-editing\new_0_6s_frames_123_895\outputs\019f8ec1-f4a5-7490-9fd1-54223c813e68\新0.6s_123-895_速度距离表.xlsx -> 数据
内服0.6s,内服,实测,50,0.833333,3.057400,D:\Codex\video-editing\new_0_6s_frames_123_895\outputs\019f8ec1-f4a5-7490-9fd1-54223c813e68\新0.6s_123-895_速度距离表.xlsx -> 数据
内服0.6s,内服,实测,51,0.850000,3.324100,D:\Codex\video-editing\new_0_6s_frames_123_895\outputs\019f8ec1-f4a5-7490-9fd1-54223c813e68\新0.6s_123-895_速度距离表.xlsx -> 数据
内服0.6s,内服,实测,52,0.866667,3.324100,D:\Codex\video-editing\new_0_6s_frames_123_895\outputs\019f8ec1-f4a5-7490-9fd1-54223c813e68\新0.6s_123-895_速度距离表.xlsx -> 数据
内服0.6s,内服,实测,53,0.883333,3.590700,D:\Codex\video-editing\new_0_6s_frames_123_895\outputs\019f8ec1-f4a5-7490-9fd1-54223c813e68\新0.6s_123-895_速度距离表.xlsx -> 数据
内服0.6s,内服,实测,54,0.900000,3.857400,D:\Codex\video-editing\new_0_6s_frames_123_895\outputs\019f8ec1-f4a5-7490-9fd1-54223c813e68\新0.6s_123-895_速度距离表.xlsx -> 数据
内服0.6s,内服,实测,55,0.916667,3.857400,D:\Codex\video-editing\new_0_6s_frames_123_895\outputs\019f8ec1-f4a5-7490-9fd1-54223c813e68\新0.6s_123-895_速度距离表.xlsx -> 数据
内服0.6s,内服,实测,56,0.933333,3.857400,D:\Codex\video-editing\new_0_6s_frames_123_895\outputs\019f8ec1-f4a5-7490-9fd1-54223c813e68\新0.6s_123-895_速度距离表.xlsx -> 数据
内服0.6s,内服,实测,57,0.950000,3.857400,D:\Codex\video-editing\new_0_6s_frames_123_895\outputs\019f8ec1-f4a5-7490-9fd1-54223c813e68\新0.6s_123-895_速度距离表.xlsx -> 数据
内服0.6s,内服,实测,58,0.966667,4.124000,D:\Codex\video-editing\new_0_6s_frames_123_895\outputs\019f8ec1-f4a5-7490-9fd1-54223c813e68\新0.6s_123-895_速度距离表.xlsx -> 数据
内服0.6s,内服,实测,59,0.983333,4.390700,D:\Codex\video-editing\new_0_6s_frames_123_895\outputs\019f8ec1-f4a5-7490-9fd1-54223c813e68\新0.6s_123-895_速度距离表.xlsx -> 数据
内服0.6s,内服,实测,60,1.000000,4.390700,D:\Codex\video-editing\new_0_6s_frames_123_895\outputs\019f8ec1-f4a5-7490-9fd1-54223c813e68\新0.6s_123-895_速度距离表.xlsx -> 数据
内服0.6s,内服,实测,61,1.016667,4.657400,D:\Codex\video-editing\new_0_6s_frames_123_895\outputs\019f8ec1-f4a5-7490-9fd1-54223c813e68\新0.6s_123-895_速度距离表.xlsx -> 数据
内服0.6s,内服,实测,62,1.033333,4.657400,D:\Codex\video-editing\new_0_6s_frames_123_895\outputs\019f8ec1-f4a5-7490-9fd1-54223c813e68\新0.6s_123-895_速度距离表.xlsx -> 数据
内服0.6s,内服,实测,63,1.050000,4.924000,D:\Codex\video-editing\new_0_6s_frames_123_895\outputs\019f8ec1-f4a5-7490-9fd1-54223c813e68\新0.6s_123-895_速度距离表.xlsx -> 数据
内服0.6s,内服,实测,64,1.066667,4.924000,D:\Codex\video-editing\new_0_6s_frames_123_895\outputs\019f8ec1-f4a5-7490-9fd1-54223c813e68\新0.6s_123-895_速度距离表.xlsx -> 数据
内服0.6s,内服,实测,65,1.083333,4.924000,D:\Codex\video-editing\new_0_6s_frames_123_895\outputs\019f8ec1-f4a5-7490-9fd1-54223c813e68\新0.6s_123-895_速度距离表.xlsx -> 数据
内服0.6s,内服,实测,66,1.100000,5.190700,D:\Codex\video-editing\new_0_6s_frames_123_895\outputs\019f8ec1-f4a5-7490-9fd1-54223c813e68\新0.6s_123-895_速度距离表.xlsx -> 数据
内服0.6s,内服,实测,67,1.116667,5.190700,D:\Codex\video-editing\new_0_6s_frames_123_895\outputs\019f8ec1-f4a5-7490-9fd1-54223c813e68\新0.6s_123-895_速度距离表.xlsx -> 数据
内服0.6s,内服,实测,68,1.133333,5.681800,D:\Codex\video-editing\new_0_6s_frames_123_895\outputs\019f8ec1-f4a5-7490-9fd1-54223c813e68\新0.6s_123-895_速度距离表.xlsx -> 数据
内服0.6s,内服,实测,69,1.150000,6.164000,D:\Codex\video-editing\new_0_6s_frames_123_895\outputs\019f8ec1-f4a5-7490-9fd1-54223c813e68\新0.6s_123-895_速度距离表.xlsx -> 数据
内服0.6s,内服,实测,70,1.166667,6.164000,D:\Codex\video-editing\new_0_6s_frames_123_895\outputs\019f8ec1-f4a5-7490-9fd1-54223c813e68\新0.6s_123-895_速度距离表.xlsx -> 数据
内服0.6s,内服,实测,71,1.183333,6.637300,D:\Codex\video-editing\new_0_6s_frames_123_895\outputs\019f8ec1-f4a5-7490-9fd1-54223c813e68\新0.6s_123-895_速度距离表.xlsx -> 数据
内服0.6s,内服,实测,72,1.200000,6.637300,D:\Codex\video-editing\new_0_6s_frames_123_895\outputs\019f8ec1-f4a5-7490-9fd1-54223c813e68\新0.6s_123-895_速度距离表.xlsx -> 数据
内服0.6s,内服,实测,73,1.216667,6.637300,D:\Codex\video-editing\new_0_6s_frames_123_895\outputs\019f8ec1-f4a5-7490-9fd1-54223c813e68\新0.6s_123-895_速度距离表.xlsx -> 数据
内服0.6s,内服,实测,74,1.233333,7.527300,D:\Codex\video-editing\new_0_6s_frames_123_895\outputs\019f8ec1-f4a5-7490-9fd1-54223c813e68\新0.6s_123-895_速度距离表.xlsx -> 数据
内服0.6s,内服,实测,75,1.250000,7.527300,D:\Codex\video-editing\new_0_6s_frames_123_895\outputs\019f8ec1-f4a5-7490-9fd1-54223c813e68\新0.6s_123-895_速度距离表.xlsx -> 数据
内服0.6s,内服,实测,76,1.266667,7.527300,D:\Codex\video-editing\new_0_6s_frames_123_895\outputs\019f8ec1-f4a5-7490-9fd1-54223c813e68\新0.6s_123-895_速度距离表.xlsx -> 数据
内服0.6s,内服,实测,77,1.283333,7.914000,D:\Codex\video-editing\new_0_6s_frames_123_895\outputs\019f8ec1-f4a5-7490-9fd1-54223c813e68\新0.6s_123-895_速度距离表.xlsx -> 数据
内服0.6s,内服,实测,78,1.300000,7.914000,D:\Codex\video-editing\new_0_6s_frames_123_895\outputs\019f8ec1-f4a5-7490-9fd1-54223c813e68\新0.6s_123-895_速度距离表.xlsx -> 数据
内服0.6s,内服,实测,79,1.316667,8.261700,D:\Codex\video-editing\new_0_6s_frames_123_895\outputs\019f8ec1-f4a5-7490-9fd1-54223c813e68\新0.6s_123-895_速度距离表.xlsx -> 数据
内服0.6s,内服,实测,80,1.333333,8.261700,D:\Codex\video-editing\new_0_6s_frames_123_895\outputs\019f8ec1-f4a5-7490-9fd1-54223c813e68\新0.6s_123-895_速度距离表.xlsx -> 数据
内服0.6s,内服,实测,81,1.350000,8.292300,D:\Codex\video-editing\new_0_6s_frames_123_895\outputs\019f8ec1-f4a5-7490-9fd1-54223c813e68\新0.6s_123-895_速度距离表.xlsx -> 数据
内服0.6s,内服,实测,82,1.366667,8.292300,D:\Codex\video-editing\new_0_6s_frames_123_895\outputs\019f8ec1-f4a5-7490-9fd1-54223c813e68\新0.6s_123-895_速度距离表.xlsx -> 数据
内服0.6s,内服,实测,83,1.383333,9.755200,D:\Codex\video-editing\new_0_6s_frames_123_895\outputs\019f8ec1-f4a5-7490-9fd1-54223c813e68\新0.6s_123-895_速度距离表.xlsx -> 数据
内服0.6s,内服,实测,84,1.400000,9.952200,D:\Codex\video-editing\new_0_6s_frames_123_895\outputs\019f8ec1-f4a5-7490-9fd1-54223c813e68\新0.6s_123-895_速度距离表.xlsx -> 数据
内服0.6s,内服,实测,85,1.416667,9.952200,D:\Codex\video-editing\new_0_6s_frames_123_895\outputs\019f8ec1-f4a5-7490-9fd1-54223c813e68\新0.6s_123-895_速度距离表.xlsx -> 数据
内服0.6s,内服,实测,86,1.433333,9.952200,D:\Codex\video-editing\new_0_6s_frames_123_895\outputs\019f8ec1-f4a5-7490-9fd1-54223c813e68\新0.6s_123-895_速度距离表.xlsx -> 数据
内服0.6s,内服,实测,87,1.450000,10.133200,D:\Codex\video-editing\new_0_6s_frames_123_895\outputs\019f8ec1-f4a5-7490-9fd1-54223c813e68\新0.6s_123-895_速度距离表.xlsx -> 数据
内服0.6s,内服,实测,88,1.466667,10.133200,D:\Codex\video-editing\new_0_6s_frames_123_895\outputs\019f8ec1-f4a5-7490-9fd1-54223c813e68\新0.6s_123-895_速度距离表.xlsx -> 数据
内服0.6s,内服,实测,89,1.483333,10.133200,D:\Codex\video-editing\new_0_6s_frames_123_895\outputs\019f8ec1-f4a5-7490-9fd1-54223c813e68\新0.6s_123-895_速度距离表.xlsx -> 数据
内服0.6s,内服,实测,90,1.500000,10.133200,D:\Codex\video-editing\new_0_6s_frames_123_895\outputs\019f8ec1-f4a5-7490-9fd1-54223c813e68\新0.6s_123-895_速度距离表.xlsx -> 数据
内服0.6s,内服,实测,91,1.516667,10.255200,D:\Codex\video-editing\new_0_6s_frames_123_895\outputs\019f8ec1-f4a5-7490-9fd1-54223c813e68\新0.6s_123-895_速度距离表.xlsx -> 数据
内服0.6s,内服,实测,92,1.533333,10.255200,D:\Codex\video-editing\new_0_6s_frames_123_895\outputs\019f8ec1-f4a5-7490-9fd1-54223c813e68\新0.6s_123-895_速度距离表.xlsx -> 数据
内服0.6s,内服,实测,93,1.550000,10.309200,D:\Codex\video-editing\new_0_6s_frames_123_895\outputs\019f8ec1-f4a5-7490-9fd1-54223c813e68\新0.6s_123-895_速度距离表.xlsx -> 数据
内服0.6s,内服,实测,94,1.566667,10.307200,D:\Codex\video-editing\new_0_6s_frames_123_895\outputs\019f8ec1-f4a5-7490-9fd1-54223c813e68\新0.6s_123-895_速度距离表.xlsx -> 数据
内服0.6s,内服,实测,95,1.583333,10.307200,D:\Codex\video-editing\new_0_6s_frames_123_895\outputs\019f8ec1-f4a5-7490-9fd1-54223c813e68\新0.6s_123-895_速度距离表.xlsx -> 数据
内服0.6s,内服,实测,96,1.600000,10.307200,D:\Codex\video-editing\new_0_6s_frames_123_895\outputs\019f8ec1-f4a5-7490-9fd1-54223c813e68\新0.6s_123-895_速度距离表.xlsx -> 数据
内服0.6s,内服,实测,97,1.616667,10.284200,D:\Codex\video-editing\new_0_6s_frames_123_895\outputs\019f8ec1-f4a5-7490-9fd1-54223c813e68\新0.6s_123-895_速度距离表.xlsx -> 数据
内服0.6s,内服,实测,98,1.633333,10.284200,D:\Codex\video-editing\new_0_6s_frames_123_895\outputs\019f8ec1-f4a5-7490-9fd1-54223c813e68\新0.6s_123-895_速度距离表.xlsx -> 数据
内服0.6s,内服,实测,99,1.650000,10.263200,D:\Codex\video-editing\new_0_6s_frames_123_895\outputs\019f8ec1-f4a5-7490-9fd1-54223c813e68\新0.6s_123-895_速度距离表.xlsx -> 数据
内服0.6s,内服,实测,100,1.666667,10.263200,D:\Codex\video-editing\new_0_6s_frames_123_895\outputs\019f8ec1-f4a5-7490-9fd1-54223c813e68\新0.6s_123-895_速度距离表.xlsx -> 数据
内服0.6s,内服,实测,101,1.683333,10.301200,D:\Codex\video-editing\new_0_6s_frames_123_895\outputs\019f8ec1-f4a5-7490-9fd1-54223c813e68\新0.6s_123-895_速度距离表.xlsx -> 数据
内服0.6s,内服,实测,102,1.700000,10.301200,D:\Codex\video-editing\new_0_6s_frames_123_895\outputs\019f8ec1-f4a5-7490-9fd1-54223c813e68\新0.6s_123-895_速度距离表.xlsx -> 数据
内服0.6s,内服,实测,103,1.716667,10.411200,D:\Codex\video-editing\new_0_6s_frames_123_895\outputs\019f8ec1-f4a5-7490-9fd1-54223c813e68\新0.6s_123-895_速度距离表.xlsx -> 数据
内服0.6s,内服,实测,104,1.733333,10.550200,D:\Codex\video-editing\new_0_6s_frames_123_895\outputs\019f8ec1-f4a5-7490-9fd1-54223c813e68\新0.6s_123-895_速度距离表.xlsx -> 数据
内服0.6s,内服,实测,105,1.750000,10.550200,D:\Codex\video-editing\new_0_6s_frames_123_895\outputs\019f8ec1-f4a5-7490-9fd1-54223c813e68\新0.6s_123-895_速度距离表.xlsx -> 数据
内服0.6s,内服,实测,106,1.766667,10.550200,D:\Codex\video-editing\new_0_6s_frames_123_895\outputs\019f8ec1-f4a5-7490-9fd1-54223c813e68\新0.6s_123-895_速度距离表.xlsx -> 数据
内服0.6s,内服,实测,107,1.783333,10.721200,D:\Codex\video-editing\new_0_6s_frames_123_895\outputs\019f8ec1-f4a5-7490-9fd1-54223c813e68\新0.6s_123-895_速度距离表.xlsx -> 数据
内服0.6s,内服,实测,108,1.800000,10.721200,D:\Codex\video-editing\new_0_6s_frames_123_895\outputs\019f8ec1-f4a5-7490-9fd1-54223c813e68\新0.6s_123-895_速度距离表.xlsx -> 数据
内服0.6s,内服,实测,109,1.816667,10.918200,D:\Codex\video-editing\new_0_6s_frames_123_895\outputs\019f8ec1-f4a5-7490-9fd1-54223c813e68\新0.6s_123-895_速度距离表.xlsx -> 数据
内服0.6s,内服,实测,110,1.833333,10.918200,D:\Codex\video-editing\new_0_6s_frames_123_895\outputs\019f8ec1-f4a5-7490-9fd1-54223c813e68\新0.6s_123-895_速度距离表.xlsx -> 数据
内服0.6s,内服,实测,111,1.850000,11.134200,D:\Codex\video-editing\new_0_6s_frames_123_895\outputs\019f8ec1-f4a5-7490-9fd1-54223c813e68\新0.6s_123-895_速度距离表.xlsx -> 数据
内服0.6s,内服,实测,112,1.866667,11.362200,D:\Codex\video-editing\new_0_6s_frames_123_895\outputs\019f8ec1-f4a5-7490-9fd1-54223c813e68\新0.6s_123-895_速度距离表.xlsx -> 数据
内服0.6s,内服,实测,113,1.883333,11.362200,D:\Codex\video-editing\new_0_6s_frames_123_895\outputs\019f8ec1-f4a5-7490-9fd1-54223c813e68\新0.6s_123-895_速度距离表.xlsx -> 数据
内服0.6s,内服,实测,114,1.900000,11.362200,D:\Codex\video-editing\new_0_6s_frames_123_895\outputs\019f8ec1-f4a5-7490-9fd1-54223c813e68\新0.6s_123-895_速度距离表.xlsx -> 数据
内服0.6s,内服,实测,115,1.916667,11.641200,D:\Codex\video-editing\new_0_6s_frames_123_895\outputs\019f8ec1-f4a5-7490-9fd1-54223c813e68\新0.6s_123-895_速度距离表.xlsx -> 数据
内服0.6s,内服,实测,116,1.933333,11.641200,D:\Codex\video-editing\new_0_6s_frames_123_895\outputs\019f8ec1-f4a5-7490-9fd1-54223c813e68\新0.6s_123-895_速度距离表.xlsx -> 数据
内服0.6s,内服,实测,117,1.950000,12.089200,D:\Codex\video-editing\new_0_6s_frames_123_895\outputs\019f8ec1-f4a5-7490-9fd1-54223c813e68\新0.6s_123-895_速度距离表.xlsx -> 数据
内服0.6s,内服,实测,118,1.966667,12.089200,D:\Codex\video-editing\new_0_6s_frames_123_895\outputs\019f8ec1-f4a5-7490-9fd1-54223c813e68\新0.6s_123-895_速度距离表.xlsx -> 数据
内服0.6s,内服,实测,119,1.983333,12.532200,D:\Codex\video-editing\new_0_6s_frames_123_895\outputs\019f8ec1-f4a5-7490-9fd1-54223c813e68\新0.6s_123-895_速度距离表.xlsx -> 数据
内服0.6s,内服,实测,120,2.000000,12.532200,D:\Codex\video-editing\new_0_6s_frames_123_895\outputs\019f8ec1-f4a5-7490-9fd1-54223c813e68\新0.6s_123-895_速度距离表.xlsx -> 数据
内服0.6s,内服,实测,121,2.016667,12.971200,D:\Codex\video-editing\new_0_6s_frames_123_895\outputs\019f8ec1-f4a5-7490-9fd1-54223c813e68\新0.6s_123-895_速度距离表.xlsx -> 数据
内服0.6s,内服,实测,122,2.033333,13.406300,D:\Codex\video-editing\new_0_6s_frames_123_895\outputs\019f8ec1-f4a5-7490-9fd1-54223c813e68\新0.6s_123-895_速度距离表.xlsx -> 数据
内服0.6s,内服,实测,123,2.050000,13.406300,D:\Codex\video-editing\new_0_6s_frames_123_895\outputs\019f8ec1-f4a5-7490-9fd1-54223c813e68\新0.6s_123-895_速度距离表.xlsx -> 数据
内服0.6s,内服,实测,124,2.066667,13.406300,D:\Codex\video-editing\new_0_6s_frames_123_895\outputs\019f8ec1-f4a5-7490-9fd1-54223c813e68\新0.6s_123-895_速度距离表.xlsx -> 数据
内服0.6s,内服,实测,125,2.083333,13.836300,D:\Codex\video-editing\new_0_6s_frames_123_895\outputs\019f8ec1-f4a5-7490-9fd1-54223c813e68\新0.6s_123-895_速度距离表.xlsx -> 数据
内服0.6s,内服,实测,126,2.100000,13.836300,D:\Codex\video-editing\new_0_6s_frames_123_895\outputs\019f8ec1-f4a5-7490-9fd1-54223c813e68\新0.6s_123-895_速度距离表.xlsx -> 数据
内服0.6s,内服,实测,127,2.116667,14.261200,D:\Codex\video-editing\new_0_6s_frames_123_895\outputs\019f8ec1-f4a5-7490-9fd1-54223c813e68\新0.6s_123-895_速度距离表.xlsx -> 数据
内服0.6s,内服,实测,128,2.133333,14.261200,D:\Codex\video-editing\new_0_6s_frames_123_895\outputs\019f8ec1-f4a5-7490-9fd1-54223c813e68\新0.6s_123-895_速度距离表.xlsx -> 数据
内服0.6s,内服,实测,129,2.150000,14.682200,D:\Codex\video-editing\new_0_6s_frames_123_895\outputs\019f8ec1-f4a5-7490-9fd1-54223c813e68\新0.6s_123-895_速度距离表.xlsx -> 数据
内服0.6s,内服,实测,130,2.166667,14.682200,D:\Codex\video-editing\new_0_6s_frames_123_895\outputs\019f8ec1-f4a5-7490-9fd1-54223c813e68\新0.6s_123-895_速度距离表.xlsx -> 数据
内服0.6s,内服,实测,131,2.183333,15.099200,D:\Codex\video-editing\new_0_6s_frames_123_895\outputs\019f8ec1-f4a5-7490-9fd1-54223c813e68\新0.6s_123-895_速度距离表.xlsx -> 数据
内服0.6s,内服,实测,132,2.200000,15.099200,D:\Codex\video-editing\new_0_6s_frames_123_895\outputs\019f8ec1-f4a5-7490-9fd1-54223c813e68\新0.6s_123-895_速度距离表.xlsx -> 数据
内服0.6s,内服,实测,133,2.216667,15.099200,D:\Codex\video-editing\new_0_6s_frames_123_895\outputs\019f8ec1-f4a5-7490-9fd1-54223c813e68\新0.6s_123-895_速度距离表.xlsx -> 数据
内服0.6s,内服,实测,134,2.233333,15.511200,D:\Codex\video-editing\new_0_6s_frames_123_895\outputs\019f8ec1-f4a5-7490-9fd1-54223c813e68\新0.6s_123-895_速度距离表.xlsx -> 数据
内服0.6s,内服,实测,135,2.250000,15.511200,D:\Codex\video-editing\new_0_6s_frames_123_895\outputs\019f8ec1-f4a5-7490-9fd1-54223c813e68\新0.6s_123-895_速度距离表.xlsx -> 数据
内服0.6s,内服,实测,136,2.266667,15.919200,D:\Codex\video-editing\new_0_6s_frames_123_895\outputs\019f8ec1-f4a5-7490-9fd1-54223c813e68\新0.6s_123-895_速度距离表.xlsx -> 数据
内服0.6s,内服,实测,137,2.283333,16.322200,D:\Codex\video-editing\new_0_6s_frames_123_895\outputs\019f8ec1-f4a5-7490-9fd1-54223c813e68\新0.6s_123-895_速度距离表.xlsx -> 数据
内服0.6s,内服,实测,138,2.300000,16.322200,D:\Codex\video-editing\new_0_6s_frames_123_895\outputs\019f8ec1-f4a5-7490-9fd1-54223c813e68\新0.6s_123-895_速度距离表.xlsx -> 数据
内服0.6s,内服,实测,139,2.316667,16.721200,D:\Codex\video-editing\new_0_6s_frames_123_895\outputs\019f8ec1-f4a5-7490-9fd1-54223c813e68\新0.6s_123-895_速度距离表.xlsx -> 数据
内服0.6s,内服,实测,140,2.333333,16.721200,D:\Codex\video-editing\new_0_6s_frames_123_895\outputs\019f8ec1-f4a5-7490-9fd1-54223c813e68\新0.6s_123-895_速度距离表.xlsx -> 数据
内服0.6s,内服,实测,141,2.350000,17.116300,D:\Codex\video-editing\new_0_6s_frames_123_895\outputs\019f8ec1-f4a5-7490-9fd1-54223c813e68\新0.6s_123-895_速度距离表.xlsx -> 数据
内服0.6s,内服,实测,142,2.366667,17.506300,D:\Codex\video-editing\new_0_6s_frames_123_895\outputs\019f8ec1-f4a5-7490-9fd1-54223c813e68\新0.6s_123-895_速度距离表.xlsx -> 数据
内服0.6s,内服,实测,143,2.383333,17.506300,D:\Codex\video-editing\new_0_6s_frames_123_895\outputs\019f8ec1-f4a5-7490-9fd1-54223c813e68\新0.6s_123-895_速度距离表.xlsx -> 数据
内服0.6s,内服,实测,144,2.400000,17.506300,D:\Codex\video-editing\new_0_6s_frames_123_895\outputs\019f8ec1-f4a5-7490-9fd1-54223c813e68\新0.6s_123-895_速度距离表.xlsx -> 数据
内服0.6s,内服,实测,145,2.416667,17.506300,D:\Codex\video-editing\new_0_6s_frames_123_895\outputs\019f8ec1-f4a5-7490-9fd1-54223c813e68\新0.6s_123-895_速度距离表.xlsx -> 数据
内服0.6s,内服,实测,146,2.433333,17.891200,D:\Codex\video-editing\new_0_6s_frames_123_895\outputs\019f8ec1-f4a5-7490-9fd1-54223c813e68\新0.6s_123-895_速度距离表.xlsx -> 数据
内服0.6s,内服,实测,147,2.450000,18.239200,D:\Codex\video-editing\new_0_6s_frames_123_895\outputs\019f8ec1-f4a5-7490-9fd1-54223c813e68\新0.6s_123-895_速度距离表.xlsx -> 数据
内服0.6s,内服,实测,148,2.466667,18.239200,D:\Codex\video-editing\new_0_6s_frames_123_895\outputs\019f8ec1-f4a5-7490-9fd1-54223c813e68\新0.6s_123-895_速度距离表.xlsx -> 数据
内服0.6s,内服,实测,149,2.483333,18.582200,D:\Codex\video-editing\new_0_6s_frames_123_895\outputs\019f8ec1-f4a5-7490-9fd1-54223c813e68\新0.6s_123-895_速度距离表.xlsx -> 数据
内服0.6s,内服,实测,150,2.500000,18.921200,D:\Codex\video-editing\new_0_6s_frames_123_895\outputs\019f8ec1-f4a5-7490-9fd1-54223c813e68\新0.6s_123-895_速度距离表.xlsx -> 数据
内服0.6s,内服,实测,151,2.516667,18.921200,D:\Codex\video-editing\new_0_6s_frames_123_895\outputs\019f8ec1-f4a5-7490-9fd1-54223c813e68\新0.6s_123-895_速度距离表.xlsx -> 数据
内服0.6s,内服,实测,152,2.533333,19.256300,D:\Codex\video-editing\new_0_6s_frames_123_895\outputs\019f8ec1-f4a5-7490-9fd1-54223c813e68\新0.6s_123-895_速度距离表.xlsx -> 数据
内服0.6s,内服,实测,153,2.550000,19.256300,D:\Codex\video-editing\new_0_6s_frames_123_895\outputs\019f8ec1-f4a5-7490-9fd1-54223c813e68\新0.6s_123-895_速度距离表.xlsx -> 数据
内服0.6s,内服,实测,154,2.566667,19.586300,D:\Codex\video-editing\new_0_6s_frames_123_895\outputs\019f8ec1-f4a5-7490-9fd1-54223c813e68\新0.6s_123-895_速度距离表.xlsx -> 数据
内服0.6s,内服,实测,155,2.583333,19.586300,D:\Codex\video-editing\new_0_6s_frames_123_895\outputs\019f8ec1-f4a5-7490-9fd1-54223c813e68\新0.6s_123-895_速度距离表.xlsx -> 数据
内服0.6s,内服,实测,156,2.600000,19.911200,D:\Codex\video-editing\new_0_6s_frames_123_895\outputs\019f8ec1-f4a5-7490-9fd1-54223c813e68\新0.6s_123-895_速度距离表.xlsx -> 数据
内服0.6s,内服,实测,157,2.616667,19.911200,D:\Codex\video-editing\new_0_6s_frames_123_895\outputs\019f8ec1-f4a5-7490-9fd1-54223c813e68\新0.6s_123-895_速度距离表.xlsx -> 数据
内服0.6s,内服,实测,158,2.633333,19.911200,D:\Codex\video-editing\new_0_6s_frames_123_895\outputs\019f8ec1-f4a5-7490-9fd1-54223c813e68\新0.6s_123-895_速度距离表.xlsx -> 数据
内服0.6s,内服,实测,159,2.650000,20.232200,D:\Codex\video-editing\new_0_6s_frames_123_895\outputs\019f8ec1-f4a5-7490-9fd1-54223c813e68\新0.6s_123-895_速度距离表.xlsx -> 数据
内服0.6s,内服,实测,160,2.666667,20.549200,D:\Codex\video-editing\new_0_6s_frames_123_895\outputs\019f8ec1-f4a5-7490-9fd1-54223c813e68\新0.6s_123-895_速度距离表.xlsx -> 数据
内服0.6s,内服,实测,161,2.683333,20.549200,D:\Codex\video-editing\new_0_6s_frames_123_895\outputs\019f8ec1-f4a5-7490-9fd1-54223c813e68\新0.6s_123-895_速度距离表.xlsx -> 数据
内服0.6s,内服,实测,162,2.700000,20.549200,D:\Codex\video-editing\new_0_6s_frames_123_895\outputs\019f8ec1-f4a5-7490-9fd1-54223c813e68\新0.6s_123-895_速度距离表.xlsx -> 数据
内服0.6s,内服,实测,163,2.716667,20.861200,D:\Codex\video-editing\new_0_6s_frames_123_895\outputs\019f8ec1-f4a5-7490-9fd1-54223c813e68\新0.6s_123-895_速度距离表.xlsx -> 数据
内服0.6s,内服,实测,164,2.733333,21.169200,D:\Codex\video-editing\new_0_6s_frames_123_895\outputs\019f8ec1-f4a5-7490-9fd1-54223c813e68\新0.6s_123-895_速度距离表.xlsx -> 数据
内服0.6s,内服,实测,165,2.750000,21.169200,D:\Codex\video-editing\new_0_6s_frames_123_895\outputs\019f8ec1-f4a5-7490-9fd1-54223c813e68\新0.6s_123-895_速度距离表.xlsx -> 数据
内服0.6s,内服,实测,166,2.766667,21.169200,D:\Codex\video-editing\new_0_6s_frames_123_895\outputs\019f8ec1-f4a5-7490-9fd1-54223c813e68\新0.6s_123-895_速度距离表.xlsx -> 数据
内服0.6s,内服,实测,167,2.783333,21.472200,D:\Codex\video-editing\new_0_6s_frames_123_895\outputs\019f8ec1-f4a5-7490-9fd1-54223c813e68\新0.6s_123-895_速度距离表.xlsx -> 数据
内服0.6s,内服,实测,168,2.800000,21.731200,D:\Codex\video-editing\new_0_6s_frames_123_895\outputs\019f8ec1-f4a5-7490-9fd1-54223c813e68\新0.6s_123-895_速度距离表.xlsx -> 数据
内服0.6s,内服,实测,169,2.816667,21.731200,D:\Codex\video-editing\new_0_6s_frames_123_895\outputs\019f8ec1-f4a5-7490-9fd1-54223c813e68\新0.6s_123-895_速度距离表.xlsx -> 数据
内服0.6s,内服,实测,170,2.833333,21.946300,D:\Codex\video-editing\new_0_6s_frames_123_895\outputs\019f8ec1-f4a5-7490-9fd1-54223c813e68\新0.6s_123-895_速度距离表.xlsx -> 数据
内服0.6s,内服,实测,171,2.850000,22.116300,D:\Codex\video-editing\new_0_6s_frames_123_895\outputs\019f8ec1-f4a5-7490-9fd1-54223c813e68\新0.6s_123-895_速度距离表.xlsx -> 数据
内服0.6s,内服,实测,172,2.866667,22.116300,D:\Codex\video-editing\new_0_6s_frames_123_895\outputs\019f8ec1-f4a5-7490-9fd1-54223c813e68\新0.6s_123-895_速度距离表.xlsx -> 数据
内服0.6s,内服,实测,173,2.883333,22.116300,D:\Codex\video-editing\new_0_6s_frames_123_895\outputs\019f8ec1-f4a5-7490-9fd1-54223c813e68\新0.6s_123-895_速度距离表.xlsx -> 数据
内服0.6s,内服,实测,174,2.900000,22.241200,D:\Codex\video-editing\new_0_6s_frames_123_895\outputs\019f8ec1-f4a5-7490-9fd1-54223c813e68\新0.6s_123-895_速度距离表.xlsx -> 数据
内服0.6s,内服,实测,175,2.916667,22.241200,D:\Codex\video-editing\new_0_6s_frames_123_895\outputs\019f8ec1-f4a5-7490-9fd1-54223c813e68\新0.6s_123-895_速度距离表.xlsx -> 数据
内服0.6s,内服,实测,176,2.933333,22.322200,D:\Codex\video-editing\new_0_6s_frames_123_895\outputs\019f8ec1-f4a5-7490-9fd1-54223c813e68\新0.6s_123-895_速度距离表.xlsx -> 数据
内服0.6s,内服,实测,177,2.950000,22.322200,D:\Codex\video-editing\new_0_6s_frames_123_895\outputs\019f8ec1-f4a5-7490-9fd1-54223c813e68\新0.6s_123-895_速度距离表.xlsx -> 数据
内服0.6s,内服,实测,178,2.966667,22.359200,D:\Codex\video-editing\new_0_6s_frames_123_895\outputs\019f8ec1-f4a5-7490-9fd1-54223c813e68\新0.6s_123-895_速度距离表.xlsx -> 数据
内服0.6s,内服,实测,179,2.983333,22.359200,D:\Codex\video-editing\new_0_6s_frames_123_895\outputs\019f8ec1-f4a5-7490-9fd1-54223c813e68\新0.6s_123-895_速度距离表.xlsx -> 数据
内服0.6s,内服,实测,180,3.000000,22.359200,D:\Codex\video-editing\new_0_6s_frames_123_895\outputs\019f8ec1-f4a5-7490-9fd1-54223c813e68\新0.6s_123-895_速度距离表.xlsx -> 数据
内服0.6s,内服,实测,181,3.016667,22.359200,D:\Codex\video-editing\new_0_6s_frames_123_895\outputs\019f8ec1-f4a5-7490-9fd1-54223c813e68\新0.6s_123-895_速度距离表.xlsx -> 数据
内服0.6s,内服,实测,182,3.033333,22.359200,D:\Codex\video-editing\new_0_6s_frames_123_895\outputs\019f8ec1-f4a5-7490-9fd1-54223c813e68\新0.6s_123-895_速度距离表.xlsx -> 数据
内服0.6s,内服,实测,183,3.050000,22.359200,D:\Codex\video-editing\new_0_6s_frames_123_895\outputs\019f8ec1-f4a5-7490-9fd1-54223c813e68\新0.6s_123-895_速度距离表.xlsx -> 数据
内服0.6s,内服,实测,184,3.066667,22.459200,D:\Codex\video-editing\new_0_6s_frames_123_895\outputs\019f8ec1-f4a5-7490-9fd1-54223c813e68\新0.6s_123-895_速度距离表.xlsx -> 数据
内服0.6s,内服,实测,185,3.083333,22.592200,D:\Codex\video-editing\new_0_6s_frames_123_895\outputs\019f8ec1-f4a5-7490-9fd1-54223c813e68\新0.6s_123-895_速度距离表.xlsx -> 数据
内服0.6s,内服,实测,186,3.100000,22.592200,D:\Codex\video-editing\new_0_6s_frames_123_895\outputs\019f8ec1-f4a5-7490-9fd1-54223c813e68\新0.6s_123-895_速度距离表.xlsx -> 数据
内服0.6s,内服,实测,187,3.116667,22.592200,D:\Codex\video-editing\new_0_6s_frames_123_895\outputs\019f8ec1-f4a5-7490-9fd1-54223c813e68\新0.6s_123-895_速度距离表.xlsx -> 数据
内服0.6s,内服,实测,188,3.133333,22.759200,D:\Codex\video-editing\new_0_6s_frames_123_895\outputs\019f8ec1-f4a5-7490-9fd1-54223c813e68\新0.6s_123-895_速度距离表.xlsx -> 数据
内服0.6s,内服,实测,189,3.150000,22.759200,D:\Codex\video-editing\new_0_6s_frames_123_895\outputs\019f8ec1-f4a5-7490-9fd1-54223c813e68\新0.6s_123-895_速度距离表.xlsx -> 数据
内服0.6s,内服,实测,190,3.166667,22.959200,D:\Codex\video-editing\new_0_6s_frames_123_895\outputs\019f8ec1-f4a5-7490-9fd1-54223c813e68\新0.6s_123-895_速度距离表.xlsx -> 数据
内服0.6s,内服,实测,191,3.183333,22.959200,D:\Codex\video-editing\new_0_6s_frames_123_895\outputs\019f8ec1-f4a5-7490-9fd1-54223c813e68\新0.6s_123-895_速度距离表.xlsx -> 数据
内服0.6s,内服,实测,192,3.200000,22.959200,D:\Codex\video-editing\new_0_6s_frames_123_895\outputs\019f8ec1-f4a5-7490-9fd1-54223c813e68\新0.6s_123-895_速度距离表.xlsx -> 数据
内服0.6s,内服,实测,193,3.216667,23.172200,D:\Codex\video-editing\new_0_6s_frames_123_895\outputs\019f8ec1-f4a5-7490-9fd1-54223c813e68\新0.6s_123-895_速度距离表.xlsx -> 数据
内服0.6s,内服,实测,194,3.233333,23.399200,D:\Codex\video-editing\new_0_6s_frames_123_895\outputs\019f8ec1-f4a5-7490-9fd1-54223c813e68\新0.6s_123-895_速度距离表.xlsx -> 数据
内服0.6s,内服,实测,195,3.250000,23.639200,D:\Codex\video-editing\new_0_6s_frames_123_895\outputs\019f8ec1-f4a5-7490-9fd1-54223c813e68\新0.6s_123-895_速度距离表.xlsx -> 数据
内服0.6s,内服,实测,196,3.266667,23.639200,D:\Codex\video-editing\new_0_6s_frames_123_895\outputs\019f8ec1-f4a5-7490-9fd1-54223c813e68\新0.6s_123-895_速度距离表.xlsx -> 数据
内服0.6s,内服,实测,197,3.283333,23.639200,D:\Codex\video-editing\new_0_6s_frames_123_895\outputs\019f8ec1-f4a5-7490-9fd1-54223c813e68\新0.6s_123-895_速度距离表.xlsx -> 数据
内服0.6s,内服,实测,198,3.300000,23.892200,D:\Codex\video-editing\new_0_6s_frames_123_895\outputs\019f8ec1-f4a5-7490-9fd1-54223c813e68\新0.6s_123-895_速度距离表.xlsx -> 数据
内服0.6s,内服,实测,199,3.316667,23.892200,D:\Codex\video-editing\new_0_6s_frames_123_895\outputs\019f8ec1-f4a5-7490-9fd1-54223c813e68\新0.6s_123-895_速度距离表.xlsx -> 数据
内服0.6s,内服,实测,200,3.333333,24.159200,D:\Codex\video-editing\new_0_6s_frames_123_895\outputs\019f8ec1-f4a5-7490-9fd1-54223c813e68\新0.6s_123-895_速度距离表.xlsx -> 数据
内服0.6s,内服,实测,201,3.350000,24.159200,D:\Codex\video-editing\new_0_6s_frames_123_895\outputs\019f8ec1-f4a5-7490-9fd1-54223c813e68\新0.6s_123-895_速度距离表.xlsx -> 数据
内服0.6s,内服,实测,202,3.366667,24.426300,D:\Codex\video-editing\new_0_6s_frames_123_895\outputs\019f8ec1-f4a5-7490-9fd1-54223c813e68\新0.6s_123-895_速度距离表.xlsx -> 数据
内服0.6s,内服,实测,203,3.383333,24.426300,D:\Codex\video-editing\new_0_6s_frames_123_895\outputs\019f8ec1-f4a5-7490-9fd1-54223c813e68\新0.6s_123-895_速度距离表.xlsx -> 数据
内服0.6s,内服,实测,204,3.400000,24.692200,D:\Codex\video-editing\new_0_6s_frames_123_895\outputs\019f8ec1-f4a5-7490-9fd1-54223c813e68\新0.6s_123-895_速度距离表.xlsx -> 数据
内服0.6s,内服,实测,205,3.416667,24.959200,D:\Codex\video-editing\new_0_6s_frames_123_895\outputs\019f8ec1-f4a5-7490-9fd1-54223c813e68\新0.6s_123-895_速度距离表.xlsx -> 数据
内服0.6s,内服,实测,206,3.433333,24.959200,D:\Codex\video-editing\new_0_6s_frames_123_895\outputs\019f8ec1-f4a5-7490-9fd1-54223c813e68\新0.6s_123-895_速度距离表.xlsx -> 数据
内服0.6s,内服,实测,207,3.450000,24.959200,D:\Codex\video-editing\new_0_6s_frames_123_895\outputs\019f8ec1-f4a5-7490-9fd1-54223c813e68\新0.6s_123-895_速度距离表.xlsx -> 数据
内服0.6s,内服,实测,208,3.466667,25.226300,D:\Codex\video-editing\new_0_6s_frames_123_895\outputs\019f8ec1-f4a5-7490-9fd1-54223c813e68\新0.6s_123-895_速度距离表.xlsx -> 数据
内服0.6s,内服,实测,209,3.483333,25.226300,D:\Codex\video-editing\new_0_6s_frames_123_895\outputs\019f8ec1-f4a5-7490-9fd1-54223c813e68\新0.6s_123-895_速度距离表.xlsx -> 数据
内服0.6s,内服,实测,210,3.500000,25.492200,D:\Codex\video-editing\new_0_6s_frames_123_895\outputs\019f8ec1-f4a5-7490-9fd1-54223c813e68\新0.6s_123-895_速度距离表.xlsx -> 数据
内服0.6s,内服,实测,211,3.516667,25.759200,D:\Codex\video-editing\new_0_6s_frames_123_895\outputs\019f8ec1-f4a5-7490-9fd1-54223c813e68\新0.6s_123-895_速度距离表.xlsx -> 数据
内服0.6s,内服,实测,212,3.533333,25.759200,D:\Codex\video-editing\new_0_6s_frames_123_895\outputs\019f8ec1-f4a5-7490-9fd1-54223c813e68\新0.6s_123-895_速度距离表.xlsx -> 数据
内服0.6s,内服,实测,213,3.550000,25.759200,D:\Codex\video-editing\new_0_6s_frames_123_895\outputs\019f8ec1-f4a5-7490-9fd1-54223c813e68\新0.6s_123-895_速度距离表.xlsx -> 数据
内服0.6s,内服,实测,214,3.566667,26.026300,D:\Codex\video-editing\new_0_6s_frames_123_895\outputs\019f8ec1-f4a5-7490-9fd1-54223c813e68\新0.6s_123-895_速度距离表.xlsx -> 数据
内服0.6s,内服,实测,215,3.583333,26.292200,D:\Codex\video-editing\new_0_6s_frames_123_895\outputs\019f8ec1-f4a5-7490-9fd1-54223c813e68\新0.6s_123-895_速度距离表.xlsx -> 数据
内服0.6s,内服,实测,216,3.600000,26.292200,D:\Codex\video-editing\new_0_6s_frames_123_895\outputs\019f8ec1-f4a5-7490-9fd1-54223c813e68\新0.6s_123-895_速度距离表.xlsx -> 数据
内服0.6s,内服,实测,217,3.616667,26.292200,D:\Codex\video-editing\new_0_6s_frames_123_895\outputs\019f8ec1-f4a5-7490-9fd1-54223c813e68\新0.6s_123-895_速度距离表.xlsx -> 数据
内服0.6s,内服,实测,218,3.633333,26.559200,D:\Codex\video-editing\new_0_6s_frames_123_895\outputs\019f8ec1-f4a5-7490-9fd1-54223c813e68\新0.6s_123-895_速度距离表.xlsx -> 数据
内服0.6s,内服,实测,219,3.650000,26.559200,D:\Codex\video-editing\new_0_6s_frames_123_895\outputs\019f8ec1-f4a5-7490-9fd1-54223c813e68\新0.6s_123-895_速度距离表.xlsx -> 数据
内服0.6s,内服,实测,220,3.666667,26.826300,D:\Codex\video-editing\new_0_6s_frames_123_895\outputs\019f8ec1-f4a5-7490-9fd1-54223c813e68\新0.6s_123-895_速度距离表.xlsx -> 数据
内服0.6s,内服,实测,221,3.683333,27.092200,D:\Codex\video-editing\new_0_6s_frames_123_895\outputs\019f8ec1-f4a5-7490-9fd1-54223c813e68\新0.6s_123-895_速度距离表.xlsx -> 数据
内服0.6s,内服,实测,222,3.700000,27.092200,D:\Codex\video-editing\new_0_6s_frames_123_895\outputs\019f8ec1-f4a5-7490-9fd1-54223c813e68\新0.6s_123-895_速度距离表.xlsx -> 数据
内服0.6s,内服,实测,223,3.716667,27.092200,D:\Codex\video-editing\new_0_6s_frames_123_895\outputs\019f8ec1-f4a5-7490-9fd1-54223c813e68\新0.6s_123-895_速度距离表.xlsx -> 数据
内服0.6s,内服,实测,224,3.733333,27.092200,D:\Codex\video-editing\new_0_6s_frames_123_895\outputs\019f8ec1-f4a5-7490-9fd1-54223c813e68\新0.6s_123-895_速度距离表.xlsx -> 数据
内服0.6s,内服,实测,225,3.750000,27.359200,D:\Codex\video-editing\new_0_6s_frames_123_895\outputs\019f8ec1-f4a5-7490-9fd1-54223c813e68\新0.6s_123-895_速度距离表.xlsx -> 数据
内服0.6s,内服,实测,226,3.766667,27.626300,D:\Codex\video-editing\new_0_6s_frames_123_895\outputs\019f8ec1-f4a5-7490-9fd1-54223c813e68\新0.6s_123-895_速度距离表.xlsx -> 数据
内服0.6s,内服,实测,227,3.783333,27.892200,D:\Codex\video-editing\new_0_6s_frames_123_895\outputs\019f8ec1-f4a5-7490-9fd1-54223c813e68\新0.6s_123-895_速度距离表.xlsx -> 数据
内服0.6s,内服,实测,228,3.800000,27.892200,D:\Codex\video-editing\new_0_6s_frames_123_895\outputs\019f8ec1-f4a5-7490-9fd1-54223c813e68\新0.6s_123-895_速度距离表.xlsx -> 数据
内服0.6s,内服,实测,229,3.816667,27.892200,D:\Codex\video-editing\new_0_6s_frames_123_895\outputs\019f8ec1-f4a5-7490-9fd1-54223c813e68\新0.6s_123-895_速度距离表.xlsx -> 数据
内服0.6s,内服,实测,230,3.833333,28.159200,D:\Codex\video-editing\new_0_6s_frames_123_895\outputs\019f8ec1-f4a5-7490-9fd1-54223c813e68\新0.6s_123-895_速度距离表.xlsx -> 数据
内服0.6s,内服,实测,231,3.850000,28.159200,D:\Codex\video-editing\new_0_6s_frames_123_895\outputs\019f8ec1-f4a5-7490-9fd1-54223c813e68\新0.6s_123-895_速度距离表.xlsx -> 数据
内服0.6s,内服,实测,232,3.866667,28.426300,D:\Codex\video-editing\new_0_6s_frames_123_895\outputs\019f8ec1-f4a5-7490-9fd1-54223c813e68\新0.6s_123-895_速度距离表.xlsx -> 数据
内服0.6s,内服,实测,233,3.883333,28.426300,D:\Codex\video-editing\new_0_6s_frames_123_895\outputs\019f8ec1-f4a5-7490-9fd1-54223c813e68\新0.6s_123-895_速度距离表.xlsx -> 数据
内服0.6s,内服,实测,234,3.900000,28.692200,D:\Codex\video-editing\new_0_6s_frames_123_895\outputs\019f8ec1-f4a5-7490-9fd1-54223c813e68\新0.6s_123-895_速度距离表.xlsx -> 数据
内服0.6s,内服,实测,235,3.916667,28.692200,D:\Codex\video-editing\new_0_6s_frames_123_895\outputs\019f8ec1-f4a5-7490-9fd1-54223c813e68\新0.6s_123-895_速度距离表.xlsx -> 数据
内服0.6s,内服,实测,236,3.933333,29.183200,D:\Codex\video-editing\new_0_6s_frames_123_895\outputs\019f8ec1-f4a5-7490-9fd1-54223c813e68\新0.6s_123-895_速度距离表.xlsx -> 数据
内服0.6s,内服,实测,237,3.950000,29.666300,D:\Codex\video-editing\new_0_6s_frames_123_895\outputs\019f8ec1-f4a5-7490-9fd1-54223c813e68\新0.6s_123-895_速度距离表.xlsx -> 数据
内服0.6s,内服,实测,238,3.966667,29.666300,D:\Codex\video-editing\new_0_6s_frames_123_895\outputs\019f8ec1-f4a5-7490-9fd1-54223c813e68\新0.6s_123-895_速度距离表.xlsx -> 数据
内服0.6s,内服,实测,239,3.983333,30.139200,D:\Codex\video-editing\new_0_6s_frames_123_895\outputs\019f8ec1-f4a5-7490-9fd1-54223c813e68\新0.6s_123-895_速度距离表.xlsx -> 数据
内服0.6s,内服,实测,240,4.000000,30.139200,D:\Codex\video-editing\new_0_6s_frames_123_895\outputs\019f8ec1-f4a5-7490-9fd1-54223c813e68\新0.6s_123-895_速度距离表.xlsx -> 数据
内服0.6s,内服,实测,241,4.016667,30.139200,D:\Codex\video-editing\new_0_6s_frames_123_895\outputs\019f8ec1-f4a5-7490-9fd1-54223c813e68\新0.6s_123-895_速度距离表.xlsx -> 数据
内服0.6s,内服,实测,242,4.033333,30.603200,D:\Codex\video-editing\new_0_6s_frames_123_895\outputs\019f8ec1-f4a5-7490-9fd1-54223c813e68\新0.6s_123-895_速度距离表.xlsx -> 数据
内服0.6s,内服,实测,243,4.050000,30.603200,D:\Codex\video-editing\new_0_6s_frames_123_895\outputs\019f8ec1-f4a5-7490-9fd1-54223c813e68\新0.6s_123-895_速度距离表.xlsx -> 数据
内服0.6s,内服,实测,244,4.066667,31.029200,D:\Codex\video-editing\new_0_6s_frames_123_895\outputs\019f8ec1-f4a5-7490-9fd1-54223c813e68\新0.6s_123-895_速度距离表.xlsx -> 数据
内服0.6s,内服,实测,245,4.083333,31.416300,D:\Codex\video-editing\new_0_6s_frames_123_895\outputs\019f8ec1-f4a5-7490-9fd1-54223c813e68\新0.6s_123-895_速度距离表.xlsx -> 数据
内服0.6s,内服,实测,246,4.100000,31.416300,D:\Codex\video-editing\new_0_6s_frames_123_895\outputs\019f8ec1-f4a5-7490-9fd1-54223c813e68\新0.6s_123-895_速度距离表.xlsx -> 数据
内服0.6s,内服,实测,247,4.116667,31.763200,D:\Codex\video-editing\new_0_6s_frames_123_895\outputs\019f8ec1-f4a5-7490-9fd1-54223c813e68\新0.6s_123-895_速度距离表.xlsx -> 数据
内服0.6s,内服,实测,248,4.133333,31.763200,D:\Codex\video-editing\new_0_6s_frames_123_895\outputs\019f8ec1-f4a5-7490-9fd1-54223c813e68\新0.6s_123-895_速度距离表.xlsx -> 数据
内服0.6s,内服,实测,249,4.150000,31.763200,D:\Codex\video-editing\new_0_6s_frames_123_895\outputs\019f8ec1-f4a5-7490-9fd1-54223c813e68\新0.6s_123-895_速度距离表.xlsx -> 数据
内服0.6s,内服,实测,250,4.166667,32.072200,D:\Codex\video-editing\new_0_6s_frames_123_895\outputs\019f8ec1-f4a5-7490-9fd1-54223c813e68\新0.6s_123-895_速度距离表.xlsx -> 数据
内服0.6s,内服,实测,251,4.183333,34.449300,D:\Codex\video-editing\new_0_6s_frames_123_895\outputs\019f8ec1-f4a5-7490-9fd1-54223c813e68\新0.6s_123-895_速度距离表.xlsx -> 数据
内服0.6s,内服,实测,252,4.200000,34.449300,D:\Codex\video-editing\new_0_6s_frames_123_895\outputs\019f8ec1-f4a5-7490-9fd1-54223c813e68\新0.6s_123-895_速度距离表.xlsx -> 数据
内服0.6s,内服,实测,253,4.216667,34.449300,D:\Codex\video-editing\new_0_6s_frames_123_895\outputs\019f8ec1-f4a5-7490-9fd1-54223c813e68\新0.6s_123-895_速度距离表.xlsx -> 数据
内服0.6s,内服,实测,254,4.233333,34.719200,D:\Codex\video-editing\new_0_6s_frames_123_895\outputs\019f8ec1-f4a5-7490-9fd1-54223c813e68\新0.6s_123-895_速度距离表.xlsx -> 数据
内服0.6s,内服,实测,255,4.250000,34.985200,D:\Codex\video-editing\new_0_6s_frames_123_895\outputs\019f8ec1-f4a5-7490-9fd1-54223c813e68\新0.6s_123-895_速度距离表.xlsx -> 数据
内服0.6s,内服,实测,256,4.266667,34.985200,D:\Codex\video-editing\new_0_6s_frames_123_895\outputs\019f8ec1-f4a5-7490-9fd1-54223c813e68\新0.6s_123-895_速度距离表.xlsx -> 数据
内服0.6s,内服,实测,257,4.283333,35.189200,D:\Codex\video-editing\new_0_6s_frames_123_895\outputs\019f8ec1-f4a5-7490-9fd1-54223c813e68\新0.6s_123-895_速度距离表.xlsx -> 数据
内服0.6s,内服,实测,258,4.300000,35.189200,D:\Codex\video-editing\new_0_6s_frames_123_895\outputs\019f8ec1-f4a5-7490-9fd1-54223c813e68\新0.6s_123-895_速度距离表.xlsx -> 数据
内服0.6s,内服,实测,259,4.316667,35.319200,D:\Codex\video-editing\new_0_6s_frames_123_895\outputs\019f8ec1-f4a5-7490-9fd1-54223c813e68\新0.6s_123-895_速度距离表.xlsx -> 数据
内服0.6s,内服,实测,260,4.333333,35.319200,D:\Codex\video-editing\new_0_6s_frames_123_895\outputs\019f8ec1-f4a5-7490-9fd1-54223c813e68\新0.6s_123-895_速度距离表.xlsx -> 数据
内服0.6s,内服,实测,261,4.350000,35.319200,D:\Codex\video-editing\new_0_6s_frames_123_895\outputs\019f8ec1-f4a5-7490-9fd1-54223c813e68\新0.6s_123-895_速度距离表.xlsx -> 数据
内服0.6s,内服,实测,262,4.366667,35.395200,D:\Codex\video-editing\new_0_6s_frames_123_895\outputs\019f8ec1-f4a5-7490-9fd1-54223c813e68\新0.6s_123-895_速度距离表.xlsx -> 数据
内服0.6s,内服,实测,263,4.383333,35.395200,D:\Codex\video-editing\new_0_6s_frames_123_895\outputs\019f8ec1-f4a5-7490-9fd1-54223c813e68\新0.6s_123-895_速度距离表.xlsx -> 数据
内服0.6s,内服,实测,264,4.400000,35.395200,D:\Codex\video-editing\new_0_6s_frames_123_895\outputs\019f8ec1-f4a5-7490-9fd1-54223c813e68\新0.6s_123-895_速度距离表.xlsx -> 数据
内服0.6s,内服,实测,265,4.416667,35.376200,D:\Codex\video-editing\new_0_6s_frames_123_895\outputs\019f8ec1-f4a5-7490-9fd1-54223c813e68\新0.6s_123-895_速度距离表.xlsx -> 数据
内服0.6s,内服,实测,266,4.433333,35.376200,D:\Codex\video-editing\new_0_6s_frames_123_895\outputs\019f8ec1-f4a5-7490-9fd1-54223c813e68\新0.6s_123-895_速度距离表.xlsx -> 数据
内服0.6s,内服,实测,267,4.450000,35.402200,D:\Codex\video-editing\new_0_6s_frames_123_895\outputs\019f8ec1-f4a5-7490-9fd1-54223c813e68\新0.6s_123-895_速度距离表.xlsx -> 数据
内服0.6s,内服,实测,268,4.466667,35.402200,D:\Codex\video-editing\new_0_6s_frames_123_895\outputs\019f8ec1-f4a5-7490-9fd1-54223c813e68\新0.6s_123-895_速度距离表.xlsx -> 数据
内服0.6s,内服,实测,269,4.483333,35.501300,D:\Codex\video-editing\new_0_6s_frames_123_895\outputs\019f8ec1-f4a5-7490-9fd1-54223c813e68\新0.6s_123-895_速度距离表.xlsx -> 数据
内服0.6s,内服,实测,270,4.500000,35.501300,D:\Codex\video-editing\new_0_6s_frames_123_895\outputs\019f8ec1-f4a5-7490-9fd1-54223c813e68\新0.6s_123-895_速度距离表.xlsx -> 数据
内服0.6s,内服,实测,271,4.516667,35.633200,D:\Codex\video-editing\new_0_6s_frames_123_895\outputs\019f8ec1-f4a5-7490-9fd1-54223c813e68\新0.6s_123-895_速度距离表.xlsx -> 数据
内服0.6s,内服,实测,272,4.533333,35.800200,D:\Codex\video-editing\new_0_6s_frames_123_895\outputs\019f8ec1-f4a5-7490-9fd1-54223c813e68\新0.6s_123-895_速度距离表.xlsx -> 数据
内服0.6s,内服,实测,273,4.550000,35.800200,D:\Codex\video-editing\new_0_6s_frames_123_895\outputs\019f8ec1-f4a5-7490-9fd1-54223c813e68\新0.6s_123-895_速度距离表.xlsx -> 数据
内服0.6s,内服,实测,274,4.566667,35.800200,D:\Codex\video-editing\new_0_6s_frames_123_895\outputs\019f8ec1-f4a5-7490-9fd1-54223c813e68\新0.6s_123-895_速度距离表.xlsx -> 数据
内服0.6s,内服,实测,275,4.583333,35.997200,D:\Codex\video-editing\new_0_6s_frames_123_895\outputs\019f8ec1-f4a5-7490-9fd1-54223c813e68\新0.6s_123-895_速度距离表.xlsx -> 数据
内服0.6s,内服,实测,276,4.600000,35.997200,D:\Codex\video-editing\new_0_6s_frames_123_895\outputs\019f8ec1-f4a5-7490-9fd1-54223c813e68\新0.6s_123-895_速度距离表.xlsx -> 数据
内服0.6s,内服,实测,277,4.616667,36.214200,D:\Codex\video-editing\new_0_6s_frames_123_895\outputs\019f8ec1-f4a5-7490-9fd1-54223c813e68\新0.6s_123-895_速度距离表.xlsx -> 数据
内服0.6s,内服,实测,278,4.633333,36.214200,D:\Codex\video-editing\new_0_6s_frames_123_895\outputs\019f8ec1-f4a5-7490-9fd1-54223c813e68\新0.6s_123-895_速度距离表.xlsx -> 数据
内服0.6s,内服,实测,279,4.650000,36.443200,D:\Codex\video-editing\new_0_6s_frames_123_895\outputs\019f8ec1-f4a5-7490-9fd1-54223c813e68\新0.6s_123-895_速度距离表.xlsx -> 数据
内服0.6s,内服,实测,280,4.666667,36.443200,D:\Codex\video-editing\new_0_6s_frames_123_895\outputs\019f8ec1-f4a5-7490-9fd1-54223c813e68\新0.6s_123-895_速度距离表.xlsx -> 数据
内服0.6s,内服,实测,281,4.683333,36.725200,D:\Codex\video-editing\new_0_6s_frames_123_895\outputs\019f8ec1-f4a5-7490-9fd1-54223c813e68\新0.6s_123-895_速度距离表.xlsx -> 数据
内服0.6s,内服,实测,282,4.700000,37.172200,D:\Codex\video-editing\new_0_6s_frames_123_895\outputs\019f8ec1-f4a5-7490-9fd1-54223c813e68\新0.6s_123-895_速度距离表.xlsx -> 数据
内服0.6s,内服,实测,283,4.716667,37.172200,D:\Codex\video-editing\new_0_6s_frames_123_895\outputs\019f8ec1-f4a5-7490-9fd1-54223c813e68\新0.6s_123-895_速度距离表.xlsx -> 数据
内服0.6s,内服,实测,284,4.733333,37.616300,D:\Codex\video-editing\new_0_6s_frames_123_895\outputs\019f8ec1-f4a5-7490-9fd1-54223c813e68\新0.6s_123-895_速度距离表.xlsx -> 数据
内服0.6s,内服,实测,285,4.750000,37.616300,D:\Codex\video-editing\new_0_6s_frames_123_895\outputs\019f8ec1-f4a5-7490-9fd1-54223c813e68\新0.6s_123-895_速度距离表.xlsx -> 数据
内服0.6s,内服,实测,286,4.766667,37.616300,D:\Codex\video-editing\new_0_6s_frames_123_895\outputs\019f8ec1-f4a5-7490-9fd1-54223c813e68\新0.6s_123-895_速度距离表.xlsx -> 数据
内服0.6s,内服,实测,287,4.783333,37.616300,D:\Codex\video-editing\new_0_6s_frames_123_895\outputs\019f8ec1-f4a5-7490-9fd1-54223c813e68\新0.6s_123-895_速度距离表.xlsx -> 数据
内服0.6s,内服,实测,288,4.800000,37.616300,D:\Codex\video-editing\new_0_6s_frames_123_895\outputs\019f8ec1-f4a5-7490-9fd1-54223c813e68\新0.6s_123-895_速度距离表.xlsx -> 数据
内服0.6s,内服,实测,289,4.816667,38.055200,D:\Codex\video-editing\new_0_6s_frames_123_895\outputs\019f8ec1-f4a5-7490-9fd1-54223c813e68\新0.6s_123-895_速度距离表.xlsx -> 数据
内服0.6s,内服,实测,290,4.833333,38.055200,D:\Codex\video-editing\new_0_6s_frames_123_895\outputs\019f8ec1-f4a5-7490-9fd1-54223c813e68\新0.6s_123-895_速度距离表.xlsx -> 数据
内服0.6s,内服,实测,291,4.850000,38.489200,D:\Codex\video-editing\new_0_6s_frames_123_895\outputs\019f8ec1-f4a5-7490-9fd1-54223c813e68\新0.6s_123-895_速度距离表.xlsx -> 数据
内服0.6s,内服,实测,292,4.866667,38.489200,D:\Codex\video-editing\new_0_6s_frames_123_895\outputs\019f8ec1-f4a5-7490-9fd1-54223c813e68\新0.6s_123-895_速度距离表.xlsx -> 数据
内服0.6s,内服,实测,293,4.883333,38.919200,D:\Codex\video-editing\new_0_6s_frames_123_895\outputs\019f8ec1-f4a5-7490-9fd1-54223c813e68\新0.6s_123-895_速度距离表.xlsx -> 数据
内服0.6s,内服,实测,294,4.900000,39.345200,D:\Codex\video-editing\new_0_6s_frames_123_895\outputs\019f8ec1-f4a5-7490-9fd1-54223c813e68\新0.6s_123-895_速度距离表.xlsx -> 数据
内服0.6s,内服,实测,295,4.916667,39.345200,D:\Codex\video-editing\new_0_6s_frames_123_895\outputs\019f8ec1-f4a5-7490-9fd1-54223c813e68\新0.6s_123-895_速度距离表.xlsx -> 数据
内服0.6s,内服,实测,296,4.933333,39.345200,D:\Codex\video-editing\new_0_6s_frames_123_895\outputs\019f8ec1-f4a5-7490-9fd1-54223c813e68\新0.6s_123-895_速度距离表.xlsx -> 数据
内服0.6s,内服,实测,297,4.950000,39.766300,D:\Codex\video-editing\new_0_6s_frames_123_895\outputs\019f8ec1-f4a5-7490-9fd1-54223c813e68\新0.6s_123-895_速度距离表.xlsx -> 数据
内服0.6s,内服,实测,298,4.966667,39.766300,D:\Codex\video-editing\new_0_6s_frames_123_895\outputs\019f8ec1-f4a5-7490-9fd1-54223c813e68\新0.6s_123-895_速度距离表.xlsx -> 数据
内服0.6s,内服,实测,299,4.983333,40.182200,D:\Codex\video-editing\new_0_6s_frames_123_895\outputs\019f8ec1-f4a5-7490-9fd1-54223c813e68\新0.6s_123-895_速度距离表.xlsx -> 数据
内服0.6s,内服,实测,300,5.000000,40.182200,D:\Codex\video-editing\new_0_6s_frames_123_895\outputs\019f8ec1-f4a5-7490-9fd1-54223c813e68\新0.6s_123-895_速度距离表.xlsx -> 数据
内服0.6s,内服,实测,301,5.016667,40.595200,D:\Codex\video-editing\new_0_6s_frames_123_895\outputs\019f8ec1-f4a5-7490-9fd1-54223c813e68\新0.6s_123-895_速度距离表.xlsx -> 数据
内服0.6s,内服,实测,302,5.033333,40.595200,D:\Codex\video-editing\new_0_6s_frames_123_895\outputs\019f8ec1-f4a5-7490-9fd1-54223c813e68\新0.6s_123-895_速度距离表.xlsx -> 数据
内服0.6s,内服,实测,303,5.050000,41.002200,D:\Codex\video-editing\new_0_6s_frames_123_895\outputs\019f8ec1-f4a5-7490-9fd1-54223c813e68\新0.6s_123-895_速度距离表.xlsx -> 数据
内服0.6s,内服,实测,304,5.066667,41.002200,D:\Codex\video-editing\new_0_6s_frames_123_895\outputs\019f8ec1-f4a5-7490-9fd1-54223c813e68\新0.6s_123-895_速度距离表.xlsx -> 数据
内服0.6s,内服,实测,305,5.083333,41.406300,D:\Codex\video-editing\new_0_6s_frames_123_895\outputs\019f8ec1-f4a5-7490-9fd1-54223c813e68\新0.6s_123-895_速度距离表.xlsx -> 数据
内服0.6s,内服,实测,306,5.100000,41.406300,D:\Codex\video-editing\new_0_6s_frames_123_895\outputs\019f8ec1-f4a5-7490-9fd1-54223c813e68\新0.6s_123-895_速度距离表.xlsx -> 数据
内服0.6s,内服,实测,307,5.116667,41.805200,D:\Codex\video-editing\new_0_6s_frames_123_895\outputs\019f8ec1-f4a5-7490-9fd1-54223c813e68\新0.6s_123-895_速度距离表.xlsx -> 数据
内服0.6s,内服,实测,308,5.133333,41.805200,D:\Codex\video-editing\new_0_6s_frames_123_895\outputs\019f8ec1-f4a5-7490-9fd1-54223c813e68\新0.6s_123-895_速度距离表.xlsx -> 数据
内服0.6s,内服,实测,309,5.150000,42.199200,D:\Codex\video-editing\new_0_6s_frames_123_895\outputs\019f8ec1-f4a5-7490-9fd1-54223c813e68\新0.6s_123-895_速度距离表.xlsx -> 数据
内服0.6s,内服,实测,310,5.166667,42.199200,D:\Codex\video-editing\new_0_6s_frames_123_895\outputs\019f8ec1-f4a5-7490-9fd1-54223c813e68\新0.6s_123-895_速度距离表.xlsx -> 数据
内服0.6s,内服,实测,311,5.183333,42.589200,D:\Codex\video-editing\new_0_6s_frames_123_895\outputs\019f8ec1-f4a5-7490-9fd1-54223c813e68\新0.6s_123-895_速度距离表.xlsx -> 数据
内服0.6s,内服,实测,312,5.200000,42.589200,D:\Codex\video-editing\new_0_6s_frames_123_895\outputs\019f8ec1-f4a5-7490-9fd1-54223c813e68\新0.6s_123-895_速度距离表.xlsx -> 数据
内服0.6s,内服,实测,313,5.216667,42.589200,D:\Codex\video-editing\new_0_6s_frames_123_895\outputs\019f8ec1-f4a5-7490-9fd1-54223c813e68\新0.6s_123-895_速度距离表.xlsx -> 数据
内服0.6s,内服,实测,314,5.233333,43.322200,D:\Codex\video-editing\new_0_6s_frames_123_895\outputs\019f8ec1-f4a5-7490-9fd1-54223c813e68\新0.6s_123-895_速度距离表.xlsx -> 数据
内服0.6s,内服,实测,315,5.250000,43.322200,D:\Codex\video-editing\new_0_6s_frames_123_895\outputs\019f8ec1-f4a5-7490-9fd1-54223c813e68\新0.6s_123-895_速度距离表.xlsx -> 数据
内服0.6s,内服,实测,316,5.266667,43.322200,D:\Codex\video-editing\new_0_6s_frames_123_895\outputs\019f8ec1-f4a5-7490-9fd1-54223c813e68\新0.6s_123-895_速度距离表.xlsx -> 数据
内服0.6s,内服,实测,317,5.283333,43.666300,D:\Codex\video-editing\new_0_6s_frames_123_895\outputs\019f8ec1-f4a5-7490-9fd1-54223c813e68\新0.6s_123-895_速度距离表.xlsx -> 数据
内服0.6s,内服,实测,318,5.300000,43.666300,D:\Codex\video-editing\new_0_6s_frames_123_895\outputs\019f8ec1-f4a5-7490-9fd1-54223c813e68\新0.6s_123-895_速度距离表.xlsx -> 数据
内服0.6s,内服,实测,319,5.316667,44.005200,D:\Codex\video-editing\new_0_6s_frames_123_895\outputs\019f8ec1-f4a5-7490-9fd1-54223c813e68\新0.6s_123-895_速度距离表.xlsx -> 数据
内服0.6s,内服,实测,320,5.333333,44.005200,D:\Codex\video-editing\new_0_6s_frames_123_895\outputs\019f8ec1-f4a5-7490-9fd1-54223c813e68\新0.6s_123-895_速度距离表.xlsx -> 数据
内服0.6s,内服,实测,321,5.350000,44.339200,D:\Codex\video-editing\new_0_6s_frames_123_895\outputs\019f8ec1-f4a5-7490-9fd1-54223c813e68\新0.6s_123-895_速度距离表.xlsx -> 数据
内服0.6s,内服,实测,322,5.366667,44.339200,D:\Codex\video-editing\new_0_6s_frames_123_895\outputs\019f8ec1-f4a5-7490-9fd1-54223c813e68\新0.6s_123-895_速度距离表.xlsx -> 数据
内服0.6s,内服,实测,323,5.383333,44.669200,D:\Codex\video-editing\new_0_6s_frames_123_895\outputs\019f8ec1-f4a5-7490-9fd1-54223c813e68\新0.6s_123-895_速度距离表.xlsx -> 数据
内服0.6s,内服,实测,324,5.400000,44.995200,D:\Codex\video-editing\new_0_6s_frames_123_895\outputs\019f8ec1-f4a5-7490-9fd1-54223c813e68\新0.6s_123-895_速度距离表.xlsx -> 数据
内服0.6s,内服,实测,325,5.416667,44.995200,D:\Codex\video-editing\new_0_6s_frames_123_895\outputs\019f8ec1-f4a5-7490-9fd1-54223c813e68\新0.6s_123-895_速度距离表.xlsx -> 数据
内服0.6s,内服,实测,326,5.433333,44.995200,D:\Codex\video-editing\new_0_6s_frames_123_895\outputs\019f8ec1-f4a5-7490-9fd1-54223c813e68\新0.6s_123-895_速度距离表.xlsx -> 数据
内服0.6s,内服,实测,327,5.450000,45.316300,D:\Codex\video-editing\new_0_6s_frames_123_895\outputs\019f8ec1-f4a5-7490-9fd1-54223c813e68\新0.6s_123-895_速度距离表.xlsx -> 数据
内服0.6s,内服,实测,328,5.466667,45.316300,D:\Codex\video-editing\new_0_6s_frames_123_895\outputs\019f8ec1-f4a5-7490-9fd1-54223c813e68\新0.6s_123-895_速度距离表.xlsx -> 数据
内服0.6s,内服,实测,329,5.483333,45.632200,D:\Codex\video-editing\new_0_6s_frames_123_895\outputs\019f8ec1-f4a5-7490-9fd1-54223c813e68\新0.6s_123-895_速度距离表.xlsx -> 数据
内服0.6s,内服,实测,330,5.500000,45.632200,D:\Codex\video-editing\new_0_6s_frames_123_895\outputs\019f8ec1-f4a5-7490-9fd1-54223c813e68\新0.6s_123-895_速度距离表.xlsx -> 数据
内服0.6s,内服,实测,331,5.516667,45.945200,D:\Codex\video-editing\new_0_6s_frames_123_895\outputs\019f8ec1-f4a5-7490-9fd1-54223c813e68\新0.6s_123-895_速度距离表.xlsx -> 数据
内服0.6s,内服,实测,332,5.533333,45.945200,D:\Codex\video-editing\new_0_6s_frames_123_895\outputs\019f8ec1-f4a5-7490-9fd1-54223c813e68\新0.6s_123-895_速度距离表.xlsx -> 数据
内服0.6s,内服,实测,333,5.550000,46.252200,D:\Codex\video-editing\new_0_6s_frames_123_895\outputs\019f8ec1-f4a5-7490-9fd1-54223c813e68\新0.6s_123-895_速度距离表.xlsx -> 数据
内服0.6s,内服,实测,334,5.566667,46.252200,D:\Codex\video-editing\new_0_6s_frames_123_895\outputs\019f8ec1-f4a5-7490-9fd1-54223c813e68\新0.6s_123-895_速度距离表.xlsx -> 数据
内服0.6s,内服,实测,335,5.583333,46.252200,D:\Codex\video-editing\new_0_6s_frames_123_895\outputs\019f8ec1-f4a5-7490-9fd1-54223c813e68\新0.6s_123-895_速度距离表.xlsx -> 数据
内服0.6s,内服,实测,336,5.600000,46.556300,D:\Codex\video-editing\new_0_6s_frames_123_895\outputs\019f8ec1-f4a5-7490-9fd1-54223c813e68\新0.6s_123-895_速度距离表.xlsx -> 数据
内服0.6s,内服,实测,337,5.616667,46.815200,D:\Codex\video-editing\new_0_6s_frames_123_895\outputs\019f8ec1-f4a5-7490-9fd1-54223c813e68\新0.6s_123-895_速度距离表.xlsx -> 数据
内服0.6s,内服,实测,338,5.633333,46.815200,D:\Codex\video-editing\new_0_6s_frames_123_895\outputs\019f8ec1-f4a5-7490-9fd1-54223c813e68\新0.6s_123-895_速度距离表.xlsx -> 数据
内服0.6s,内服,实测,339,5.650000,47.029200,D:\Codex\video-editing\new_0_6s_frames_123_895\outputs\019f8ec1-f4a5-7490-9fd1-54223c813e68\新0.6s_123-895_速度距离表.xlsx -> 数据
内服0.6s,内服,实测,340,5.666667,47.029200,D:\Codex\video-editing\new_0_6s_frames_123_895\outputs\019f8ec1-f4a5-7490-9fd1-54223c813e68\新0.6s_123-895_速度距离表.xlsx -> 数据
内服0.6s,内服,实测,341,5.683333,47.199200,D:\Codex\video-editing\new_0_6s_frames_123_895\outputs\019f8ec1-f4a5-7490-9fd1-54223c813e68\新0.6s_123-895_速度距离表.xlsx -> 数据
内服0.6s,内服,实测,342,5.700000,47.199200,D:\Codex\video-editing\new_0_6s_frames_123_895\outputs\019f8ec1-f4a5-7490-9fd1-54223c813e68\新0.6s_123-895_速度距离表.xlsx -> 数据
内服0.6s,内服,实测,343,5.716667,47.199200,D:\Codex\video-editing\new_0_6s_frames_123_895\outputs\019f8ec1-f4a5-7490-9fd1-54223c813e68\新0.6s_123-895_速度距离表.xlsx -> 数据
内服0.6s,内服,实测,344,5.733333,47.325200,D:\Codex\video-editing\new_0_6s_frames_123_895\outputs\019f8ec1-f4a5-7490-9fd1-54223c813e68\新0.6s_123-895_速度距离表.xlsx -> 数据
内服0.6s,内服,实测,345,5.750000,47.406300,D:\Codex\video-editing\new_0_6s_frames_123_895\outputs\019f8ec1-f4a5-7490-9fd1-54223c813e68\新0.6s_123-895_速度距离表.xlsx -> 数据
内服0.6s,内服,实测,346,5.766667,47.442200,D:\Codex\video-editing\new_0_6s_frames_123_895\outputs\019f8ec1-f4a5-7490-9fd1-54223c813e68\新0.6s_123-895_速度距离表.xlsx -> 数据
内服0.6s,内服,实测,347,5.783333,47.442200,D:\Codex\video-editing\new_0_6s_frames_123_895\outputs\019f8ec1-f4a5-7490-9fd1-54223c813e68\新0.6s_123-895_速度距离表.xlsx -> 数据
内服0.6s,内服,实测,348,5.800000,47.442200,D:\Codex\video-editing\new_0_6s_frames_123_895\outputs\019f8ec1-f4a5-7490-9fd1-54223c813e68\新0.6s_123-895_速度距离表.xlsx -> 数据
内服0.6s,内服,实测,349,5.816667,47.442200,D:\Codex\video-editing\new_0_6s_frames_123_895\outputs\019f8ec1-f4a5-7490-9fd1-54223c813e68\新0.6s_123-895_速度距离表.xlsx -> 数据
内服0.6s,内服,实测,350,5.833333,47.442200,D:\Codex\video-editing\new_0_6s_frames_123_895\outputs\019f8ec1-f4a5-7490-9fd1-54223c813e68\新0.6s_123-895_速度距离表.xlsx -> 数据
内服0.6s,内服,实测,351,5.850000,47.442200,D:\Codex\video-editing\new_0_6s_frames_123_895\outputs\019f8ec1-f4a5-7490-9fd1-54223c813e68\新0.6s_123-895_速度距离表.xlsx -> 数据
内服0.6s,内服,实测,352,5.866667,47.542200,D:\Codex\video-editing\new_0_6s_frames_123_895\outputs\019f8ec1-f4a5-7490-9fd1-54223c813e68\新0.6s_123-895_速度距离表.xlsx -> 数据
内服0.6s,内服,实测,353,5.883333,47.542200,D:\Codex\video-editing\new_0_6s_frames_123_895\outputs\019f8ec1-f4a5-7490-9fd1-54223c813e68\新0.6s_123-895_速度距离表.xlsx -> 数据
内服0.6s,内服,实测,354,5.900000,47.676300,D:\Codex\video-editing\new_0_6s_frames_123_895\outputs\019f8ec1-f4a5-7490-9fd1-54223c813e68\新0.6s_123-895_速度距离表.xlsx -> 数据
内服0.6s,内服,实测,355,5.916667,47.676300,D:\Codex\video-editing\new_0_6s_frames_123_895\outputs\019f8ec1-f4a5-7490-9fd1-54223c813e68\新0.6s_123-895_速度距离表.xlsx -> 数据
内服0.6s,内服,实测,356,5.933333,47.676300,D:\Codex\video-editing\new_0_6s_frames_123_895\outputs\019f8ec1-f4a5-7490-9fd1-54223c813e68\新0.6s_123-895_速度距离表.xlsx -> 数据
内服0.6s,内服,实测,357,5.950000,48.042200,D:\Codex\video-editing\new_0_6s_frames_123_895\outputs\019f8ec1-f4a5-7490-9fd1-54223c813e68\新0.6s_123-895_速度距离表.xlsx -> 数据
内服0.6s,内服,实测,358,5.966667,48.042200,D:\Codex\video-editing\new_0_6s_frames_123_895\outputs\019f8ec1-f4a5-7490-9fd1-54223c813e68\新0.6s_123-895_速度距离表.xlsx -> 数据
内服0.6s,内服,实测,359,5.983333,48.042200,D:\Codex\video-editing\new_0_6s_frames_123_895\outputs\019f8ec1-f4a5-7490-9fd1-54223c813e68\新0.6s_123-895_速度距离表.xlsx -> 数据
内服0.6s,内服,实测,360,6.000000,48.256300,D:\Codex\video-editing\new_0_6s_frames_123_895\outputs\019f8ec1-f4a5-7490-9fd1-54223c813e68\新0.6s_123-895_速度距离表.xlsx -> 数据
内服0.6s,内服,实测,361,6.016667,48.256300,D:\Codex\video-editing\new_0_6s_frames_123_895\outputs\019f8ec1-f4a5-7490-9fd1-54223c813e68\新0.6s_123-895_速度距离表.xlsx -> 数据
内服0.6s,内服,实测,362,6.033333,48.482200,D:\Codex\video-editing\new_0_6s_frames_123_895\outputs\019f8ec1-f4a5-7490-9fd1-54223c813e68\新0.6s_123-895_速度距离表.xlsx -> 数据
内服0.6s,内服,实测,363,6.050000,48.482200,D:\Codex\video-editing\new_0_6s_frames_123_895\outputs\019f8ec1-f4a5-7490-9fd1-54223c813e68\新0.6s_123-895_速度距离表.xlsx -> 数据
内服0.6s,内服,实测,364,6.066667,48.722200,D:\Codex\video-editing\new_0_6s_frames_123_895\outputs\019f8ec1-f4a5-7490-9fd1-54223c813e68\新0.6s_123-895_速度距离表.xlsx -> 数据
内服0.6s,内服,实测,365,6.083333,48.722200,D:\Codex\video-editing\new_0_6s_frames_123_895\outputs\019f8ec1-f4a5-7490-9fd1-54223c813e68\新0.6s_123-895_速度距离表.xlsx -> 数据
内服0.6s,内服,实测,366,6.100000,48.976300,D:\Codex\video-editing\new_0_6s_frames_123_895\outputs\019f8ec1-f4a5-7490-9fd1-54223c813e68\新0.6s_123-895_速度距离表.xlsx -> 数据
内服0.6s,内服,实测,367,6.116667,48.976300,D:\Codex\video-editing\new_0_6s_frames_123_895\outputs\019f8ec1-f4a5-7490-9fd1-54223c813e68\新0.6s_123-895_速度距离表.xlsx -> 数据
内服0.6s,内服,实测,368,6.133333,48.976300,D:\Codex\video-editing\new_0_6s_frames_123_895\outputs\019f8ec1-f4a5-7490-9fd1-54223c813e68\新0.6s_123-895_速度距离表.xlsx -> 数据
内服0.6s,内服,实测,369,6.150000,49.242200,D:\Codex\video-editing\new_0_6s_frames_123_895\outputs\019f8ec1-f4a5-7490-9fd1-54223c813e68\新0.6s_123-895_速度距离表.xlsx -> 数据
内服0.6s,内服,实测,370,6.166667,49.509200,D:\Codex\video-editing\new_0_6s_frames_123_895\outputs\019f8ec1-f4a5-7490-9fd1-54223c813e68\新0.6s_123-895_速度距离表.xlsx -> 数据
内服0.6s,内服,实测,371,6.183333,49.509200,D:\Codex\video-editing\new_0_6s_frames_123_895\outputs\019f8ec1-f4a5-7490-9fd1-54223c813e68\新0.6s_123-895_速度距离表.xlsx -> 数据
内服0.6s,内服,实测,372,6.200000,49.509200,D:\Codex\video-editing\new_0_6s_frames_123_895\outputs\019f8ec1-f4a5-7490-9fd1-54223c813e68\新0.6s_123-895_速度距离表.xlsx -> 数据
内服0.6s,内服,实测,373,6.216667,49.776300,D:\Codex\video-editing\new_0_6s_frames_123_895\outputs\019f8ec1-f4a5-7490-9fd1-54223c813e68\新0.6s_123-895_速度距离表.xlsx -> 数据
内服0.6s,内服,实测,374,6.233333,49.776300,D:\Codex\video-editing\new_0_6s_frames_123_895\outputs\019f8ec1-f4a5-7490-9fd1-54223c813e68\新0.6s_123-895_速度距离表.xlsx -> 数据
内服0.6s,内服,实测,375,6.250000,50.042200,D:\Codex\video-editing\new_0_6s_frames_123_895\outputs\019f8ec1-f4a5-7490-9fd1-54223c813e68\新0.6s_123-895_速度距离表.xlsx -> 数据
内服0.6s,内服,实测,376,6.266667,50.309200,D:\Codex\video-editing\new_0_6s_frames_123_895\outputs\019f8ec1-f4a5-7490-9fd1-54223c813e68\新0.6s_123-895_速度距离表.xlsx -> 数据
内服0.6s,内服,实测,377,6.283333,50.576300,D:\Codex\video-editing\new_0_6s_frames_123_895\outputs\019f8ec1-f4a5-7490-9fd1-54223c813e68\新0.6s_123-895_速度距离表.xlsx -> 数据
内服0.6s,内服,实测,378,6.300000,50.576300,D:\Codex\video-editing\new_0_6s_frames_123_895\outputs\019f8ec1-f4a5-7490-9fd1-54223c813e68\新0.6s_123-895_速度距离表.xlsx -> 数据
内服0.6s,内服,实测,379,6.316667,50.576300,D:\Codex\video-editing\new_0_6s_frames_123_895\outputs\019f8ec1-f4a5-7490-9fd1-54223c813e68\新0.6s_123-895_速度距离表.xlsx -> 数据
内服0.6s,内服,实测,380,6.333333,50.842200,D:\Codex\video-editing\new_0_6s_frames_123_895\outputs\019f8ec1-f4a5-7490-9fd1-54223c813e68\新0.6s_123-895_速度距离表.xlsx -> 数据
内服0.6s,内服,实测,381,6.350000,50.842200,D:\Codex\video-editing\new_0_6s_frames_123_895\outputs\019f8ec1-f4a5-7490-9fd1-54223c813e68\新0.6s_123-895_速度距离表.xlsx -> 数据
内服0.6s,内服,实测,382,6.366667,51.109200,D:\Codex\video-editing\new_0_6s_frames_123_895\outputs\019f8ec1-f4a5-7490-9fd1-54223c813e68\新0.6s_123-895_速度距离表.xlsx -> 数据
内服0.6s,内服,实测,383,6.383333,51.109200,D:\Codex\video-editing\new_0_6s_frames_123_895\outputs\019f8ec1-f4a5-7490-9fd1-54223c813e68\新0.6s_123-895_速度距离表.xlsx -> 数据
内服0.6s,内服,实测,384,6.400000,51.376300,D:\Codex\video-editing\new_0_6s_frames_123_895\outputs\019f8ec1-f4a5-7490-9fd1-54223c813e68\新0.6s_123-895_速度距离表.xlsx -> 数据
内服0.6s,内服,实测,385,6.416667,51.376300,D:\Codex\video-editing\new_0_6s_frames_123_895\outputs\019f8ec1-f4a5-7490-9fd1-54223c813e68\新0.6s_123-895_速度距离表.xlsx -> 数据
内服0.6s,内服,实测,386,6.433333,51.376300,D:\Codex\video-editing\new_0_6s_frames_123_895\outputs\019f8ec1-f4a5-7490-9fd1-54223c813e68\新0.6s_123-895_速度距离表.xlsx -> 数据
内服0.6s,内服,实测,387,6.450000,51.909200,D:\Codex\video-editing\new_0_6s_frames_123_895\outputs\019f8ec1-f4a5-7490-9fd1-54223c813e68\新0.6s_123-895_速度距离表.xlsx -> 数据
内服0.6s,内服,实测,388,6.466667,51.909200,D:\Codex\video-editing\new_0_6s_frames_123_895\outputs\019f8ec1-f4a5-7490-9fd1-54223c813e68\新0.6s_123-895_速度距离表.xlsx -> 数据
内服0.6s,内服,实测,389,6.483333,51.909200,D:\Codex\video-editing\new_0_6s_frames_123_895\outputs\019f8ec1-f4a5-7490-9fd1-54223c813e68\新0.6s_123-895_速度距离表.xlsx -> 数据
内服0.6s,内服,实测,390,6.500000,52.176300,D:\Codex\video-editing\new_0_6s_frames_123_895\outputs\019f8ec1-f4a5-7490-9fd1-54223c813e68\新0.6s_123-895_速度距离表.xlsx -> 数据
内服0.6s,内服,实测,391,6.516667,52.176300,D:\Codex\video-editing\new_0_6s_frames_123_895\outputs\019f8ec1-f4a5-7490-9fd1-54223c813e68\新0.6s_123-895_速度距离表.xlsx -> 数据
内服0.6s,内服,实测,392,6.533333,52.442200,D:\Codex\video-editing\new_0_6s_frames_123_895\outputs\019f8ec1-f4a5-7490-9fd1-54223c813e68\新0.6s_123-895_速度距离表.xlsx -> 数据
内服0.6s,内服,实测,393,6.550000,52.442200,D:\Codex\video-editing\new_0_6s_frames_123_895\outputs\019f8ec1-f4a5-7490-9fd1-54223c813e68\新0.6s_123-895_速度距离表.xlsx -> 数据
内服0.6s,内服,实测,394,6.566667,52.709200,D:\Codex\video-editing\new_0_6s_frames_123_895\outputs\019f8ec1-f4a5-7490-9fd1-54223c813e68\新0.6s_123-895_速度距离表.xlsx -> 数据
内服0.6s,内服,实测,395,6.583333,52.709200,D:\Codex\video-editing\new_0_6s_frames_123_895\outputs\019f8ec1-f4a5-7490-9fd1-54223c813e68\新0.6s_123-895_速度距离表.xlsx -> 数据
内服0.6s,内服,实测,396,6.600000,52.976300,D:\Codex\video-editing\new_0_6s_frames_123_895\outputs\019f8ec1-f4a5-7490-9fd1-54223c813e68\新0.6s_123-895_速度距离表.xlsx -> 数据
内服0.6s,内服,实测,397,6.616667,53.242200,D:\Codex\video-editing\new_0_6s_frames_123_895\outputs\019f8ec1-f4a5-7490-9fd1-54223c813e68\新0.6s_123-895_速度距离表.xlsx -> 数据
内服0.6s,内服,实测,398,6.633333,53.242200,D:\Codex\video-editing\new_0_6s_frames_123_895\outputs\019f8ec1-f4a5-7490-9fd1-54223c813e68\新0.6s_123-895_速度距离表.xlsx -> 数据
内服0.6s,内服,实测,399,6.650000,53.242200,D:\Codex\video-editing\new_0_6s_frames_123_895\outputs\019f8ec1-f4a5-7490-9fd1-54223c813e68\新0.6s_123-895_速度距离表.xlsx -> 数据
内服0.6s,内服,实测,400,6.666667,53.509200,D:\Codex\video-editing\new_0_6s_frames_123_895\outputs\019f8ec1-f4a5-7490-9fd1-54223c813e68\新0.6s_123-895_速度距离表.xlsx -> 数据
内服0.6s,内服,实测,401,6.683333,53.509200,D:\Codex\video-editing\new_0_6s_frames_123_895\outputs\019f8ec1-f4a5-7490-9fd1-54223c813e68\新0.6s_123-895_速度距离表.xlsx -> 数据
内服0.6s,内服,实测,402,6.700000,53.776300,D:\Codex\video-editing\new_0_6s_frames_123_895\outputs\019f8ec1-f4a5-7490-9fd1-54223c813e68\新0.6s_123-895_速度距离表.xlsx -> 数据
内服0.6s,内服,实测,403,6.716667,53.776300,D:\Codex\video-editing\new_0_6s_frames_123_895\outputs\019f8ec1-f4a5-7490-9fd1-54223c813e68\新0.6s_123-895_速度距离表.xlsx -> 数据
内服0.6s,内服,实测,404,6.733333,54.267200,D:\Codex\video-editing\new_0_6s_frames_123_895\outputs\019f8ec1-f4a5-7490-9fd1-54223c813e68\新0.6s_123-895_速度距离表.xlsx -> 数据
内服0.6s,内服,实测,405,6.750000,54.267200,D:\Codex\video-editing\new_0_6s_frames_123_895\outputs\019f8ec1-f4a5-7490-9fd1-54223c813e68\新0.6s_123-895_速度距离表.xlsx -> 数据
内服0.6s,内服,实测,406,6.766667,54.749200,D:\Codex\video-editing\new_0_6s_frames_123_895\outputs\019f8ec1-f4a5-7490-9fd1-54223c813e68\新0.6s_123-895_速度距离表.xlsx -> 数据
内服0.6s,内服,实测,407,6.783333,54.749200,D:\Codex\video-editing\new_0_6s_frames_123_895\outputs\019f8ec1-f4a5-7490-9fd1-54223c813e68\新0.6s_123-895_速度距离表.xlsx -> 数据
内服0.6s,内服,实测,408,6.800000,55.222200,D:\Codex\video-editing\new_0_6s_frames_123_895\outputs\019f8ec1-f4a5-7490-9fd1-54223c813e68\新0.6s_123-895_速度距离表.xlsx -> 数据
内服0.6s,内服,实测,409,6.816667,55.687200,D:\Codex\video-editing\new_0_6s_frames_123_895\outputs\019f8ec1-f4a5-7490-9fd1-54223c813e68\新0.6s_123-895_速度距离表.xlsx -> 数据
内服0.6s,内服,实测,410,6.833333,55.687200,D:\Codex\video-editing\new_0_6s_frames_123_895\outputs\019f8ec1-f4a5-7490-9fd1-54223c813e68\新0.6s_123-895_速度距离表.xlsx -> 数据
内服0.6s,内服,实测,411,6.850000,55.687200,D:\Codex\video-editing\new_0_6s_frames_123_895\outputs\019f8ec1-f4a5-7490-9fd1-54223c813e68\新0.6s_123-895_速度距离表.xlsx -> 数据
内服0.6s,内服,实测,412,6.866667,56.112200,D:\Codex\video-editing\new_0_6s_frames_123_895\outputs\019f8ec1-f4a5-7490-9fd1-54223c813e68\新0.6s_123-895_速度距离表.xlsx -> 数据
内服0.6s,内服,实测,413,6.883333,56.112200,D:\Codex\video-editing\new_0_6s_frames_123_895\outputs\019f8ec1-f4a5-7490-9fd1-54223c813e68\新0.6s_123-895_速度距离表.xlsx -> 数据
内服0.6s,内服,实测,414,6.900000,56.499200,D:\Codex\video-editing\new_0_6s_frames_123_895\outputs\019f8ec1-f4a5-7490-9fd1-54223c813e68\新0.6s_123-895_速度距离表.xlsx -> 数据
内服0.6s,内服,实测,415,6.916667,56.499200,D:\Codex\video-editing\new_0_6s_frames_123_895\outputs\019f8ec1-f4a5-7490-9fd1-54223c813e68\新0.6s_123-895_速度距离表.xlsx -> 数据
内服0.6s,内服,实测,416,6.933333,56.847200,D:\Codex\video-editing\new_0_6s_frames_123_895\outputs\019f8ec1-f4a5-7490-9fd1-54223c813e68\新0.6s_123-895_速度距离表.xlsx -> 数据
内服0.6s,内服,实测,417,6.950000,56.847200,D:\Codex\video-editing\new_0_6s_frames_123_895\outputs\019f8ec1-f4a5-7490-9fd1-54223c813e68\新0.6s_123-895_速度距离表.xlsx -> 数据
内服0.6s,内服,实测,418,6.966667,59.230200,D:\Codex\video-editing\new_0_6s_frames_123_895\outputs\019f8ec1-f4a5-7490-9fd1-54223c813e68\新0.6s_123-895_速度距离表.xlsx -> 数据
内服0.6s,内服,实测,419,6.983333,59.546200,D:\Codex\video-editing\new_0_6s_frames_123_895\outputs\019f8ec1-f4a5-7490-9fd1-54223c813e68\新0.6s_123-895_速度距离表.xlsx -> 数据
内服0.6s,内服,实测,420,7.000000,59.546200,D:\Codex\video-editing\new_0_6s_frames_123_895\outputs\019f8ec1-f4a5-7490-9fd1-54223c813e68\新0.6s_123-895_速度距离表.xlsx -> 数据
内服0.6s,内服,实测,421,7.016667,59.546200,D:\Codex\video-editing\new_0_6s_frames_123_895\outputs\019f8ec1-f4a5-7490-9fd1-54223c813e68\新0.6s_123-895_速度距离表.xlsx -> 数据
内服0.6s,内服,实测,422,7.033333,59.866200,D:\Codex\video-editing\new_0_6s_frames_123_895\outputs\019f8ec1-f4a5-7490-9fd1-54223c813e68\新0.6s_123-895_速度距离表.xlsx -> 数据
内服0.6s,内服,实测,423,7.050000,59.866200,D:\Codex\video-editing\new_0_6s_frames_123_895\outputs\019f8ec1-f4a5-7490-9fd1-54223c813e68\新0.6s_123-895_速度距离表.xlsx -> 数据
内服0.6s,内服,实测,424,7.066667,60.122200,D:\Codex\video-editing\new_0_6s_frames_123_895\outputs\019f8ec1-f4a5-7490-9fd1-54223c813e68\新0.6s_123-895_速度距离表.xlsx -> 数据
内服0.6s,内服,实测,425,7.083333,60.122200,D:\Codex\video-editing\new_0_6s_frames_123_895\outputs\019f8ec1-f4a5-7490-9fd1-54223c813e68\新0.6s_123-895_速度距离表.xlsx -> 数据
内服0.6s,内服,实测,426,7.100000,60.122200,D:\Codex\video-editing\new_0_6s_frames_123_895\outputs\019f8ec1-f4a5-7490-9fd1-54223c813e68\新0.6s_123-895_速度距离表.xlsx -> 数据
内服0.6s,内服,实测,427,7.116667,60.300200,D:\Codex\video-editing\new_0_6s_frames_123_895\outputs\019f8ec1-f4a5-7490-9fd1-54223c813e68\新0.6s_123-895_速度距离表.xlsx -> 数据
内服0.6s,内服,实测,428,7.133333,60.300200,D:\Codex\video-editing\new_0_6s_frames_123_895\outputs\019f8ec1-f4a5-7490-9fd1-54223c813e68\新0.6s_123-895_速度距离表.xlsx -> 数据
内服0.6s,内服,实测,429,7.150000,60.465200,D:\Codex\video-editing\new_0_6s_frames_123_895\outputs\019f8ec1-f4a5-7490-9fd1-54223c813e68\新0.6s_123-895_速度距离表.xlsx -> 数据
内服0.6s,内服,实测,430,7.166667,60.465200,D:\Codex\video-editing\new_0_6s_frames_123_895\outputs\019f8ec1-f4a5-7490-9fd1-54223c813e68\新0.6s_123-895_速度距离表.xlsx -> 数据
内服0.6s,内服,实测,431,7.183333,60.465200,D:\Codex\video-editing\new_0_6s_frames_123_895\outputs\019f8ec1-f4a5-7490-9fd1-54223c813e68\新0.6s_123-895_速度距离表.xlsx -> 数据
内服0.6s,内服,实测,432,7.200000,60.465200,D:\Codex\video-editing\new_0_6s_frames_123_895\outputs\019f8ec1-f4a5-7490-9fd1-54223c813e68\新0.6s_123-895_速度距离表.xlsx -> 数据
内服0.6s,内服,实测,433,7.216667,60.474200,D:\Codex\video-editing\new_0_6s_frames_123_895\outputs\019f8ec1-f4a5-7490-9fd1-54223c813e68\新0.6s_123-895_速度距离表.xlsx -> 数据
内服0.6s,内服,实测,434,7.233333,60.597200,D:\Codex\video-editing\new_0_6s_frames_123_895\outputs\019f8ec1-f4a5-7490-9fd1-54223c813e68\新0.6s_123-895_速度距离表.xlsx -> 数据
内服0.6s,内服,实测,435,7.250000,60.597200,D:\Codex\video-editing\new_0_6s_frames_123_895\outputs\019f8ec1-f4a5-7490-9fd1-54223c813e68\新0.6s_123-895_速度距离表.xlsx -> 数据
内服0.6s,内服,实测,436,7.266667,60.597200,D:\Codex\video-editing\new_0_6s_frames_123_895\outputs\019f8ec1-f4a5-7490-9fd1-54223c813e68\新0.6s_123-895_速度距离表.xlsx -> 数据
内服0.6s,内服,实测,437,7.283333,60.597200,D:\Codex\video-editing\new_0_6s_frames_123_895\outputs\019f8ec1-f4a5-7490-9fd1-54223c813e68\新0.6s_123-895_速度距离表.xlsx -> 数据
内服0.6s,内服,实测,438,7.300000,60.723200,D:\Codex\video-editing\new_0_6s_frames_123_895\outputs\019f8ec1-f4a5-7490-9fd1-54223c813e68\新0.6s_123-895_速度距离表.xlsx -> 数据
内服0.6s,内服,实测,439,7.316667,60.886200,D:\Codex\video-editing\new_0_6s_frames_123_895\outputs\019f8ec1-f4a5-7490-9fd1-54223c813e68\新0.6s_123-895_速度距离表.xlsx -> 数据
内服0.6s,内服,实测,440,7.333333,60.886200,D:\Codex\video-editing\new_0_6s_frames_123_895\outputs\019f8ec1-f4a5-7490-9fd1-54223c813e68\新0.6s_123-895_速度距离表.xlsx -> 数据
内服0.6s,内服,实测,441,7.350000,61.080200,D:\Codex\video-editing\new_0_6s_frames_123_895\outputs\019f8ec1-f4a5-7490-9fd1-54223c813e68\新0.6s_123-895_速度距离表.xlsx -> 数据
内服0.6s,内服,实测,442,7.366667,61.080200,D:\Codex\video-editing\new_0_6s_frames_123_895\outputs\019f8ec1-f4a5-7490-9fd1-54223c813e68\新0.6s_123-895_速度距离表.xlsx -> 数据
内服0.6s,内服,实测,443,7.383333,61.295200,D:\Codex\video-editing\new_0_6s_frames_123_895\outputs\019f8ec1-f4a5-7490-9fd1-54223c813e68\新0.6s_123-895_速度距离表.xlsx -> 数据
内服0.6s,内服,实测,444,7.400000,61.295200,D:\Codex\video-editing\new_0_6s_frames_123_895\outputs\019f8ec1-f4a5-7490-9fd1-54223c813e68\新0.6s_123-895_速度距离表.xlsx -> 数据
内服0.6s,内服,实测,445,7.416667,61.295200,D:\Codex\video-editing\new_0_6s_frames_123_895\outputs\019f8ec1-f4a5-7490-9fd1-54223c813e68\新0.6s_123-895_速度距离表.xlsx -> 数据
内服0.6s,内服,实测,446,7.433333,61.525200,D:\Codex\video-editing\new_0_6s_frames_123_895\outputs\019f8ec1-f4a5-7490-9fd1-54223c813e68\新0.6s_123-895_速度距离表.xlsx -> 数据
内服0.6s,内服,实测,447,7.450000,61.525200,D:\Codex\video-editing\new_0_6s_frames_123_895\outputs\019f8ec1-f4a5-7490-9fd1-54223c813e68\新0.6s_123-895_速度距离表.xlsx -> 数据
内服0.6s,内服,实测,448,7.466667,61.765200,D:\Codex\video-editing\new_0_6s_frames_123_895\outputs\019f8ec1-f4a5-7490-9fd1-54223c813e68\新0.6s_123-895_速度距离表.xlsx -> 数据
内服0.6s,内服,实测,449,7.483333,61.765200,D:\Codex\video-editing\new_0_6s_frames_123_895\outputs\019f8ec1-f4a5-7490-9fd1-54223c813e68\新0.6s_123-895_速度距离表.xlsx -> 数据
内服0.6s,内服,实测,450,7.500000,62.041200,D:\Codex\video-editing\new_0_6s_frames_123_895\outputs\019f8ec1-f4a5-7490-9fd1-54223c813e68\新0.6s_123-895_速度距离表.xlsx -> 数据
内服0.6s,内服,实测,451,7.516667,62.491200,D:\Codex\video-editing\new_0_6s_frames_123_895\outputs\019f8ec1-f4a5-7490-9fd1-54223c813e68\新0.6s_123-895_速度距离表.xlsx -> 数据
内服0.6s,内服,实测,452,7.533333,62.937200,D:\Codex\video-editing\new_0_6s_frames_123_895\outputs\019f8ec1-f4a5-7490-9fd1-54223c813e68\新0.6s_123-895_速度距离表.xlsx -> 数据
内服0.6s,内服,实测,453,7.550000,62.937200,D:\Codex\video-editing\new_0_6s_frames_123_895\outputs\019f8ec1-f4a5-7490-9fd1-54223c813e68\新0.6s_123-895_速度距离表.xlsx -> 数据
内服0.6s,内服,实测,454,7.566667,62.937200,D:\Codex\video-editing\new_0_6s_frames_123_895\outputs\019f8ec1-f4a5-7490-9fd1-54223c813e68\新0.6s_123-895_速度距离表.xlsx -> 数据
内服0.6s,内服,实测,455,7.583333,63.378200,D:\Codex\video-editing\new_0_6s_frames_123_895\outputs\019f8ec1-f4a5-7490-9fd1-54223c813e68\新0.6s_123-895_速度距离表.xlsx -> 数据
内服0.6s,内服,实测,456,7.600000,63.378200,D:\Codex\video-editing\new_0_6s_frames_123_895\outputs\019f8ec1-f4a5-7490-9fd1-54223c813e68\新0.6s_123-895_速度距离表.xlsx -> 数据
内服0.6s,内服,实测,457,7.616667,63.815200,D:\Codex\video-editing\new_0_6s_frames_123_895\outputs\019f8ec1-f4a5-7490-9fd1-54223c813e68\新0.6s_123-895_速度距离表.xlsx -> 数据
内服0.6s,内服,实测,458,7.633333,64.247200,D:\Codex\video-editing\new_0_6s_frames_123_895\outputs\019f8ec1-f4a5-7490-9fd1-54223c813e68\新0.6s_123-895_速度距离表.xlsx -> 数据
内服0.6s,内服,实测,459,7.650000,64.247200,D:\Codex\video-editing\new_0_6s_frames_123_895\outputs\019f8ec1-f4a5-7490-9fd1-54223c813e68\新0.6s_123-895_速度距离表.xlsx -> 数据
内服0.6s,内服,实测,460,7.666667,64.247200,D:\Codex\video-editing\new_0_6s_frames_123_895\outputs\019f8ec1-f4a5-7490-9fd1-54223c813e68\新0.6s_123-895_速度距离表.xlsx -> 数据
内服0.6s,内服,实测,461,7.683333,64.675200,D:\Codex\video-editing\new_0_6s_frames_123_895\outputs\019f8ec1-f4a5-7490-9fd1-54223c813e68\新0.6s_123-895_速度距离表.xlsx -> 数据
内服0.6s,内服,实测,462,7.700000,64.675200,D:\Codex\video-editing\new_0_6s_frames_123_895\outputs\019f8ec1-f4a5-7490-9fd1-54223c813e68\新0.6s_123-895_速度距离表.xlsx -> 数据
内服0.6s,内服,实测,463,7.716667,65.098200,D:\Codex\video-editing\new_0_6s_frames_123_895\outputs\019f8ec1-f4a5-7490-9fd1-54223c813e68\新0.6s_123-895_速度距离表.xlsx -> 数据
内服0.6s,内服,实测,464,7.733333,65.517200,D:\Codex\video-editing\new_0_6s_frames_123_895\outputs\019f8ec1-f4a5-7490-9fd1-54223c813e68\新0.6s_123-895_速度距离表.xlsx -> 数据
内服0.6s,内服,实测,465,7.750000,65.517200,D:\Codex\video-editing\new_0_6s_frames_123_895\outputs\019f8ec1-f4a5-7490-9fd1-54223c813e68\新0.6s_123-895_速度距离表.xlsx -> 数据
内服0.6s,内服,实测,466,7.766667,65.517200,D:\Codex\video-editing\new_0_6s_frames_123_895\outputs\019f8ec1-f4a5-7490-9fd1-54223c813e68\新0.6s_123-895_速度距离表.xlsx -> 数据
内服0.6s,内服,实测,467,7.783333,65.931200,D:\Codex\video-editing\new_0_6s_frames_123_895\outputs\019f8ec1-f4a5-7490-9fd1-54223c813e68\新0.6s_123-895_速度距离表.xlsx -> 数据
内服0.6s,内服,实测,468,7.800000,65.931200,D:\Codex\video-editing\new_0_6s_frames_123_895\outputs\019f8ec1-f4a5-7490-9fd1-54223c813e68\新0.6s_123-895_速度距离表.xlsx -> 数据
内服0.6s,内服,实测,469,7.816667,66.341200,D:\Codex\video-editing\new_0_6s_frames_123_895\outputs\019f8ec1-f4a5-7490-9fd1-54223c813e68\新0.6s_123-895_速度距离表.xlsx -> 数据
内服0.6s,内服,实测,470,7.833333,66.341200,D:\Codex\video-editing\new_0_6s_frames_123_895\outputs\019f8ec1-f4a5-7490-9fd1-54223c813e68\新0.6s_123-895_速度距离表.xlsx -> 数据
内服0.6s,内服,实测,471,7.850000,66.747200,D:\Codex\video-editing\new_0_6s_frames_123_895\outputs\019f8ec1-f4a5-7490-9fd1-54223c813e68\新0.6s_123-895_速度距离表.xlsx -> 数据
内服0.6s,内服,实测,472,7.866667,66.747200,D:\Codex\video-editing\new_0_6s_frames_123_895\outputs\019f8ec1-f4a5-7490-9fd1-54223c813e68\新0.6s_123-895_速度距离表.xlsx -> 数据
内服0.6s,内服,实测,473,7.883333,67.148200,D:\Codex\video-editing\new_0_6s_frames_123_895\outputs\019f8ec1-f4a5-7490-9fd1-54223c813e68\新0.6s_123-895_速度距离表.xlsx -> 数据
内服0.6s,内服,实测,474,7.900000,67.545200,D:\Codex\video-editing\new_0_6s_frames_123_895\outputs\019f8ec1-f4a5-7490-9fd1-54223c813e68\新0.6s_123-895_速度距离表.xlsx -> 数据
内服0.6s,内服,实测,475,7.916667,67.545200,D:\Codex\video-editing\new_0_6s_frames_123_895\outputs\019f8ec1-f4a5-7490-9fd1-54223c813e68\新0.6s_123-895_速度距离表.xlsx -> 数据
内服0.6s,内服,实测,476,7.933333,67.545200,D:\Codex\video-editing\new_0_6s_frames_123_895\outputs\019f8ec1-f4a5-7490-9fd1-54223c813e68\新0.6s_123-895_速度距离表.xlsx -> 数据
内服0.6s,内服,实测,477,7.950000,67.937200,D:\Codex\video-editing\new_0_6s_frames_123_895\outputs\019f8ec1-f4a5-7490-9fd1-54223c813e68\新0.6s_123-895_速度距离表.xlsx -> 数据
内服0.6s,内服,实测,478,7.966667,67.937200,D:\Codex\video-editing\new_0_6s_frames_123_895\outputs\019f8ec1-f4a5-7490-9fd1-54223c813e68\新0.6s_123-895_速度距离表.xlsx -> 数据
内服0.6s,内服,实测,479,7.983333,68.325200,D:\Codex\video-editing\new_0_6s_frames_123_895\outputs\019f8ec1-f4a5-7490-9fd1-54223c813e68\新0.6s_123-895_速度距离表.xlsx -> 数据
内服0.6s,内服,实测,480,8.000000,68.325200,D:\Codex\video-editing\new_0_6s_frames_123_895\outputs\019f8ec1-f4a5-7490-9fd1-54223c813e68\新0.6s_123-895_速度距离表.xlsx -> 数据
内服0.6s,内服,实测,481,8.016667,68.675200,D:\Codex\video-editing\new_0_6s_frames_123_895\outputs\019f8ec1-f4a5-7490-9fd1-54223c813e68\新0.6s_123-895_速度距离表.xlsx -> 数据
内服0.6s,内服,实测,482,8.033333,68.675200,D:\Codex\video-editing\new_0_6s_frames_123_895\outputs\019f8ec1-f4a5-7490-9fd1-54223c813e68\新0.6s_123-895_速度距离表.xlsx -> 数据
内服0.6s,内服,实测,483,8.050000,69.020200,D:\Codex\video-editing\new_0_6s_frames_123_895\outputs\019f8ec1-f4a5-7490-9fd1-54223c813e68\新0.6s_123-895_速度距离表.xlsx -> 数据
内服0.6s,内服,实测,484,8.066667,69.020200,D:\Codex\video-editing\new_0_6s_frames_123_895\outputs\019f8ec1-f4a5-7490-9fd1-54223c813e68\新0.6s_123-895_速度距离表.xlsx -> 数据
内服0.6s,内服,实测,485,8.083333,69.020200,D:\Codex\video-editing\new_0_6s_frames_123_895\outputs\019f8ec1-f4a5-7490-9fd1-54223c813e68\新0.6s_123-895_速度距离表.xlsx -> 数据
内服0.6s,内服,实测,486,8.100000,69.020200,D:\Codex\video-editing\new_0_6s_frames_123_895\outputs\019f8ec1-f4a5-7490-9fd1-54223c813e68\新0.6s_123-895_速度距离表.xlsx -> 数据
内服0.6s,内服,实测,487,8.116667,69.361200,D:\Codex\video-editing\new_0_6s_frames_123_895\outputs\019f8ec1-f4a5-7490-9fd1-54223c813e68\新0.6s_123-895_速度距离表.xlsx -> 数据
内服0.6s,内服,实测,488,8.133333,69.361200,D:\Codex\video-editing\new_0_6s_frames_123_895\outputs\019f8ec1-f4a5-7490-9fd1-54223c813e68\新0.6s_123-895_速度距离表.xlsx -> 数据
内服0.6s,内服,实测,489,8.150000,69.361200,D:\Codex\video-editing\new_0_6s_frames_123_895\outputs\019f8ec1-f4a5-7490-9fd1-54223c813e68\新0.6s_123-895_速度距离表.xlsx -> 数据
内服0.6s,内服,实测,490,8.166667,69.698200,D:\Codex\video-editing\new_0_6s_frames_123_895\outputs\019f8ec1-f4a5-7490-9fd1-54223c813e68\新0.6s_123-895_速度距离表.xlsx -> 数据
内服0.6s,内服,实测,491,8.183333,70.030200,D:\Codex\video-editing\new_0_6s_frames_123_895\outputs\019f8ec1-f4a5-7490-9fd1-54223c813e68\新0.6s_123-895_速度距离表.xlsx -> 数据
内服0.6s,内服,实测,492,8.200000,70.030200,D:\Codex\video-editing\new_0_6s_frames_123_895\outputs\019f8ec1-f4a5-7490-9fd1-54223c813e68\新0.6s_123-895_速度距离表.xlsx -> 数据
内服0.6s,内服,实测,493,8.216667,70.030200,D:\Codex\video-editing\new_0_6s_frames_123_895\outputs\019f8ec1-f4a5-7490-9fd1-54223c813e68\新0.6s_123-895_速度距离表.xlsx -> 数据
内服0.6s,内服,实测,494,8.233333,70.030200,D:\Codex\video-editing\new_0_6s_frames_123_895\outputs\019f8ec1-f4a5-7490-9fd1-54223c813e68\新0.6s_123-895_速度距离表.xlsx -> 数据
内服0.6s,内服,实测,495,8.250000,70.681200,D:\Codex\video-editing\new_0_6s_frames_123_895\outputs\019f8ec1-f4a5-7490-9fd1-54223c813e68\新0.6s_123-895_速度距离表.xlsx -> 数据
内服0.6s,内服,实测,496,8.266667,70.681200,D:\Codex\video-editing\new_0_6s_frames_123_895\outputs\019f8ec1-f4a5-7490-9fd1-54223c813e68\新0.6s_123-895_速度距离表.xlsx -> 数据
内服0.6s,内服,实测,497,8.283333,71.000200,D:\Codex\video-editing\new_0_6s_frames_123_895\outputs\019f8ec1-f4a5-7490-9fd1-54223c813e68\新0.6s_123-895_速度距离表.xlsx -> 数据
内服0.6s,内服,实测,498,8.300000,71.000200,D:\Codex\video-editing\new_0_6s_frames_123_895\outputs\019f8ec1-f4a5-7490-9fd1-54223c813e68\新0.6s_123-895_速度距离表.xlsx -> 数据
内服0.6s,内服,实测,499,8.316667,71.315200,D:\Codex\video-editing\new_0_6s_frames_123_895\outputs\019f8ec1-f4a5-7490-9fd1-54223c813e68\新0.6s_123-895_速度距离表.xlsx -> 数据
内服0.6s,内服,实测,500,8.333333,71.315200,D:\Codex\video-editing\new_0_6s_frames_123_895\outputs\019f8ec1-f4a5-7490-9fd1-54223c813e68\新0.6s_123-895_速度距离表.xlsx -> 数据
内服0.6s,内服,实测,501,8.350000,71.585200,D:\Codex\video-editing\new_0_6s_frames_123_895\outputs\019f8ec1-f4a5-7490-9fd1-54223c813e68\新0.6s_123-895_速度距离表.xlsx -> 数据
内服0.6s,内服,实测,502,8.366667,71.585200,D:\Codex\video-editing\new_0_6s_frames_123_895\outputs\019f8ec1-f4a5-7490-9fd1-54223c813e68\新0.6s_123-895_速度距离表.xlsx -> 数据
内服0.6s,内服,实测,503,8.383333,71.810200,D:\Codex\video-editing\new_0_6s_frames_123_895\outputs\019f8ec1-f4a5-7490-9fd1-54223c813e68\新0.6s_123-895_速度距离表.xlsx -> 数据
内服0.6s,内服,实测,504,8.400000,71.991200,D:\Codex\video-editing\new_0_6s_frames_123_895\outputs\019f8ec1-f4a5-7490-9fd1-54223c813e68\新0.6s_123-895_速度距离表.xlsx -> 数据
内服0.6s,内服,实测,505,8.416667,71.991200,D:\Codex\video-editing\new_0_6s_frames_123_895\outputs\019f8ec1-f4a5-7490-9fd1-54223c813e68\新0.6s_123-895_速度距离表.xlsx -> 数据
内服0.6s,内服,实测,506,8.433333,71.991200,D:\Codex\video-editing\new_0_6s_frames_123_895\outputs\019f8ec1-f4a5-7490-9fd1-54223c813e68\新0.6s_123-895_速度距离表.xlsx -> 数据
内服0.6s,内服,实测,507,8.450000,72.128200,D:\Codex\video-editing\new_0_6s_frames_123_895\outputs\019f8ec1-f4a5-7490-9fd1-54223c813e68\新0.6s_123-895_速度距离表.xlsx -> 数据
内服0.6s,内服,实测,508,8.466667,72.128200,D:\Codex\video-editing\new_0_6s_frames_123_895\outputs\019f8ec1-f4a5-7490-9fd1-54223c813e68\新0.6s_123-895_速度距离表.xlsx -> 数据
内服0.6s,内服,实测,509,8.483333,72.220200,D:\Codex\video-editing\new_0_6s_frames_123_895\outputs\019f8ec1-f4a5-7490-9fd1-54223c813e68\新0.6s_123-895_速度距离表.xlsx -> 数据
内服0.6s,内服,实测,510,8.500000,72.220200,D:\Codex\video-editing\new_0_6s_frames_123_895\outputs\019f8ec1-f4a5-7490-9fd1-54223c813e68\新0.6s_123-895_速度距离表.xlsx -> 数据
内服0.6s,内服,实测,511,8.516667,72.268200,D:\Codex\video-editing\new_0_6s_frames_123_895\outputs\019f8ec1-f4a5-7490-9fd1-54223c813e68\新0.6s_123-895_速度距离表.xlsx -> 数据
内服0.6s,内服,实测,512,8.533333,72.268200,D:\Codex\video-editing\new_0_6s_frames_123_895\outputs\019f8ec1-f4a5-7490-9fd1-54223c813e68\新0.6s_123-895_速度距离表.xlsx -> 数据
内服0.6s,内服,实测,513,8.550000,72.271200,D:\Codex\video-editing\new_0_6s_frames_123_895\outputs\019f8ec1-f4a5-7490-9fd1-54223c813e68\新0.6s_123-895_速度距离表.xlsx -> 数据
内服0.6s,内服,实测,514,8.566667,72.271200,D:\Codex\video-editing\new_0_6s_frames_123_895\outputs\019f8ec1-f4a5-7490-9fd1-54223c813e68\新0.6s_123-895_速度距离表.xlsx -> 数据
内服0.6s,内服,实测,515,8.583333,72.271200,D:\Codex\video-editing\new_0_6s_frames_123_895\outputs\019f8ec1-f4a5-7490-9fd1-54223c813e68\新0.6s_123-895_速度距离表.xlsx -> 数据
内服0.6s,内服,实测,516,8.600000,72.271200,D:\Codex\video-editing\new_0_6s_frames_123_895\outputs\019f8ec1-f4a5-7490-9fd1-54223c813e68\新0.6s_123-895_速度距离表.xlsx -> 数据
内服0.6s,内服,实测,517,8.616667,72.271200,D:\Codex\video-editing\new_0_6s_frames_123_895\outputs\019f8ec1-f4a5-7490-9fd1-54223c813e68\新0.6s_123-895_速度距离表.xlsx -> 数据
内服0.6s,内服,实测,518,8.633333,72.271200,D:\Codex\video-editing\new_0_6s_frames_123_895\outputs\019f8ec1-f4a5-7490-9fd1-54223c813e68\新0.6s_123-895_速度距离表.xlsx -> 数据
内服0.6s,内服,实测,519,8.650000,72.271200,D:\Codex\video-editing\new_0_6s_frames_123_895\outputs\019f8ec1-f4a5-7490-9fd1-54223c813e68\新0.6s_123-895_速度距离表.xlsx -> 数据
内服0.6s,内服,实测,520,8.666667,72.271200,D:\Codex\video-editing\new_0_6s_frames_123_895\outputs\019f8ec1-f4a5-7490-9fd1-54223c813e68\新0.6s_123-895_速度距离表.xlsx -> 数据
内服0.6s,内服,实测,521,8.683333,72.371200,D:\Codex\video-editing\new_0_6s_frames_123_895\outputs\019f8ec1-f4a5-7490-9fd1-54223c813e68\新0.6s_123-895_速度距离表.xlsx -> 数据
内服0.6s,内服,实测,522,8.700000,72.371200,D:\Codex\video-editing\new_0_6s_frames_123_895\outputs\019f8ec1-f4a5-7490-9fd1-54223c813e68\新0.6s_123-895_速度距离表.xlsx -> 数据
内服0.6s,内服,实测,523,8.716667,72.505200,D:\Codex\video-editing\new_0_6s_frames_123_895\outputs\019f8ec1-f4a5-7490-9fd1-54223c813e68\新0.6s_123-895_速度距离表.xlsx -> 数据
内服0.6s,内服,实测,524,8.733333,72.505200,D:\Codex\video-editing\new_0_6s_frames_123_895\outputs\019f8ec1-f4a5-7490-9fd1-54223c813e68\新0.6s_123-895_速度距离表.xlsx -> 数据
内服0.6s,内服,实测,525,8.750000,72.505200,D:\Codex\video-editing\new_0_6s_frames_123_895\outputs\019f8ec1-f4a5-7490-9fd1-54223c813e68\新0.6s_123-895_速度距离表.xlsx -> 数据
内服0.6s,内服,实测,526,8.766667,72.671200,D:\Codex\video-editing\new_0_6s_frames_123_895\outputs\019f8ec1-f4a5-7490-9fd1-54223c813e68\新0.6s_123-895_速度距离表.xlsx -> 数据
内服0.6s,内服,实测,527,8.783333,72.871200,D:\Codex\video-editing\new_0_6s_frames_123_895\outputs\019f8ec1-f4a5-7490-9fd1-54223c813e68\新0.6s_123-895_速度距离表.xlsx -> 数据
内服0.6s,内服,实测,528,8.800000,72.871200,D:\Codex\video-editing\new_0_6s_frames_123_895\outputs\019f8ec1-f4a5-7490-9fd1-54223c813e68\新0.6s_123-895_速度距离表.xlsx -> 数据
内服0.6s,内服,实测,529,8.816667,73.311200,D:\Codex\video-editing\new_0_6s_frames_123_895\outputs\019f8ec1-f4a5-7490-9fd1-54223c813e68\新0.6s_123-895_速度距离表.xlsx -> 数据
内服0.6s,内服,实测,530,8.833333,73.311200,D:\Codex\video-editing\new_0_6s_frames_123_895\outputs\019f8ec1-f4a5-7490-9fd1-54223c813e68\新0.6s_123-895_速度距离表.xlsx -> 数据
内服0.6s,内服,实测,531,8.850000,73.311200,D:\Codex\video-editing\new_0_6s_frames_123_895\outputs\019f8ec1-f4a5-7490-9fd1-54223c813e68\新0.6s_123-895_速度距离表.xlsx -> 数据
内服0.6s,内服,实测,532,8.866667,73.311200,D:\Codex\video-editing\new_0_6s_frames_123_895\outputs\019f8ec1-f4a5-7490-9fd1-54223c813e68\新0.6s_123-895_速度距离表.xlsx -> 数据
内服0.6s,内服,实测,533,8.883333,73.551200,D:\Codex\video-editing\new_0_6s_frames_123_895\outputs\019f8ec1-f4a5-7490-9fd1-54223c813e68\新0.6s_123-895_速度距离表.xlsx -> 数据
内服0.6s,内服,实测,534,8.900000,73.805200,D:\Codex\video-editing\new_0_6s_frames_123_895\outputs\019f8ec1-f4a5-7490-9fd1-54223c813e68\新0.6s_123-895_速度距离表.xlsx -> 数据
内服0.6s,内服,实测,535,8.916667,73.805200,D:\Codex\video-editing\new_0_6s_frames_123_895\outputs\019f8ec1-f4a5-7490-9fd1-54223c813e68\新0.6s_123-895_速度距离表.xlsx -> 数据
内服0.6s,内服,实测,536,8.933333,73.805200,D:\Codex\video-editing\new_0_6s_frames_123_895\outputs\019f8ec1-f4a5-7490-9fd1-54223c813e68\新0.6s_123-895_速度距离表.xlsx -> 数据
内服0.6s,内服,实测,537,8.950000,74.071200,D:\Codex\video-editing\new_0_6s_frames_123_895\outputs\019f8ec1-f4a5-7490-9fd1-54223c813e68\新0.6s_123-895_速度距离表.xlsx -> 数据
内服0.6s,内服,实测,538,8.966667,74.071200,D:\Codex\video-editing\new_0_6s_frames_123_895\outputs\019f8ec1-f4a5-7490-9fd1-54223c813e68\新0.6s_123-895_速度距离表.xlsx -> 数据
内服0.6s,内服,实测,539,8.983333,74.605200,D:\Codex\video-editing\new_0_6s_frames_123_895\outputs\019f8ec1-f4a5-7490-9fd1-54223c813e68\新0.6s_123-895_速度距离表.xlsx -> 数据
内服0.6s,内服,实测,540,9.000000,74.605200,D:\Codex\video-editing\new_0_6s_frames_123_895\outputs\019f8ec1-f4a5-7490-9fd1-54223c813e68\新0.6s_123-895_速度距离表.xlsx -> 数据
内服0.6s,内服,实测,541,9.016667,74.605200,D:\Codex\video-editing\new_0_6s_frames_123_895\outputs\019f8ec1-f4a5-7490-9fd1-54223c813e68\新0.6s_123-895_速度距离表.xlsx -> 数据
内服0.6s,内服,实测,542,9.033333,74.871200,D:\Codex\video-editing\new_0_6s_frames_123_895\outputs\019f8ec1-f4a5-7490-9fd1-54223c813e68\新0.6s_123-895_速度距离表.xlsx -> 数据
内服0.6s,内服,实测,543,9.050000,74.871200,D:\Codex\video-editing\new_0_6s_frames_123_895\outputs\019f8ec1-f4a5-7490-9fd1-54223c813e68\新0.6s_123-895_速度距离表.xlsx -> 数据
内服0.6s,内服,实测,544,9.066667,75.138200,D:\Codex\video-editing\new_0_6s_frames_123_895\outputs\019f8ec1-f4a5-7490-9fd1-54223c813e68\新0.6s_123-895_速度距离表.xlsx -> 数据
内服0.6s,内服,实测,545,9.083333,75.138200,D:\Codex\video-editing\new_0_6s_frames_123_895\outputs\019f8ec1-f4a5-7490-9fd1-54223c813e68\新0.6s_123-895_速度距离表.xlsx -> 数据
内服0.6s,内服,实测,546,9.100000,75.138200,D:\Codex\video-editing\new_0_6s_frames_123_895\outputs\019f8ec1-f4a5-7490-9fd1-54223c813e68\新0.6s_123-895_速度距离表.xlsx -> 数据
内服0.6s,内服,实测,547,9.116667,75.405200,D:\Codex\video-editing\new_0_6s_frames_123_895\outputs\019f8ec1-f4a5-7490-9fd1-54223c813e68\新0.6s_123-895_速度距离表.xlsx -> 数据
内服0.6s,内服,实测,548,9.133333,75.671200,D:\Codex\video-editing\new_0_6s_frames_123_895\outputs\019f8ec1-f4a5-7490-9fd1-54223c813e68\新0.6s_123-895_速度距离表.xlsx -> 数据
内服0.6s,内服,实测,549,9.150000,75.938200,D:\Codex\video-editing\new_0_6s_frames_123_895\outputs\019f8ec1-f4a5-7490-9fd1-54223c813e68\新0.6s_123-895_速度距离表.xlsx -> 数据
内服0.6s,内服,实测,550,9.166667,75.938200,D:\Codex\video-editing\new_0_6s_frames_123_895\outputs\019f8ec1-f4a5-7490-9fd1-54223c813e68\新0.6s_123-895_速度距离表.xlsx -> 数据
内服0.6s,内服,实测,551,9.183333,75.938200,D:\Codex\video-editing\new_0_6s_frames_123_895\outputs\019f8ec1-f4a5-7490-9fd1-54223c813e68\新0.6s_123-895_速度距离表.xlsx -> 数据
内服0.6s,内服,实测,552,9.200000,75.938200,D:\Codex\video-editing\new_0_6s_frames_123_895\outputs\019f8ec1-f4a5-7490-9fd1-54223c813e68\新0.6s_123-895_速度距离表.xlsx -> 数据
内服0.6s,内服,实测,553,9.216667,75.938200,D:\Codex\video-editing\new_0_6s_frames_123_895\outputs\019f8ec1-f4a5-7490-9fd1-54223c813e68\新0.6s_123-895_速度距离表.xlsx -> 数据
内服0.6s,内服,实测,554,9.233333,76.471200,D:\Codex\video-editing\new_0_6s_frames_123_895\outputs\019f8ec1-f4a5-7490-9fd1-54223c813e68\新0.6s_123-895_速度距离表.xlsx -> 数据
内服0.6s,内服,实测,555,9.250000,76.471200,D:\Codex\video-editing\new_0_6s_frames_123_895\outputs\019f8ec1-f4a5-7490-9fd1-54223c813e68\新0.6s_123-895_速度距离表.xlsx -> 数据
内服0.6s,内服,实测,556,9.266667,76.738200,D:\Codex\video-editing\new_0_6s_frames_123_895\outputs\019f8ec1-f4a5-7490-9fd1-54223c813e68\新0.6s_123-895_速度距离表.xlsx -> 数据
内服0.6s,内服,实测,557,9.283333,76.738200,D:\Codex\video-editing\new_0_6s_frames_123_895\outputs\019f8ec1-f4a5-7490-9fd1-54223c813e68\新0.6s_123-895_速度距离表.xlsx -> 数据
内服0.6s,内服,实测,558,9.300000,77.005200,D:\Codex\video-editing\new_0_6s_frames_123_895\outputs\019f8ec1-f4a5-7490-9fd1-54223c813e68\新0.6s_123-895_速度距离表.xlsx -> 数据
内服0.6s,内服,实测,559,9.316667,77.271200,D:\Codex\video-editing\new_0_6s_frames_123_895\outputs\019f8ec1-f4a5-7490-9fd1-54223c813e68\新0.6s_123-895_速度距离表.xlsx -> 数据
内服0.6s,内服,实测,560,9.333333,77.271200,D:\Codex\video-editing\new_0_6s_frames_123_895\outputs\019f8ec1-f4a5-7490-9fd1-54223c813e68\新0.6s_123-895_速度距离表.xlsx -> 数据
内服0.6s,内服,实测,561,9.350000,77.271200,D:\Codex\video-editing\new_0_6s_frames_123_895\outputs\019f8ec1-f4a5-7490-9fd1-54223c813e68\新0.6s_123-895_速度距离表.xlsx -> 数据
内服0.6s,内服,实测,562,9.366667,77.538200,D:\Codex\video-editing\new_0_6s_frames_123_895\outputs\019f8ec1-f4a5-7490-9fd1-54223c813e68\新0.6s_123-895_速度距离表.xlsx -> 数据
内服0.6s,内服,实测,563,9.383333,77.538200,D:\Codex\video-editing\new_0_6s_frames_123_895\outputs\019f8ec1-f4a5-7490-9fd1-54223c813e68\新0.6s_123-895_速度距离表.xlsx -> 数据
内服0.6s,内服,实测,564,9.400000,77.805200,D:\Codex\video-editing\new_0_6s_frames_123_895\outputs\019f8ec1-f4a5-7490-9fd1-54223c813e68\新0.6s_123-895_速度距离表.xlsx -> 数据
内服0.6s,内服,实测,565,9.416667,77.805200,D:\Codex\video-editing\new_0_6s_frames_123_895\outputs\019f8ec1-f4a5-7490-9fd1-54223c813e68\新0.6s_123-895_速度距离表.xlsx -> 数据
内服0.6s,内服,实测,566,9.433333,78.071200,D:\Codex\video-editing\new_0_6s_frames_123_895\outputs\019f8ec1-f4a5-7490-9fd1-54223c813e68\新0.6s_123-895_速度距离表.xlsx -> 数据
内服0.6s,内服,实测,567,9.450000,78.071200,D:\Codex\video-editing\new_0_6s_frames_123_895\outputs\019f8ec1-f4a5-7490-9fd1-54223c813e68\新0.6s_123-895_速度距离表.xlsx -> 数据
内服0.6s,内服,实测,568,9.466667,78.338200,D:\Codex\video-editing\new_0_6s_frames_123_895\outputs\019f8ec1-f4a5-7490-9fd1-54223c813e68\新0.6s_123-895_速度距离表.xlsx -> 数据
内服0.6s,内服,实测,569,9.483333,78.338200,D:\Codex\video-editing\new_0_6s_frames_123_895\outputs\019f8ec1-f4a5-7490-9fd1-54223c813e68\新0.6s_123-895_速度距离表.xlsx -> 数据
内服0.6s,内服,实测,570,9.500000,78.338200,D:\Codex\video-editing\new_0_6s_frames_123_895\outputs\019f8ec1-f4a5-7490-9fd1-54223c813e68\新0.6s_123-895_速度距离表.xlsx -> 数据
内服0.6s,内服,实测,571,9.516667,78.605200,D:\Codex\video-editing\new_0_6s_frames_123_895\outputs\019f8ec1-f4a5-7490-9fd1-54223c813e68\新0.6s_123-895_速度距离表.xlsx -> 数据
内服0.6s,内服,实测,572,9.533333,78.871200,D:\Codex\video-editing\new_0_6s_frames_123_895\outputs\019f8ec1-f4a5-7490-9fd1-54223c813e68\新0.6s_123-895_速度距离表.xlsx -> 数据
内服0.6s,内服,实测,573,9.550000,78.871200,D:\Codex\video-editing\new_0_6s_frames_123_895\outputs\019f8ec1-f4a5-7490-9fd1-54223c813e68\新0.6s_123-895_速度距离表.xlsx -> 数据
内服0.6s,内服,实测,574,9.566667,79.362200,D:\Codex\video-editing\new_0_6s_frames_123_895\outputs\019f8ec1-f4a5-7490-9fd1-54223c813e68\新0.6s_123-895_速度距离表.xlsx -> 数据
内服0.6s,内服,实测,575,9.583333,79.362200,D:\Codex\video-editing\new_0_6s_frames_123_895\outputs\019f8ec1-f4a5-7490-9fd1-54223c813e68\新0.6s_123-895_速度距离表.xlsx -> 数据
内服0.6s,内服,实测,576,9.600000,79.845200,D:\Codex\video-editing\new_0_6s_frames_123_895\outputs\019f8ec1-f4a5-7490-9fd1-54223c813e68\新0.6s_123-895_速度距离表.xlsx -> 数据
内服0.6s,内服,实测,577,9.616667,79.845200,D:\Codex\video-editing\new_0_6s_frames_123_895\outputs\019f8ec1-f4a5-7490-9fd1-54223c813e68\新0.6s_123-895_速度距离表.xlsx -> 数据
内服0.6s,内服,实测,578,9.633333,80.318200,D:\Codex\video-editing\new_0_6s_frames_123_895\outputs\019f8ec1-f4a5-7490-9fd1-54223c813e68\新0.6s_123-895_速度距离表.xlsx -> 数据
内服0.6s,内服,实测,579,9.650000,80.782200,D:\Codex\video-editing\new_0_6s_frames_123_895\outputs\019f8ec1-f4a5-7490-9fd1-54223c813e68\新0.6s_123-895_速度距离表.xlsx -> 数据
内服0.6s,内服,实测,580,9.666667,80.782200,D:\Codex\video-editing\new_0_6s_frames_123_895\outputs\019f8ec1-f4a5-7490-9fd1-54223c813e68\新0.6s_123-895_速度距离表.xlsx -> 数据
内服0.6s,内服,实测,581,9.683333,80.782200,D:\Codex\video-editing\new_0_6s_frames_123_895\outputs\019f8ec1-f4a5-7490-9fd1-54223c813e68\新0.6s_123-895_速度距离表.xlsx -> 数据
内服0.6s,内服,实测,582,9.700000,81.208200,D:\Codex\video-editing\new_0_6s_frames_123_895\outputs\019f8ec1-f4a5-7490-9fd1-54223c813e68\新0.6s_123-895_速度距离表.xlsx -> 数据
内服0.6s,内服,实测,583,9.716667,81.208200,D:\Codex\video-editing\new_0_6s_frames_123_895\outputs\019f8ec1-f4a5-7490-9fd1-54223c813e68\新0.6s_123-895_速度距离表.xlsx -> 数据
内服0.6s,内服,实测,584,9.733333,81.208200,D:\Codex\video-editing\new_0_6s_frames_123_895\outputs\019f8ec1-f4a5-7490-9fd1-54223c813e68\新0.6s_123-895_速度距离表.xlsx -> 数据
内服0.6s,内服,实测,585,9.750000,81.595200,D:\Codex\video-editing\new_0_6s_frames_123_895\outputs\019f8ec1-f4a5-7490-9fd1-54223c813e68\新0.6s_123-895_速度距离表.xlsx -> 数据
内服0.6s,内服,实测,586,9.766667,81.942200,D:\Codex\video-editing\new_0_6s_frames_123_895\outputs\019f8ec1-f4a5-7490-9fd1-54223c813e68\新0.6s_123-895_速度距离表.xlsx -> 数据
内服0.6s,内服,实测,587,9.783333,84.584300,D:\Codex\video-editing\new_0_6s_frames_123_895\outputs\019f8ec1-f4a5-7490-9fd1-54223c813e68\新0.6s_123-895_速度距离表.xlsx -> 数据
内服0.6s,内服,实测,588,9.800000,84.584300,D:\Codex\video-editing\new_0_6s_frames_123_895\outputs\019f8ec1-f4a5-7490-9fd1-54223c813e68\新0.6s_123-895_速度距离表.xlsx -> 数据
内服0.6s,内服,实测,589,9.816667,84.831200,D:\Codex\video-editing\new_0_6s_frames_123_895\outputs\019f8ec1-f4a5-7490-9fd1-54223c813e68\新0.6s_123-895_速度距离表.xlsx -> 数据
内服0.6s,内服,实测,590,9.833333,84.831200,D:\Codex\video-editing\new_0_6s_frames_123_895\outputs\019f8ec1-f4a5-7490-9fd1-54223c813e68\新0.6s_123-895_速度距离表.xlsx -> 数据
内服0.6s,内服,实测,591,9.850000,84.831200,D:\Codex\video-editing\new_0_6s_frames_123_895\outputs\019f8ec1-f4a5-7490-9fd1-54223c813e68\新0.6s_123-895_速度距离表.xlsx -> 数据
内服0.6s,内服,实测,592,9.866667,85.070200,D:\Codex\video-editing\new_0_6s_frames_123_895\outputs\019f8ec1-f4a5-7490-9fd1-54223c813e68\新0.6s_123-895_速度距离表.xlsx -> 数据
内服0.6s,内服,实测,593,9.883333,85.070200,D:\Codex\video-editing\new_0_6s_frames_123_895\outputs\019f8ec1-f4a5-7490-9fd1-54223c813e68\新0.6s_123-895_速度距离表.xlsx -> 数据
内服0.6s,内服,实测,594,9.900000,85.249300,D:\Codex\video-editing\new_0_6s_frames_123_895\outputs\019f8ec1-f4a5-7490-9fd1-54223c813e68\新0.6s_123-895_速度距离表.xlsx -> 数据
内服0.6s,内服,实测,595,9.916667,85.249300,D:\Codex\video-editing\new_0_6s_frames_123_895\outputs\019f8ec1-f4a5-7490-9fd1-54223c813e68\新0.6s_123-895_速度距离表.xlsx -> 数据
内服0.6s,内服,实测,596,9.933333,85.355200,D:\Codex\video-editing\new_0_6s_frames_123_895\outputs\019f8ec1-f4a5-7490-9fd1-54223c813e68\新0.6s_123-895_速度距离表.xlsx -> 数据
内服0.6s,内服,实测,597,9.950000,85.397200,D:\Codex\video-editing\new_0_6s_frames_123_895\outputs\019f8ec1-f4a5-7490-9fd1-54223c813e68\新0.6s_123-895_速度距离表.xlsx -> 数据
内服0.6s,内服,实测,598,9.966667,85.397200,D:\Codex\video-editing\new_0_6s_frames_123_895\outputs\019f8ec1-f4a5-7490-9fd1-54223c813e68\新0.6s_123-895_速度距离表.xlsx -> 数据
内服0.6s,内服,实测,599,9.983333,85.397200,D:\Codex\video-editing\new_0_6s_frames_123_895\outputs\019f8ec1-f4a5-7490-9fd1-54223c813e68\新0.6s_123-895_速度距离表.xlsx -> 数据
内服0.6s,内服,实测,600,10.000000,85.390200,D:\Codex\video-editing\new_0_6s_frames_123_895\outputs\019f8ec1-f4a5-7490-9fd1-54223c813e68\新0.6s_123-895_速度距离表.xlsx -> 数据
内服0.6s,内服,实测,601,10.016667,85.390200,D:\Codex\video-editing\new_0_6s_frames_123_895\outputs\019f8ec1-f4a5-7490-9fd1-54223c813e68\新0.6s_123-895_速度距离表.xlsx -> 数据
内服0.6s,内服,实测,602,10.033333,85.364200,D:\Codex\video-editing\new_0_6s_frames_123_895\outputs\019f8ec1-f4a5-7490-9fd1-54223c813e68\新0.6s_123-895_速度距离表.xlsx -> 数据
内服0.6s,内服,实测,603,10.050000,85.364200,D:\Codex\video-editing\new_0_6s_frames_123_895\outputs\019f8ec1-f4a5-7490-9fd1-54223c813e68\新0.6s_123-895_速度距离表.xlsx -> 数据
内服0.6s,内服,实测,604,10.066667,85.393200,D:\Codex\video-editing\new_0_6s_frames_123_895\outputs\019f8ec1-f4a5-7490-9fd1-54223c813e68\新0.6s_123-895_速度距离表.xlsx -> 数据
内服0.6s,内服,实测,605,10.083333,85.393200,D:\Codex\video-editing\new_0_6s_frames_123_895\outputs\019f8ec1-f4a5-7490-9fd1-54223c813e68\新0.6s_123-895_速度距离表.xlsx -> 数据
内服0.6s,内服,实测,606,10.100000,85.496200,D:\Codex\video-editing\new_0_6s_frames_123_895\outputs\019f8ec1-f4a5-7490-9fd1-54223c813e68\新0.6s_123-895_速度距离表.xlsx -> 数据
内服0.6s,内服,实测,607,10.116667,85.631200,D:\Codex\video-editing\new_0_6s_frames_123_895\outputs\019f8ec1-f4a5-7490-9fd1-54223c813e68\新0.6s_123-895_速度距离表.xlsx -> 数据
内服0.6s,内服,实测,608,10.133333,85.631200,D:\Codex\video-editing\new_0_6s_frames_123_895\outputs\019f8ec1-f4a5-7490-9fd1-54223c813e68\新0.6s_123-895_速度距离表.xlsx -> 数据
内服0.6s,内服,实测,609,10.150000,85.800200,D:\Codex\video-editing\new_0_6s_frames_123_895\outputs\019f8ec1-f4a5-7490-9fd1-54223c813e68\新0.6s_123-895_速度距离表.xlsx -> 数据
内服0.6s,内服,实测,610,10.166667,85.800200,D:\Codex\video-editing\new_0_6s_frames_123_895\outputs\019f8ec1-f4a5-7490-9fd1-54223c813e68\新0.6s_123-895_速度距离表.xlsx -> 数据
内服0.6s,内服,实测,611,10.183333,85.800200,D:\Codex\video-editing\new_0_6s_frames_123_895\outputs\019f8ec1-f4a5-7490-9fd1-54223c813e68\新0.6s_123-895_速度距离表.xlsx -> 数据
内服0.6s,内服,实测,612,10.200000,85.800200,D:\Codex\video-editing\new_0_6s_frames_123_895\outputs\019f8ec1-f4a5-7490-9fd1-54223c813e68\新0.6s_123-895_速度距离表.xlsx -> 数据
内服0.6s,内服,实测,613,10.216667,85.997200,D:\Codex\video-editing\new_0_6s_frames_123_895\outputs\019f8ec1-f4a5-7490-9fd1-54223c813e68\新0.6s_123-895_速度距离表.xlsx -> 数据
内服0.6s,内服,实测,614,10.233333,86.214300,D:\Codex\video-editing\new_0_6s_frames_123_895\outputs\019f8ec1-f4a5-7490-9fd1-54223c813e68\新0.6s_123-895_速度距离表.xlsx -> 数据
内服0.6s,内服,实测,615,10.250000,86.214300,D:\Codex\video-editing\new_0_6s_frames_123_895\outputs\019f8ec1-f4a5-7490-9fd1-54223c813e68\新0.6s_123-895_速度距离表.xlsx -> 数据
内服0.6s,内服,实测,616,10.266667,86.443200,D:\Codex\video-editing\new_0_6s_frames_123_895\outputs\019f8ec1-f4a5-7490-9fd1-54223c813e68\新0.6s_123-895_速度距离表.xlsx -> 数据
内服0.6s,内服,实测,617,10.283333,86.443200,D:\Codex\video-editing\new_0_6s_frames_123_895\outputs\019f8ec1-f4a5-7490-9fd1-54223c813e68\新0.6s_123-895_速度距离表.xlsx -> 数据
内服0.6s,内服,实测,618,10.300000,86.683300,D:\Codex\video-editing\new_0_6s_frames_123_895\outputs\019f8ec1-f4a5-7490-9fd1-54223c813e68\新0.6s_123-895_速度距离表.xlsx -> 数据
内服0.6s,内服,实测,619,10.316667,86.683300,D:\Codex\video-editing\new_0_6s_frames_123_895\outputs\019f8ec1-f4a5-7490-9fd1-54223c813e68\新0.6s_123-895_速度距离表.xlsx -> 数据
内服0.6s,内服,实测,620,10.333333,86.683300,D:\Codex\video-editing\new_0_6s_frames_123_895\outputs\019f8ec1-f4a5-7490-9fd1-54223c813e68\新0.6s_123-895_速度距离表.xlsx -> 数据
内服0.6s,内服,实测,621,10.350000,86.957200,D:\Codex\video-editing\new_0_6s_frames_123_895\outputs\019f8ec1-f4a5-7490-9fd1-54223c813e68\新0.6s_123-895_速度距离表.xlsx -> 数据
内服0.6s,内服,实测,622,10.366667,87.453200,D:\Codex\video-editing\new_0_6s_frames_123_895\outputs\019f8ec1-f4a5-7490-9fd1-54223c813e68\新0.6s_123-895_速度距离表.xlsx -> 数据
内服0.6s,内服,实测,623,10.383333,87.453200,D:\Codex\video-editing\new_0_6s_frames_123_895\outputs\019f8ec1-f4a5-7490-9fd1-54223c813e68\新0.6s_123-895_速度距离表.xlsx -> 数据
内服0.6s,内服,实测,624,10.400000,87.959200,D:\Codex\video-editing\new_0_6s_frames_123_895\outputs\019f8ec1-f4a5-7490-9fd1-54223c813e68\新0.6s_123-895_速度距离表.xlsx -> 数据
内服0.6s,内服,实测,625,10.416667,87.959200,D:\Codex\video-editing\new_0_6s_frames_123_895\outputs\019f8ec1-f4a5-7490-9fd1-54223c813e68\新0.6s_123-895_速度距离表.xlsx -> 数据
内服0.6s,内服,实测,626,10.433333,88.473200,D:\Codex\video-editing\new_0_6s_frames_123_895\outputs\019f8ec1-f4a5-7490-9fd1-54223c813e68\新0.6s_123-895_速度距离表.xlsx -> 数据
内服0.6s,内服,实测,627,10.450000,88.473200,D:\Codex\video-editing\new_0_6s_frames_123_895\outputs\019f8ec1-f4a5-7490-9fd1-54223c813e68\新0.6s_123-895_速度距离表.xlsx -> 数据
内服0.6s,内服,实测,628,10.466667,88.997200,D:\Codex\video-editing\new_0_6s_frames_123_895\outputs\019f8ec1-f4a5-7490-9fd1-54223c813e68\新0.6s_123-895_速度距离表.xlsx -> 数据
内服0.6s,内服,实测,629,10.483333,89.529200,D:\Codex\video-editing\new_0_6s_frames_123_895\outputs\019f8ec1-f4a5-7490-9fd1-54223c813e68\新0.6s_123-895_速度距离表.xlsx -> 数据
内服0.6s,内服,实测,630,10.500000,89.529200,D:\Codex\video-editing\new_0_6s_frames_123_895\outputs\019f8ec1-f4a5-7490-9fd1-54223c813e68\新0.6s_123-895_速度距离表.xlsx -> 数据
内服0.6s,内服,实测,631,10.516667,90.070200,D:\Codex\video-editing\new_0_6s_frames_123_895\outputs\019f8ec1-f4a5-7490-9fd1-54223c813e68\新0.6s_123-895_速度距离表.xlsx -> 数据
内服0.6s,内服,实测,632,10.533333,90.070200,D:\Codex\video-editing\new_0_6s_frames_123_895\outputs\019f8ec1-f4a5-7490-9fd1-54223c813e68\新0.6s_123-895_速度距离表.xlsx -> 数据
内服0.6s,内服,实测,633,10.550000,90.620200,D:\Codex\video-editing\new_0_6s_frames_123_895\outputs\019f8ec1-f4a5-7490-9fd1-54223c813e68\新0.6s_123-895_速度距离表.xlsx -> 数据
内服0.6s,内服,实测,634,10.566667,90.620200,D:\Codex\video-editing\new_0_6s_frames_123_895\outputs\019f8ec1-f4a5-7490-9fd1-54223c813e68\新0.6s_123-895_速度距离表.xlsx -> 数据
内服0.6s,内服,实测,635,10.583333,91.179200,D:\Codex\video-editing\new_0_6s_frames_123_895\outputs\019f8ec1-f4a5-7490-9fd1-54223c813e68\新0.6s_123-895_速度距离表.xlsx -> 数据
内服0.6s,内服,实测,636,10.600000,91.179200,D:\Codex\video-editing\new_0_6s_frames_123_895\outputs\019f8ec1-f4a5-7490-9fd1-54223c813e68\新0.6s_123-895_速度距离表.xlsx -> 数据
内服0.6s,内服,实测,637,10.616667,91.747200,D:\Codex\video-editing\new_0_6s_frames_123_895\outputs\019f8ec1-f4a5-7490-9fd1-54223c813e68\新0.6s_123-895_速度距离表.xlsx -> 数据
内服0.6s,内服,实测,638,10.633333,91.747200,D:\Codex\video-editing\new_0_6s_frames_123_895\outputs\019f8ec1-f4a5-7490-9fd1-54223c813e68\新0.6s_123-895_速度距离表.xlsx -> 数据
内服0.6s,内服,实测,639,10.650000,92.323200,D:\Codex\video-editing\new_0_6s_frames_123_895\outputs\019f8ec1-f4a5-7490-9fd1-54223c813e68\新0.6s_123-895_速度距离表.xlsx -> 数据
内服0.6s,内服,实测,640,10.666667,92.323200,D:\Codex\video-editing\new_0_6s_frames_123_895\outputs\019f8ec1-f4a5-7490-9fd1-54223c813e68\新0.6s_123-895_速度距离表.xlsx -> 数据
内服0.6s,内服,实测,641,10.683333,92.909200,D:\Codex\video-editing\new_0_6s_frames_123_895\outputs\019f8ec1-f4a5-7490-9fd1-54223c813e68\新0.6s_123-895_速度距离表.xlsx -> 数据
内服0.6s,内服,实测,642,10.700000,92.909200,D:\Codex\video-editing\new_0_6s_frames_123_895\outputs\019f8ec1-f4a5-7490-9fd1-54223c813e68\新0.6s_123-895_速度距离表.xlsx -> 数据
内服0.6s,内服,实测,643,10.716667,92.909200,D:\Codex\video-editing\new_0_6s_frames_123_895\outputs\019f8ec1-f4a5-7490-9fd1-54223c813e68\新0.6s_123-895_速度距离表.xlsx -> 数据
内服0.6s,内服,实测,644,10.733333,93.503200,D:\Codex\video-editing\new_0_6s_frames_123_895\outputs\019f8ec1-f4a5-7490-9fd1-54223c813e68\新0.6s_123-895_速度距离表.xlsx -> 数据
内服0.6s,内服,实测,645,10.750000,94.107200,D:\Codex\video-editing\new_0_6s_frames_123_895\outputs\019f8ec1-f4a5-7490-9fd1-54223c813e68\新0.6s_123-895_速度距离表.xlsx -> 数据
内服0.6s,内服,实测,646,10.766667,94.107200,D:\Codex\video-editing\new_0_6s_frames_123_895\outputs\019f8ec1-f4a5-7490-9fd1-54223c813e68\新0.6s_123-895_速度距离表.xlsx -> 数据
内服0.6s,内服,实测,647,10.783333,94.719200,D:\Codex\video-editing\new_0_6s_frames_123_895\outputs\019f8ec1-f4a5-7490-9fd1-54223c813e68\新0.6s_123-895_速度距离表.xlsx -> 数据
内服0.6s,内服,实测,648,10.800000,94.719200,D:\Codex\video-editing\new_0_6s_frames_123_895\outputs\019f8ec1-f4a5-7490-9fd1-54223c813e68\新0.6s_123-895_速度距离表.xlsx -> 数据
内服0.6s,内服,实测,649,10.816667,95.340200,D:\Codex\video-editing\new_0_6s_frames_123_895\outputs\019f8ec1-f4a5-7490-9fd1-54223c813e68\新0.6s_123-895_速度距离表.xlsx -> 数据
内服0.6s,内服,实测,650,10.833333,95.340200,D:\Codex\video-editing\new_0_6s_frames_123_895\outputs\019f8ec1-f4a5-7490-9fd1-54223c813e68\新0.6s_123-895_速度距离表.xlsx -> 数据
内服0.6s,内服,实测,651,10.850000,95.970200,D:\Codex\video-editing\new_0_6s_frames_123_895\outputs\019f8ec1-f4a5-7490-9fd1-54223c813e68\新0.6s_123-895_速度距离表.xlsx -> 数据
内服0.6s,内服,实测,652,10.866667,95.970200,D:\Codex\video-editing\new_0_6s_frames_123_895\outputs\019f8ec1-f4a5-7490-9fd1-54223c813e68\新0.6s_123-895_速度距离表.xlsx -> 数据
内服0.6s,内服,实测,653,10.883333,95.970200,D:\Codex\video-editing\new_0_6s_frames_123_895\outputs\019f8ec1-f4a5-7490-9fd1-54223c813e68\新0.6s_123-895_速度距离表.xlsx -> 数据
内服0.6s,内服,实测,654,10.900000,96.609200,D:\Codex\video-editing\new_0_6s_frames_123_895\outputs\019f8ec1-f4a5-7490-9fd1-54223c813e68\新0.6s_123-895_速度距离表.xlsx -> 数据
内服0.6s,内服,实测,655,10.916667,97.250200,D:\Codex\video-editing\new_0_6s_frames_123_895\outputs\019f8ec1-f4a5-7490-9fd1-54223c813e68\新0.6s_123-895_速度距离表.xlsx -> 数据
内服0.6s,内服,实测,656,10.933333,97.250200,D:\Codex\video-editing\new_0_6s_frames_123_895\outputs\019f8ec1-f4a5-7490-9fd1-54223c813e68\新0.6s_123-895_速度距离表.xlsx -> 数据
内服0.6s,内服,实测,657,10.950000,97.887200,D:\Codex\video-editing\new_0_6s_frames_123_895\outputs\019f8ec1-f4a5-7490-9fd1-54223c813e68\新0.6s_123-895_速度距离表.xlsx -> 数据
内服0.6s,内服,实测,658,10.966667,97.887200,D:\Codex\video-editing\new_0_6s_frames_123_895\outputs\019f8ec1-f4a5-7490-9fd1-54223c813e68\新0.6s_123-895_速度距离表.xlsx -> 数据
内服0.6s,内服,实测,659,10.983333,98.519200,D:\Codex\video-editing\new_0_6s_frames_123_895\outputs\019f8ec1-f4a5-7490-9fd1-54223c813e68\新0.6s_123-895_速度距离表.xlsx -> 数据
内服0.6s,内服,实测,660,11.000000,98.519200,D:\Codex\video-editing\new_0_6s_frames_123_895\outputs\019f8ec1-f4a5-7490-9fd1-54223c813e68\新0.6s_123-895_速度距离表.xlsx -> 数据
内服0.6s,内服,实测,661,11.016667,99.138200,D:\Codex\video-editing\new_0_6s_frames_123_895\outputs\019f8ec1-f4a5-7490-9fd1-54223c813e68\新0.6s_123-895_速度距离表.xlsx -> 数据
内服0.6s,内服,实测,662,11.033333,99.138200,D:\Codex\video-editing\new_0_6s_frames_123_895\outputs\019f8ec1-f4a5-7490-9fd1-54223c813e68\新0.6s_123-895_速度距离表.xlsx -> 数据
内服0.6s,内服,实测,663,11.050000,99.138200,D:\Codex\video-editing\new_0_6s_frames_123_895\outputs\019f8ec1-f4a5-7490-9fd1-54223c813e68\新0.6s_123-895_速度距离表.xlsx -> 数据
内服0.6s,内服,实测,664,11.066667,99.768200,D:\Codex\video-editing\new_0_6s_frames_123_895\outputs\019f8ec1-f4a5-7490-9fd1-54223c813e68\新0.6s_123-895_速度距离表.xlsx -> 数据
内服0.6s,内服,实测,665,11.083333,100.389200,D:\Codex\video-editing\new_0_6s_frames_123_895\outputs\019f8ec1-f4a5-7490-9fd1-54223c813e68\新0.6s_123-895_速度距离表.xlsx -> 数据
内服0.6s,内服,实测,666,11.100000,100.389200,D:\Codex\video-editing\new_0_6s_frames_123_895\outputs\019f8ec1-f4a5-7490-9fd1-54223c813e68\新0.6s_123-895_速度距离表.xlsx -> 数据
内服0.6s,内服,实测,667,11.116667,100.998200,D:\Codex\video-editing\new_0_6s_frames_123_895\outputs\019f8ec1-f4a5-7490-9fd1-54223c813e68\新0.6s_123-895_速度距离表.xlsx -> 数据
内服0.6s,内服,实测,668,11.133333,100.998200,D:\Codex\video-editing\new_0_6s_frames_123_895\outputs\019f8ec1-f4a5-7490-9fd1-54223c813e68\新0.6s_123-895_速度距离表.xlsx -> 数据
内服0.6s,内服,实测,669,11.150000,101.568200,D:\Codex\video-editing\new_0_6s_frames_123_895\outputs\019f8ec1-f4a5-7490-9fd1-54223c813e68\新0.6s_123-895_速度距离表.xlsx -> 数据
内服0.6s,内服,实测,670,11.166667,101.568200,D:\Codex\video-editing\new_0_6s_frames_123_895\outputs\019f8ec1-f4a5-7490-9fd1-54223c813e68\新0.6s_123-895_速度距离表.xlsx -> 数据
内服0.6s,内服,实测,671,11.183333,102.099200,D:\Codex\video-editing\new_0_6s_frames_123_895\outputs\019f8ec1-f4a5-7490-9fd1-54223c813e68\新0.6s_123-895_速度距离表.xlsx -> 数据
内服0.6s,内服,实测,672,11.200000,102.099200,D:\Codex\video-editing\new_0_6s_frames_123_895\outputs\019f8ec1-f4a5-7490-9fd1-54223c813e68\新0.6s_123-895_速度距离表.xlsx -> 数据
内服0.6s,内服,实测,673,11.216667,102.099200,D:\Codex\video-editing\new_0_6s_frames_123_895\outputs\019f8ec1-f4a5-7490-9fd1-54223c813e68\新0.6s_123-895_速度距离表.xlsx -> 数据
内服0.6s,内服,实测,674,11.233333,103.128200,D:\Codex\video-editing\new_0_6s_frames_123_895\outputs\019f8ec1-f4a5-7490-9fd1-54223c813e68\新0.6s_123-895_速度距离表.xlsx -> 数据
内服0.6s,内服,实测,675,11.250000,103.128200,D:\Codex\video-editing\new_0_6s_frames_123_895\outputs\019f8ec1-f4a5-7490-9fd1-54223c813e68\新0.6s_123-895_速度距离表.xlsx -> 数据
内服0.6s,内服,实测,676,11.266667,103.128200,D:\Codex\video-editing\new_0_6s_frames_123_895\outputs\019f8ec1-f4a5-7490-9fd1-54223c813e68\新0.6s_123-895_速度距离表.xlsx -> 数据
内服0.6s,内服,实测,677,11.283333,103.649200,D:\Codex\video-editing\new_0_6s_frames_123_895\outputs\019f8ec1-f4a5-7490-9fd1-54223c813e68\新0.6s_123-895_速度距离表.xlsx -> 数据
内服0.6s,内服,实测,678,11.300000,103.649200,D:\Codex\video-editing\new_0_6s_frames_123_895\outputs\019f8ec1-f4a5-7490-9fd1-54223c813e68\新0.6s_123-895_速度距离表.xlsx -> 数据
内服0.6s,内服,实测,679,11.316667,104.148200,D:\Codex\video-editing\new_0_6s_frames_123_895\outputs\019f8ec1-f4a5-7490-9fd1-54223c813e68\新0.6s_123-895_速度距离表.xlsx -> 数据
内服0.6s,内服,实测,680,11.333333,104.148200,D:\Codex\video-editing\new_0_6s_frames_123_895\outputs\019f8ec1-f4a5-7490-9fd1-54223c813e68\新0.6s_123-895_速度距离表.xlsx -> 数据
内服0.6s,内服,实测,681,11.350000,104.658200,D:\Codex\video-editing\new_0_6s_frames_123_895\outputs\019f8ec1-f4a5-7490-9fd1-54223c813e68\新0.6s_123-895_速度距离表.xlsx -> 数据
内服0.6s,内服,实测,682,11.366667,104.658200,D:\Codex\video-editing\new_0_6s_frames_123_895\outputs\019f8ec1-f4a5-7490-9fd1-54223c813e68\新0.6s_123-895_速度距离表.xlsx -> 数据
内服0.6s,内服,实测,683,11.383333,104.658200,D:\Codex\video-editing\new_0_6s_frames_123_895\outputs\019f8ec1-f4a5-7490-9fd1-54223c813e68\新0.6s_123-895_速度距离表.xlsx -> 数据
内服0.6s,内服,实测,684,11.400000,105.159200,D:\Codex\video-editing\new_0_6s_frames_123_895\outputs\019f8ec1-f4a5-7490-9fd1-54223c813e68\新0.6s_123-895_速度距离表.xlsx -> 数据
内服0.6s,内服,实测,685,11.416667,105.159200,D:\Codex\video-editing\new_0_6s_frames_123_895\outputs\019f8ec1-f4a5-7490-9fd1-54223c813e68\新0.6s_123-895_速度距离表.xlsx -> 数据
内服0.6s,内服,实测,686,11.433333,105.159200,D:\Codex\video-editing\new_0_6s_frames_123_895\outputs\019f8ec1-f4a5-7490-9fd1-54223c813e68\新0.6s_123-895_速度距离表.xlsx -> 数据
内服0.6s,内服,实测,687,11.450000,105.648200,D:\Codex\video-editing\new_0_6s_frames_123_895\outputs\019f8ec1-f4a5-7490-9fd1-54223c813e68\新0.6s_123-895_速度距离表.xlsx -> 数据
内服0.6s,内服,实测,688,11.466667,105.648200,D:\Codex\video-editing\new_0_6s_frames_123_895\outputs\019f8ec1-f4a5-7490-9fd1-54223c813e68\新0.6s_123-895_速度距离表.xlsx -> 数据
内服0.6s,内服,实测,689,11.483333,106.138200,D:\Codex\video-editing\new_0_6s_frames_123_895\outputs\019f8ec1-f4a5-7490-9fd1-54223c813e68\新0.6s_123-895_速度距离表.xlsx -> 数据
内服0.6s,内服,实测,690,11.500000,106.138200,D:\Codex\video-editing\new_0_6s_frames_123_895\outputs\019f8ec1-f4a5-7490-9fd1-54223c813e68\新0.6s_123-895_速度距离表.xlsx -> 数据
内服0.6s,内服,实测,691,11.516667,106.629200,D:\Codex\video-editing\new_0_6s_frames_123_895\outputs\019f8ec1-f4a5-7490-9fd1-54223c813e68\新0.6s_123-895_速度距离表.xlsx -> 数据
内服0.6s,内服,实测,692,11.533333,106.629200,D:\Codex\video-editing\new_0_6s_frames_123_895\outputs\019f8ec1-f4a5-7490-9fd1-54223c813e68\新0.6s_123-895_速度距离表.xlsx -> 数据
内服0.6s,内服,实测,693,11.550000,107.108200,D:\Codex\video-editing\new_0_6s_frames_123_895\outputs\019f8ec1-f4a5-7490-9fd1-54223c813e68\新0.6s_123-895_速度距离表.xlsx -> 数据
内服0.6s,内服,实测,694,11.566667,107.578200,D:\Codex\video-editing\new_0_6s_frames_123_895\outputs\019f8ec1-f4a5-7490-9fd1-54223c813e68\新0.6s_123-895_速度距离表.xlsx -> 数据
内服0.6s,内服,实测,695,11.583333,107.578200,D:\Codex\video-editing\new_0_6s_frames_123_895\outputs\019f8ec1-f4a5-7490-9fd1-54223c813e68\新0.6s_123-895_速度距离表.xlsx -> 数据
内服0.6s,内服,实测,696,11.600000,107.578200,D:\Codex\video-editing\new_0_6s_frames_123_895\outputs\019f8ec1-f4a5-7490-9fd1-54223c813e68\新0.6s_123-895_速度距离表.xlsx -> 数据
内服0.6s,内服,实测,697,11.616667,108.059200,D:\Codex\video-editing\new_0_6s_frames_123_895\outputs\019f8ec1-f4a5-7490-9fd1-54223c813e68\新0.6s_123-895_速度距离表.xlsx -> 数据
内服0.6s,内服,实测,698,11.633333,108.059200,D:\Codex\video-editing\new_0_6s_frames_123_895\outputs\019f8ec1-f4a5-7490-9fd1-54223c813e68\新0.6s_123-895_速度距离表.xlsx -> 数据
内服0.6s,内服,实测,699,11.650000,108.518200,D:\Codex\video-editing\new_0_6s_frames_123_895\outputs\019f8ec1-f4a5-7490-9fd1-54223c813e68\新0.6s_123-895_速度距离表.xlsx -> 数据
内服0.6s,内服,实测,700,11.666667,108.518200,D:\Codex\video-editing\new_0_6s_frames_123_895\outputs\019f8ec1-f4a5-7490-9fd1-54223c813e68\新0.6s_123-895_速度距离表.xlsx -> 数据
内服0.6s,内服,实测,701,11.683333,108.988200,D:\Codex\video-editing\new_0_6s_frames_123_895\outputs\019f8ec1-f4a5-7490-9fd1-54223c813e68\新0.6s_123-895_速度距离表.xlsx -> 数据
内服0.6s,内服,实测,702,11.700000,108.988200,D:\Codex\video-editing\new_0_6s_frames_123_895\outputs\019f8ec1-f4a5-7490-9fd1-54223c813e68\新0.6s_123-895_速度距离表.xlsx -> 数据
内服0.6s,内服,实测,703,11.716667,109.449200,D:\Codex\video-editing\new_0_6s_frames_123_895\outputs\019f8ec1-f4a5-7490-9fd1-54223c813e68\新0.6s_123-895_速度距离表.xlsx -> 数据
内服0.6s,内服,实测,704,11.733333,109.449200,D:\Codex\video-editing\new_0_6s_frames_123_895\outputs\019f8ec1-f4a5-7490-9fd1-54223c813e68\新0.6s_123-895_速度距离表.xlsx -> 数据
内服0.6s,内服,实测,705,11.750000,109.449200,D:\Codex\video-editing\new_0_6s_frames_123_895\outputs\019f8ec1-f4a5-7490-9fd1-54223c813e68\新0.6s_123-895_速度距离表.xlsx -> 数据
内服0.6s,内服,实测,706,11.766667,109.898200,D:\Codex\video-editing\new_0_6s_frames_123_895\outputs\019f8ec1-f4a5-7490-9fd1-54223c813e68\新0.6s_123-895_速度距离表.xlsx -> 数据
内服0.6s,内服,实测,707,11.783333,110.348200,D:\Codex\video-editing\new_0_6s_frames_123_895\outputs\019f8ec1-f4a5-7490-9fd1-54223c813e68\新0.6s_123-895_速度距离表.xlsx -> 数据
内服0.6s,内服,实测,708,11.800000,110.348200,D:\Codex\video-editing\new_0_6s_frames_123_895\outputs\019f8ec1-f4a5-7490-9fd1-54223c813e68\新0.6s_123-895_速度距离表.xlsx -> 数据
内服0.6s,内服,实测,709,11.816667,110.799200,D:\Codex\video-editing\new_0_6s_frames_123_895\outputs\019f8ec1-f4a5-7490-9fd1-54223c813e68\新0.6s_123-895_速度距离表.xlsx -> 数据
内服0.6s,内服,实测,710,11.833333,110.799200,D:\Codex\video-editing\new_0_6s_frames_123_895\outputs\019f8ec1-f4a5-7490-9fd1-54223c813e68\新0.6s_123-895_速度距离表.xlsx -> 数据
内服0.6s,内服,实测,711,11.850000,111.238200,D:\Codex\video-editing\new_0_6s_frames_123_895\outputs\019f8ec1-f4a5-7490-9fd1-54223c813e68\新0.6s_123-895_速度距离表.xlsx -> 数据
内服0.6s,内服,实测,712,11.866667,111.238200,D:\Codex\video-editing\new_0_6s_frames_123_895\outputs\019f8ec1-f4a5-7490-9fd1-54223c813e68\新0.6s_123-895_速度距离表.xlsx -> 数据
内服0.6s,内服,实测,713,11.883333,111.238200,D:\Codex\video-editing\new_0_6s_frames_123_895\outputs\019f8ec1-f4a5-7490-9fd1-54223c813e68\新0.6s_123-895_速度距离表.xlsx -> 数据
内服0.6s,内服,实测,714,11.900000,112.109200,D:\Codex\video-editing\new_0_6s_frames_123_895\outputs\019f8ec1-f4a5-7490-9fd1-54223c813e68\新0.6s_123-895_速度距离表.xlsx -> 数据
内服0.6s,内服,实测,715,11.916667,112.109200,D:\Codex\video-editing\new_0_6s_frames_123_895\outputs\019f8ec1-f4a5-7490-9fd1-54223c813e68\新0.6s_123-895_速度距离表.xlsx -> 数据
内服0.6s,内服,实测,716,11.933333,112.528200,D:\Codex\video-editing\new_0_6s_frames_123_895\outputs\019f8ec1-f4a5-7490-9fd1-54223c813e68\新0.6s_123-895_速度距离表.xlsx -> 数据
内服0.6s,内服,实测,717,11.950000,112.528200,D:\Codex\video-editing\new_0_6s_frames_123_895\outputs\019f8ec1-f4a5-7490-9fd1-54223c813e68\新0.6s_123-895_速度距离表.xlsx -> 数据
内服0.6s,内服,实测,718,11.966667,112.528200,D:\Codex\video-editing\new_0_6s_frames_123_895\outputs\019f8ec1-f4a5-7490-9fd1-54223c813e68\新0.6s_123-895_速度距离表.xlsx -> 数据
内服0.6s,内服,实测,719,11.983333,112.958200,D:\Codex\video-editing\new_0_6s_frames_123_895\outputs\019f8ec1-f4a5-7490-9fd1-54223c813e68\新0.6s_123-895_速度距离表.xlsx -> 数据
内服0.6s,内服,实测,720,12.000000,112.958200,D:\Codex\video-editing\new_0_6s_frames_123_895\outputs\019f8ec1-f4a5-7490-9fd1-54223c813e68\新0.6s_123-895_速度距离表.xlsx -> 数据
内服0.6s,内服,实测,721,12.016667,113.339200,D:\Codex\video-editing\new_0_6s_frames_123_895\outputs\019f8ec1-f4a5-7490-9fd1-54223c813e68\新0.6s_123-895_速度距离表.xlsx -> 数据
内服0.6s,内服,实测,722,12.033333,113.668200,D:\Codex\video-editing\new_0_6s_frames_123_895\outputs\019f8ec1-f4a5-7490-9fd1-54223c813e68\新0.6s_123-895_速度距离表.xlsx -> 数据
内服0.6s,内服,实测,723,12.050000,113.668200,D:\Codex\video-editing\new_0_6s_frames_123_895\outputs\019f8ec1-f4a5-7490-9fd1-54223c813e68\新0.6s_123-895_速度距离表.xlsx -> 数据
内服0.6s,内服,实测,724,12.066667,113.958200,D:\Codex\video-editing\new_0_6s_frames_123_895\outputs\019f8ec1-f4a5-7490-9fd1-54223c813e68\新0.6s_123-895_速度距离表.xlsx -> 数据
内服0.6s,内服,实测,725,12.083333,113.958200,D:\Codex\video-editing\new_0_6s_frames_123_895\outputs\019f8ec1-f4a5-7490-9fd1-54223c813e68\新0.6s_123-895_速度距离表.xlsx -> 数据
内服0.6s,内服,实测,726,12.100000,114.249200,D:\Codex\video-editing\new_0_6s_frames_123_895\outputs\019f8ec1-f4a5-7490-9fd1-54223c813e68\新0.6s_123-895_速度距离表.xlsx -> 数据
内服0.6s,内服,实测,727,12.116667,114.249200,D:\Codex\video-editing\new_0_6s_frames_123_895\outputs\019f8ec1-f4a5-7490-9fd1-54223c813e68\新0.6s_123-895_速度距离表.xlsx -> 数据
内服0.6s,内服,实测,728,12.133333,114.528200,D:\Codex\video-editing\new_0_6s_frames_123_895\outputs\019f8ec1-f4a5-7490-9fd1-54223c813e68\新0.6s_123-895_速度距离表.xlsx -> 数据
内服0.6s,内服,实测,729,12.150000,114.528200,D:\Codex\video-editing\new_0_6s_frames_123_895\outputs\019f8ec1-f4a5-7490-9fd1-54223c813e68\新0.6s_123-895_速度距离表.xlsx -> 数据
内服0.6s,内服,实测,730,12.166667,114.528200,D:\Codex\video-editing\new_0_6s_frames_123_895\outputs\019f8ec1-f4a5-7490-9fd1-54223c813e68\新0.6s_123-895_速度距离表.xlsx -> 数据
内服0.6s,内服,实测,731,12.183333,114.798200,D:\Codex\video-editing\new_0_6s_frames_123_895\outputs\019f8ec1-f4a5-7490-9fd1-54223c813e68\新0.6s_123-895_速度距离表.xlsx -> 数据
内服0.6s,内服,实测,732,12.200000,114.798200,D:\Codex\video-editing\new_0_6s_frames_123_895\outputs\019f8ec1-f4a5-7490-9fd1-54223c813e68\新0.6s_123-895_速度距离表.xlsx -> 数据
内服0.6s,内服,实测,733,12.216667,115.079200,D:\Codex\video-editing\new_0_6s_frames_123_895\outputs\019f8ec1-f4a5-7490-9fd1-54223c813e68\新0.6s_123-895_速度距离表.xlsx -> 数据
内服0.6s,内服,实测,734,12.233333,115.338200,D:\Codex\video-editing\new_0_6s_frames_123_895\outputs\019f8ec1-f4a5-7490-9fd1-54223c813e68\新0.6s_123-895_速度距离表.xlsx -> 数据
内服0.6s,内服,实测,735,12.250000,115.338200,D:\Codex\video-editing\new_0_6s_frames_123_895\outputs\019f8ec1-f4a5-7490-9fd1-54223c813e68\新0.6s_123-895_速度距离表.xlsx -> 数据
内服0.6s,内服,实测,736,12.266667,115.608200,D:\Codex\video-editing\new_0_6s_frames_123_895\outputs\019f8ec1-f4a5-7490-9fd1-54223c813e68\新0.6s_123-895_速度距离表.xlsx -> 数据
内服0.6s,内服,实测,737,12.283333,115.608200,D:\Codex\video-editing\new_0_6s_frames_123_895\outputs\019f8ec1-f4a5-7490-9fd1-54223c813e68\新0.6s_123-895_速度距离表.xlsx -> 数据
内服0.6s,内服,实测,738,12.300000,115.878200,D:\Codex\video-editing\new_0_6s_frames_123_895\outputs\019f8ec1-f4a5-7490-9fd1-54223c813e68\新0.6s_123-895_速度距离表.xlsx -> 数据
内服0.6s,内服,实测,739,12.316667,115.878200,D:\Codex\video-editing\new_0_6s_frames_123_895\outputs\019f8ec1-f4a5-7490-9fd1-54223c813e68\新0.6s_123-895_速度距离表.xlsx -> 数据
内服0.6s,内服,实测,740,12.333333,115.878200,D:\Codex\video-editing\new_0_6s_frames_123_895\outputs\019f8ec1-f4a5-7490-9fd1-54223c813e68\新0.6s_123-895_速度距离表.xlsx -> 数据
内服0.6s,内服,实测,741,12.350000,116.138200,D:\Codex\video-editing\new_0_6s_frames_123_895\outputs\019f8ec1-f4a5-7490-9fd1-54223c813e68\新0.6s_123-895_速度距离表.xlsx -> 数据
内服0.6s,内服,实测,742,12.366667,116.408200,D:\Codex\video-editing\new_0_6s_frames_123_895\outputs\019f8ec1-f4a5-7490-9fd1-54223c813e68\新0.6s_123-895_速度距离表.xlsx -> 数据
内服0.6s,内服,实测,743,12.383333,116.408200,D:\Codex\video-editing\new_0_6s_frames_123_895\outputs\019f8ec1-f4a5-7490-9fd1-54223c813e68\新0.6s_123-895_速度距离表.xlsx -> 数据
内服0.6s,内服,实测,744,12.400000,116.678200,D:\Codex\video-editing\new_0_6s_frames_123_895\outputs\019f8ec1-f4a5-7490-9fd1-54223c813e68\新0.6s_123-895_速度距离表.xlsx -> 数据
内服0.6s,内服,实测,745,12.416667,116.678200,D:\Codex\video-editing\new_0_6s_frames_123_895\outputs\019f8ec1-f4a5-7490-9fd1-54223c813e68\新0.6s_123-895_速度距离表.xlsx -> 数据
内服0.6s,内服,实测,746,12.433333,116.938200,D:\Codex\video-editing\new_0_6s_frames_123_895\outputs\019f8ec1-f4a5-7490-9fd1-54223c813e68\新0.6s_123-895_速度距离表.xlsx -> 数据
内服0.6s,内服,实测,747,12.450000,116.938200,D:\Codex\video-editing\new_0_6s_frames_123_895\outputs\019f8ec1-f4a5-7490-9fd1-54223c813e68\新0.6s_123-895_速度距离表.xlsx -> 数据
内服0.6s,内服,实测,748,12.466667,117.208200,D:\Codex\video-editing\new_0_6s_frames_123_895\outputs\019f8ec1-f4a5-7490-9fd1-54223c813e68\新0.6s_123-895_速度距离表.xlsx -> 数据
内服0.6s,内服,实测,749,12.483333,117.208200,D:\Codex\video-editing\new_0_6s_frames_123_895\outputs\019f8ec1-f4a5-7490-9fd1-54223c813e68\新0.6s_123-895_速度距离表.xlsx -> 数据
内服0.6s,内服,实测,750,12.500000,117.208200,D:\Codex\video-editing\new_0_6s_frames_123_895\outputs\019f8ec1-f4a5-7490-9fd1-54223c813e68\新0.6s_123-895_速度距离表.xlsx -> 数据
内服0.6s,内服,实测,751,12.516667,117.478200,D:\Codex\video-editing\new_0_6s_frames_123_895\outputs\019f8ec1-f4a5-7490-9fd1-54223c813e68\新0.6s_123-895_速度距离表.xlsx -> 数据
内服0.6s,内服,实测,752,12.533333,117.738200,D:\Codex\video-editing\new_0_6s_frames_123_895\outputs\019f8ec1-f4a5-7490-9fd1-54223c813e68\新0.6s_123-895_速度距离表.xlsx -> 数据
内服0.6s,内服,实测,753,12.550000,117.738200,D:\Codex\video-editing\new_0_6s_frames_123_895\outputs\019f8ec1-f4a5-7490-9fd1-54223c813e68\新0.6s_123-895_速度距离表.xlsx -> 数据
内服0.6s,内服,实测,754,12.566667,118.008200,D:\Codex\video-editing\new_0_6s_frames_123_895\outputs\019f8ec1-f4a5-7490-9fd1-54223c813e68\新0.6s_123-895_速度距离表.xlsx -> 数据
内服0.6s,内服,实测,755,12.583333,118.008200,D:\Codex\video-editing\new_0_6s_frames_123_895\outputs\019f8ec1-f4a5-7490-9fd1-54223c813e68\新0.6s_123-895_速度距离表.xlsx -> 数据
内服0.6s,内服,实测,756,12.600000,118.278200,D:\Codex\video-editing\new_0_6s_frames_123_895\outputs\019f8ec1-f4a5-7490-9fd1-54223c813e68\新0.6s_123-895_速度距离表.xlsx -> 数据
内服0.6s,内服,实测,757,12.616667,118.278200,D:\Codex\video-editing\new_0_6s_frames_123_895\outputs\019f8ec1-f4a5-7490-9fd1-54223c813e68\新0.6s_123-895_速度距离表.xlsx -> 数据
内服0.6s,内服,实测,758,12.633333,118.538200,D:\Codex\video-editing\new_0_6s_frames_123_895\outputs\019f8ec1-f4a5-7490-9fd1-54223c813e68\新0.6s_123-895_速度距离表.xlsx -> 数据
内服0.6s,内服,实测,759,12.650000,118.538200,D:\Codex\video-editing\new_0_6s_frames_123_895\outputs\019f8ec1-f4a5-7490-9fd1-54223c813e68\新0.6s_123-895_速度距离表.xlsx -> 数据
内服0.6s,内服,实测,760,12.666667,118.538200,D:\Codex\video-editing\new_0_6s_frames_123_895\outputs\019f8ec1-f4a5-7490-9fd1-54223c813e68\新0.6s_123-895_速度距离表.xlsx -> 数据
内服0.6s,内服,实测,761,12.683333,118.808200,D:\Codex\video-editing\new_0_6s_frames_123_895\outputs\019f8ec1-f4a5-7490-9fd1-54223c813e68\新0.6s_123-895_速度距离表.xlsx -> 数据
内服0.6s,内服,实测,762,12.700000,118.808200,D:\Codex\video-editing\new_0_6s_frames_123_895\outputs\019f8ec1-f4a5-7490-9fd1-54223c813e68\新0.6s_123-895_速度距离表.xlsx -> 数据
内服0.6s,内服,实测,763,12.716667,119.078200,D:\Codex\video-editing\new_0_6s_frames_123_895\outputs\019f8ec1-f4a5-7490-9fd1-54223c813e68\新0.6s_123-895_速度距离表.xlsx -> 数据
内服0.6s,内服,实测,764,12.733333,119.338200,D:\Codex\video-editing\new_0_6s_frames_123_895\outputs\019f8ec1-f4a5-7490-9fd1-54223c813e68\新0.6s_123-895_速度距离表.xlsx -> 数据
内服0.6s,内服,实测,765,12.750000,119.338200,D:\Codex\video-editing\new_0_6s_frames_123_895\outputs\019f8ec1-f4a5-7490-9fd1-54223c813e68\新0.6s_123-895_速度距离表.xlsx -> 数据
内服0.6s,内服,实测,766,12.766667,119.608200,D:\Codex\video-editing\new_0_6s_frames_123_895\outputs\019f8ec1-f4a5-7490-9fd1-54223c813e68\新0.6s_123-895_速度距离表.xlsx -> 数据
内服0.6s,内服,实测,767,12.783333,119.608200,D:\Codex\video-editing\new_0_6s_frames_123_895\outputs\019f8ec1-f4a5-7490-9fd1-54223c813e68\新0.6s_123-895_速度距离表.xlsx -> 数据
内服0.6s,内服,实测,768,12.800000,119.608200,D:\Codex\video-editing\new_0_6s_frames_123_895\outputs\019f8ec1-f4a5-7490-9fd1-54223c813e68\新0.6s_123-895_速度距离表.xlsx -> 数据
内服0.6s,内服,实测,769,12.816667,119.878200,D:\Codex\video-editing\new_0_6s_frames_123_895\outputs\019f8ec1-f4a5-7490-9fd1-54223c813e68\新0.6s_123-895_速度距离表.xlsx -> 数据
内服0.6s,内服,实测,770,12.833333,120.138200,D:\Codex\video-editing\new_0_6s_frames_123_895\outputs\019f8ec1-f4a5-7490-9fd1-54223c813e68\新0.6s_123-895_速度距离表.xlsx -> 数据
内服0.6s,内服,实测,771,12.850000,120.138200,D:\Codex\video-editing\new_0_6s_frames_123_895\outputs\019f8ec1-f4a5-7490-9fd1-54223c813e68\新0.6s_123-895_速度距离表.xlsx -> 数据
内服0.6s,内服,实测,772,12.866667,120.408200,D:\Codex\video-editing\new_0_6s_frames_123_895\outputs\019f8ec1-f4a5-7490-9fd1-54223c813e68\新0.6s_123-895_速度距离表.xlsx -> 数据
内服0.6s,内服,外推,0,12.866667,120.408200,D:\Codex\video-editing\new_0_6s_frames_123_895\outputs\019f8ec1-f4a5-7490-9fd1-54223c813e68\新0.6s_123-895_速度距离表.xlsx -> 数据
内服0.6s,内服,外推,1,13.133333,122.903707,D:\Codex\video-editing\new_0_6s_frames_123_895\outputs\019f8ec1-f4a5-7490-9fd1-54223c813e68\新0.6s_123-895_速度距离表.xlsx -> 数据
内服0.6s,内服,外推,2,13.400000,125.399213,D:\Codex\video-editing\new_0_6s_frames_123_895\outputs\019f8ec1-f4a5-7490-9fd1-54223c813e68\新0.6s_123-895_速度距离表.xlsx -> 数据
内服0.6s,内服,外推,3,13.666667,127.894720,D:\Codex\video-editing\new_0_6s_frames_123_895\outputs\019f8ec1-f4a5-7490-9fd1-54223c813e68\新0.6s_123-895_速度距离表.xlsx -> 数据
内服0.6s,内服,外推,4,13.933333,130.390227,D:\Codex\video-editing\new_0_6s_frames_123_895\outputs\019f8ec1-f4a5-7490-9fd1-54223c813e68\新0.6s_123-895_速度距离表.xlsx -> 数据
内服0.6s,内服,外推,5,14.200000,132.885734,D:\Codex\video-editing\new_0_6s_frames_123_895\outputs\019f8ec1-f4a5-7490-9fd1-54223c813e68\新0.6s_123-895_速度距离表.xlsx -> 数据
内服0.6s,内服,外推,6,14.466667,135.381240,D:\Codex\video-editing\new_0_6s_frames_123_895\outputs\019f8ec1-f4a5-7490-9fd1-54223c813e68\新0.6s_123-895_速度距离表.xlsx -> 数据
内服0.6s,内服,外推,7,14.733333,137.876747,D:\Codex\video-editing\new_0_6s_frames_123_895\outputs\019f8ec1-f4a5-7490-9fd1-54223c813e68\新0.6s_123-895_速度距离表.xlsx -> 数据
内服0.6s,内服,外推,8,15.000000,140.372254,D:\Codex\video-editing\new_0_6s_frames_123_895\outputs\019f8ec1-f4a5-7490-9fd1-54223c813e68\新0.6s_123-895_速度距离表.xlsx -> 数据
